line_cd,line_name,stations,bbox,station_pixels
11101,JR函館本線(函館～長万部),"[(1110101, '函館'), (1110102, '五稜郭'), (1110103, '桔梗'), (1110104, '大中山'), (1110105, '七飯'), (1110106, '新函館北斗'), (1110107, '仁山'), (1110108, '大沼'), (1110109, '大沼公園'), (1110110, '赤井川'), (1110111, '駒ケ岳'), (1110112, '東山'), (1110113, '姫川'), (1110114, '池田園'), (1110115, '流山温泉'), (1110116, '銚子口'), (1110117, '鹿部'), (1110118, '渡島沼尻'), (1110119, '渡島砂原'), (1110120, '掛澗'), (1110121, '尾白内'), (1110122, '東森'), (1110123, '森'), (1110124, '桂川'), (1110125, '石谷'), (1110126, '本石倉'), (1110127, '石倉'), (1110128, '落部'), (1110129, '野田生'), (1110130, '山越'), (1110131, '八雲'), (1110132, '鷲ノ巣'), (1110133, '山崎'), (1110134, '黒岩'), (1110135, '北豊津'), (1110136, '国縫'), (1110137, '中ノ沢'), (1110138, '長万部')]","436.707,112.741,448.212,136.065","[{'station_cd': 1110101, 'x': 85, 'y': 122}, {'station_cd': 1110102, 'x': 86, 'y': 117}, {'station_cd': 1110103, 'x': 85, 'y': 111}, {'station_cd': 1110104, 'x': 84, 'y': 108}, {'station_cd': 1110105, 'x': 82, 'y': 104}, {'station_cd': 1110106, 'x': 77, 'y': 101}, {'station_cd': 1110107, 'x': 76, 'y': 97}, {'station_cd': 1110108, 'x': 80, 'y': 91}, {'station_cd': 1110109, 'x': 80, 'y': 90}, {'station_cd': 1110110, 'x': 77, 'y': 86}, {'station_cd': 1110111, 'x': 74, 'y': 81}, {'station_cd': 1110112, 'x': 73, 'y': 77}, {'station_cd': 1110113, 'x': 72, 'y': 74}, {'station_cd': 1110114, 'x': 83, 'y': 89}, {'station_cd': 1110115, 'x': 85, 'y': 87}, {'station_cd': 1110116, 'x': 86, 'y': 85}, {'station_cd': 1110117, 'x': 91, 'y': 78}, {'station_cd': 1110118, 'x': 89, 'y': 71}, {'station_cd': 1110119, 'x': 82, 'y': 69}, {'station_cd': 1110120, 'x': 78, 'y': 69}, {'station_cd': 1110121, 'x': 74, 'y': 70}, {'station_cd': 1110122, 'x': 72, 'y': 70}, {'station_cd': 1110123, 'x': 70, 'y': 70}, {'station_cd': 1110124, 'x': 66, 'y': 68}, {'station_cd': 1110125, 'x': 62, 'y': 65}, {'station_cd': 1110126, 'x': 59, 'y': 61}, {'station_cd': 1110127, 'x': 57, 'y': 59}, {'station_cd': 1110128, 'x': 53, 'y': 56}, {'station_cd': 1110129, 'x': 48, 'y': 52}, {'station_cd': 1110130, 'x': 43, 'y': 49}, {'station_cd': 1110131, 'x': 37, 'y': 45}, {'station_cd': 1110132, 'x': 37, 'y': 42}, {'station_cd': 1110133, 'x': 37, 'y': 36}, {'station_cd': 1110134, 'x': 39, 'y': 28}, {'station_cd': 1110135, 'x': 40, 'y': 23}, {'station_cd': 1110136, 'x': 43, 'y': 17}, {'station_cd': 1110137, 'x': 46, 'y': 12}, {'station_cd': 1110138, 'x': 49, 'y': 7}]"
11102,JR函館本線(長万部～小樽),"[(1110201, '長万部'), (1110202, '二股'), (1110203, '蕨岱'), (1110204, '黒松内'), (1110205, '熱郛'), (1110206, '目名'), (1110207, '蘭越'), (1110208, '昆布'), (1110209, 'ニセコ'), (1110210, '比羅夫'), (1110211, '倶知安'), (1110212, '小沢'), (1110213, '銀山'), (1110214, '然別'), (1110215, '仁木'), (1110216, '余市'), (1110217, '蘭島'), (1110218, '塩谷'), (1110219, '小樽')]","437.655,93.663,453.238,115.766","[{'station_cd': 1110201, 'x': 31, 'y': 117}, {'station_cd': 1110202, 'x': 25, 'y': 107}, {'station_cd': 1110203, 'x': 24, 'y': 99}, {'station_cd': 1110204, 'x': 23, 'y': 92}, {'station_cd': 1110205, 'x': 32, 'y': 91}, {'station_cd': 1110206, 'x': 42, 'y': 78}, {'station_cd': 1110207, 'x': 50, 'y': 72}, {'station_cd': 1110208, 'x': 58, 'y': 73}, {'station_cd': 1110209, 'x': 68, 'y': 72}, {'station_cd': 1110210, 'x': 72, 'y': 66}, {'station_cd': 1110211, 'x': 75, 'y': 58}, {'station_cd': 1110212, 'x': 68, 'y': 46}, {'station_cd': 1110213, 'x': 72, 'y': 35}, {'station_cd': 1110214, 'x': 75, 'y': 22}, {'station_cd': 1110215, 'x': 79, 'y': 17}, {'station_cd': 1110216, 'x': 82, 'y': 12}, {'station_cd': 1110217, 'x': 89, 'y': 11}, {'station_cd': 1110218, 'x': 97, 'y': 11}, {'station_cd': 1110219, 'x': 105, 'y': 12}]"
11103,JR函館本線(小樽～旭川),"[(1110301, '小樽'), (1110302, '南小樽'), (1110303, '小樽築港'), (1110304, '朝里'), (1110305, '銭函'), (1110306, 'ほしみ'), (1110307, '星置'), (1110308, '稲穂'), (1110309, '手稲'), (1110310, '稲積公園'), (1110311, '発寒'), (1110312, '発寒中央'), (1110313, '琴似'), (1110314, '桑園'), (1110315, '札幌'), (1110316, '苗穂'), (1110317, '白石'), (1110318, '厚別'), (1110319, '森林公園'), (1110320, '大麻'), (1110321, '野幌'), (1110322, '高砂'), (1110323, '江別'), (1110324, '豊幌'), (1110325, '幌向'), (1110326, '上幌向'), (1110327, '岩見沢'), (1110328, '峰延'), (1110329, '光珠内'), (1110330, '美唄'), (1110331, '茶志内'), (1110332, '奈井江'), (1110333, '豊沼'), (1110334, '砂川'), (1110335, '滝川'), (1110336, '江部乙'), (1110337, '妹背牛'), (1110338, '深川'), (1110339, '納内'), (1110340, '伊納'), (1110341, '近文'), (1110342, '旭川')]","451.054,78.141,481.565,102.885","[{'station_cd': 1110301, 'x': 6, 'y': 86}, {'station_cd': 1110302, 'x': 7, 'y': 87}, {'station_cd': 1110303, 'x': 9, 'y': 88}, {'station_cd': 1110304, 'x': 12, 'y': 89}, {'station_cd': 1110305, 'x': 20, 'y': 93}, {'station_cd': 1110306, 'x': 23, 'y': 94}, {'station_cd': 1110307, 'x': 24, 'y': 95}, {'station_cd': 1110308, 'x': 25, 'y': 95}, {'station_cd': 1110309, 'x': 27, 'y': 96}, {'station_cd': 1110310, 'x': 28, 'y': 97}, {'station_cd': 1110311, 'x': 30, 'y': 99}, {'station_cd': 1110312, 'x': 31, 'y': 100}, {'station_cd': 1110313, 'x': 32, 'y': 101}, {'station_cd': 1110314, 'x': 34, 'y': 102}, {'station_cd': 1110315, 'x': 36, 'y': 103}, {'station_cd': 1110316, 'x': 38, 'y': 103}, {'station_cd': 1110317, 'x': 41, 'y': 105}, {'station_cd': 1110318, 'x': 45, 'y': 106}, {'station_cd': 1110319, 'x': 47, 'y': 105}, {'station_cd': 1110320, 'x': 48, 'y': 103}, {'station_cd': 1110321, 'x': 51, 'y': 101}, {'station_cd': 1110322, 'x': 52, 'y': 100}, {'station_cd': 1110323, 'x': 53, 'y': 99}, {'station_cd': 1110324, 'x': 59, 'y': 96}, {'station_cd': 1110325, 'x': 62, 'y': 95}, {'station_cd': 1110326, 'x': 67, 'y': 92}, {'station_cd': 1110327, 'x': 71, 'y': 89}, {'station_cd': 1110328, 'x': 75, 'y': 83}, {'station_cd': 1110329, 'x': 78, 'y': 79}, {'station_cd': 1110330, 'x': 79, 'y': 75}, {'station_cd': 1110331, 'x': 80, 'y': 71}, {'station_cd': 1110332, 'x': 82, 'y': 64}, {'station_cd': 1110333, 'x': 83, 'y': 60}, {'station_cd': 1110334, 'x': 84, 'y': 56}, {'station_cd': 1110335, 'x': 83, 'y': 49}, {'station_cd': 1110336, 'x': 86, 'y': 41}, {'station_cd': 1110337, 'x': 89, 'y': 34}, {'station_cd': 1110338, 'x': 95, 'y': 31}, {'station_cd': 1110339, 'x': 103, 'y': 30}, {'station_cd': 1110340, 'x': 115, 'y': 27}, {'station_cd': 1110341, 'x': 119, 'y': 24}, {'station_cd': 1110342, 'x': 122, 'y': 27}]"
11104,JR室蘭本線(長万部・室蘭～苫小牧),"[(1110401, '長万部'), (1110402, '静狩'), (1110403, '小幌'), (1110404, '礼文'), (1110405, '大岸'), (1110406, '豊浦'), (1110407, '洞爺'), (1110408, '有珠'), (1110409, '長和'), (1110410, '伊達紋別'), (1110411, '北舟岡'), (1110412, '稀府'), (1110413, '黄金'), (1110414, '崎守'), (1110415, '本輪西'), (1110416, '室蘭'), (1110417, '母恋'), (1110418, '御崎'), (1110419, '輪西'), (1110420, '東室蘭'), (1110421, '鷲別'), (1110422, '幌別'), (1110423, '富浦'), (1110424, '登別'), (1110425, '虎杖浜'), (1110426, '竹浦'), (1110427, '北吉原'), (1110428, '萩野'), (1110429, '白老'), (1110430, '社台'), (1110431, '錦岡'), (1110432, '糸井'), (1110433, '青葉'), (1110434, '苫小牧')]","438.410,109.875,465.523,121.516","[{'station_cd': 1110401, 'x': 6, 'y': 56}, {'station_cd': 1110402, 'x': 15, 'y': 47}, {'station_cd': 1110403, 'x': 22, 'y': 47}, {'station_cd': 1110404, 'x': 27, 'y': 48}, {'station_cd': 1110405, 'x': 31, 'y': 48}, {'station_cd': 1110406, 'x': 39, 'y': 49}, {'station_cd': 1110407, 'x': 43, 'y': 53}, {'station_cd': 1110408, 'x': 46, 'y': 58}, {'station_cd': 1110409, 'x': 50, 'y': 62}, {'station_cd': 1110410, 'x': 52, 'y': 64}, {'station_cd': 1110411, 'x': 54, 'y': 67}, {'station_cd': 1110412, 'x': 56, 'y': 70}, {'station_cd': 1110413, 'x': 56, 'y': 76}, {'station_cd': 1110414, 'x': 58, 'y': 77}, {'station_cd': 1110415, 'x': 63, 'y': 80}, {'station_cd': 1110416, 'x': 63, 'y': 85}, {'station_cd': 1110417, 'x': 64, 'y': 85}, {'station_cd': 1110418, 'x': 64, 'y': 84}, {'station_cd': 1110419, 'x': 65, 'y': 83}, {'station_cd': 1110420, 'x': 67, 'y': 81}, {'station_cd': 1110421, 'x': 69, 'y': 80}, {'station_cd': 1110422, 'x': 75, 'y': 74}, {'station_cd': 1110423, 'x': 80, 'y': 70}, {'station_cd': 1110424, 'x': 82, 'y': 69}, {'station_cd': 1110425, 'x': 86, 'y': 67}, {'station_cd': 1110426, 'x': 90, 'y': 64}, {'station_cd': 1110427, 'x': 92, 'y': 62}, {'station_cd': 1110428, 'x': 94, 'y': 60}, {'station_cd': 1110429, 'x': 100, 'y': 56}, {'station_cd': 1110430, 'x': 105, 'y': 54}, {'station_cd': 1110431, 'x': 112, 'y': 51}, {'station_cd': 1110432, 'x': 117, 'y': 49}, {'station_cd': 1110433, 'x': 119, 'y': 48}, {'station_cd': 1110434, 'x': 122, 'y': 47}]"
11105,JR室蘭本線(苫小牧～岩見沢),"[(1110501, '苫小牧'), (1110502, '沼ノ端'), (1110503, '遠浅'), (1110504, '早来'), (1110505, '安平'), (1110506, '追分'), (1110507, '三川'), (1110508, '古山'), (1110509, '由仁'), (1110510, '栗山'), (1110511, '栗丘'), (1110512, '栗沢'), (1110513, '志文'), (1110514, '岩見沢')]","461.737,95.530,471.737,113.128","[{'station_cd': 1110501, 'x': 46, 'y': 120}, {'station_cd': 1110502, 'x': 60, 'y': 114}, {'station_cd': 1110503, 'x': 72, 'y': 103}, {'station_cd': 1110504, 'x': 78, 'y': 97}, {'station_cd': 1110505, 'x': 80, 'y': 87}, {'station_cd': 1110506, 'x': 78, 'y': 75}, {'station_cd': 1110507, 'x': 77, 'y': 60}, {'station_cd': 1110508, 'x': 76, 'y': 54}, {'station_cd': 1110509, 'x': 75, 'y': 46}, {'station_cd': 1110510, 'x': 74, 'y': 37}, {'station_cd': 1110511, 'x': 70, 'y': 31}, {'station_cd': 1110512, 'x': 69, 'y': 24}, {'station_cd': 1110513, 'x': 70, 'y': 16}, {'station_cd': 1110514, 'x': 72, 'y': 7}]"
11106,JR根室本線(滝川～富良野),"[(1110601, '滝川'), (1110602, '東滝川'), (1110603, '赤平'), (1110604, '茂尻'), (1110605, '平岸'), (1110606, '芦別'), (1110607, '上芦別'), (1110608, '野花南'), (1110609, '島ノ下'), (1110610, '富良野'), (1110611, '布部'), (1110612, '山部'), (1110613, '下金山'), (1110614, '金山'), (1110615, '東鹿越'), (1110616, '幾寅'), (1110617, '落合'), (1110618, '新得')]","469.681,85.706,490.507,102.097","[{'station_cd': 1110601, 'x': 7, 'y': 21}, {'station_cd': 1110602, 'x': 17, 'y': 19}, {'station_cd': 1110603, 'x': 26, 'y': 23}, {'station_cd': 1110604, 'x': 30, 'y': 26}, {'station_cd': 1110605, 'x': 35, 'y': 26}, {'station_cd': 1110606, 'x': 42, 'y': 30}, {'station_cd': 1110607, 'x': 45, 'y': 35}, {'station_cd': 1110608, 'x': 52, 'y': 38}, {'station_cd': 1110609, 'x': 62, 'y': 56}, {'station_cd': 1110610, 'x': 67, 'y': 61}, {'station_cd': 1110611, 'x': 68, 'y': 70}, {'station_cd': 1110612, 'x': 66, 'y': 78}, {'station_cd': 1110613, 'x': 70, 'y': 87}, {'station_cd': 1110614, 'x': 69, 'y': 97}, {'station_cd': 1110615, 'x': 83, 'y': 93}, {'station_cd': 1110616, 'x': 88, 'y': 94}, {'station_cd': 1110617, 'x': 101, 'y': 101}, {'station_cd': 1110618, 'x': 120, 'y': 110}]"
11107,JR根室本線(新得～釧路),"[(1110701, '新得'), (1110702, '十勝清水'), (1110703, '羽帯'), (1110704, '御影'), (1110705, '芽室'), (1110706, '大成'), (1110707, '西帯広'), (1110708, '柏林台'), (1110709, '帯広'), (1110710, '札内'), (1110711, '稲士別'), (1110712, '幕別'), (1110713, '利別'), (1110714, '池田'), (1110715, '十弗'), (1110716, '豊頃'), (1110717, '新吉野'), (1110718, '浦幌'), (1110719, '上厚内'), (1110720, '厚内'), (1110721, '直別'), (1110722, '尺別'), (1110723, '音別'), (1110724, '古瀬'), (1110725, '白糠'), (1110726, '西庶路'), (1110727, '庶路'), (1110728, '大楽毛'), (1110729, '新大楽毛'), (1110730, '新富士'), (1110731, '釧路')]","487.551,100.826,521.873,112.391","[{'station_cd': 1110701, 'x': 6, 'y': 44}, {'station_cd': 1110702, 'x': 10, 'y': 52}, {'station_cd': 1110703, 'x': 12, 'y': 58}, {'station_cd': 1110704, 'x': 14, 'y': 59}, {'station_cd': 1110705, 'x': 22, 'y': 63}, {'station_cd': 1110706, 'x': 24, 'y': 63}, {'station_cd': 1110707, 'x': 28, 'y': 62}, {'station_cd': 1110708, 'x': 31, 'y': 62}, {'station_cd': 1110709, 'x': 34, 'y': 63}, {'station_cd': 1110710, 'x': 38, 'y': 64}, {'station_cd': 1110711, 'x': 41, 'y': 65}, {'station_cd': 1110712, 'x': 45, 'y': 65}, {'station_cd': 1110713, 'x': 50, 'y': 63}, {'station_cd': 1110714, 'x': 52, 'y': 64}, {'station_cd': 1110715, 'x': 56, 'y': 71}, {'station_cd': 1110716, 'x': 59, 'y': 75}, {'station_cd': 1110717, 'x': 64, 'y': 80}, {'station_cd': 1110718, 'x': 67, 'y': 77}, {'station_cd': 1110719, 'x': 74, 'y': 75}, {'station_cd': 1110720, 'x': 79, 'y': 78}, {'station_cd': 1110721, 'x': 83, 'y': 73}, {'station_cd': 1110722, 'x': 86, 'y': 72}, {'station_cd': 1110723, 'x': 88, 'y': 70}, {'station_cd': 1110724, 'x': 94, 'y': 64}, {'station_cd': 1110725, 'x': 99, 'y': 64}, {'station_cd': 1110726, 'x': 103, 'y': 62}, {'station_cd': 1110727, 'x': 105, 'y': 61}, {'station_cd': 1110728, 'x': 114, 'y': 59}, {'station_cd': 1110729, 'x': 116, 'y': 59}, {'station_cd': 1110730, 'x': 120, 'y': 60}, {'station_cd': 1110731, 'x': 122, 'y': 62}]"
11108,花咲線,"[(1110801, '釧路'), (1110802, '東釧路'), (1110803, '武佐'), (1110804, '別保'), (1110805, '上尾幌'), (1110806, '尾幌'), (1110807, '門静'), (1110808, '厚岸'), (1110809, '糸魚沢'), (1110810, '茶内'), (1110811, '浜中'), (1110812, '姉別'), (1110813, '厚床'), (1110814, '初田牛'), (1110815, '別当賀'), (1110816, '落石'), (1110817, '昆布盛'), (1110818, '西和田'), (1110819, '花咲'), (1110820, '東根室'), (1110821, '根室')]","519.035,96.063,546.013,108.121","[{'station_cd': 1110801, 'x': 6, 'y': 82}, {'station_cd': 1110802, 'x': 9, 'y': 82}, {'station_cd': 1110803, 'x': 10, 'y': 83}, {'station_cd': 1110804, 'x': 14, 'y': 82}, {'station_cd': 1110805, 'x': 28, 'y': 78}, {'station_cd': 1110806, 'x': 36, 'y': 81}, {'station_cd': 1110807, 'x': 44, 'y': 76}, {'station_cd': 1110808, 'x': 50, 'y': 77}, {'station_cd': 1110809, 'x': 58, 'y': 71}, {'station_cd': 1110810, 'x': 68, 'y': 68}, {'station_cd': 1110811, 'x': 74, 'y': 65}, {'station_cd': 1110812, 'x': 84, 'y': 60}, {'station_cd': 1110813, 'x': 89, 'y': 56}, {'station_cd': 1110814, 'x': 96, 'y': 60}, {'station_cd': 1110815, 'x': 105, 'y': 59}, {'station_cd': 1110816, 'x': 114, 'y': 62}, {'station_cd': 1110817, 'x': 117, 'y': 58}, {'station_cd': 1110818, 'x': 117, 'y': 53}, {'station_cd': 1110819, 'x': 120, 'y': 50}, {'station_cd': 1110820, 'x': 122, 'y': 46}, {'station_cd': 1110821, 'x': 121, 'y': 46}]"
11109,JR千歳線,"[(1110901, '苫小牧'), (1110902, '沼ノ端'), (1110903, '植苗'), (1110904, '美々'), (1110905, '新千歳空港'), (1110906, '南千歳'), (1110907, '千歳'), (1110908, '長都'), (1110909, 'サッポロビール庭園'), (1110910, '恵庭'), (1110911, '恵み野'), (1110912, '島松'), (1110913, '北広島'), (1110914, '上野幌'), (1110915, '新札幌'), (1110916, '平和'), (1110917, '白石'), (1110918, '苗穂'), (1110919, '札幌')]","458.334,99.151,468.334,112.830","[{'station_cd': 1110901, 'x': 73, 'y': 120}, {'station_cd': 1110902, 'x': 91, 'y': 113}, {'station_cd': 1110903, 'x': 99, 'y': 103}, {'station_cd': 1110904, 'x': 95, 'y': 86}, {'station_cd': 1110905, 'x': 89, 'y': 83}, {'station_cd': 1110906, 'x': 89, 'y': 78}, {'station_cd': 1110907, 'x': 84, 'y': 72}, {'station_cd': 1110908, 'x': 79, 'y': 66}, {'station_cd': 1110909, 'x': 76, 'y': 61}, {'station_cd': 1110910, 'x': 72, 'y': 57}, {'station_cd': 1110911, 'x': 70, 'y': 52}, {'station_cd': 1110912, 'x': 70, 'y': 47}, {'station_cd': 1110913, 'x': 68, 'y': 32}, {'station_cd': 1110914, 'x': 54, 'y': 21}, {'station_cd': 1110915, 'x': 52, 'y': 15}, {'station_cd': 1110916, 'x': 45, 'y': 13}, {'station_cd': 1110917, 'x': 41, 'y': 10}, {'station_cd': 1110918, 'x': 33, 'y': 6}, {'station_cd': 1110919, 'x': 29, 'y': 6}]"
11110,JR石勝線,"[(1111001, '南千歳'), (1111002, '追分'), (1111003, '東追分'), (1111004, '川端'), (1111005, '滝ノ上'), (1111006, '十三里'), (1111007, '新夕張'), (1111008, '沼ノ沢'), (1111009, '南清水沢'), (1111010, '清水沢'), (1111011, '鹿ノ谷'), (1111012, '夕張'), (1111013, '占冠'), (1111014, 'トマム'), (1111015, '新得')]","464.792,99.359,490.449,109.440","[{'station_cd': 1111001, 'x': 6, 'y': 79}, {'station_cd': 1111002, 'x': 20, 'y': 71}, {'station_cd': 1111003, 'x': 22, 'y': 67}, {'station_cd': 1111004, 'x': 28, 'y': 66}, {'station_cd': 1111005, 'x': 36, 'y': 67}, {'station_cd': 1111006, 'x': 41, 'y': 67}, {'station_cd': 1111007, 'x': 42, 'y': 64}, {'station_cd': 1111008, 'x': 42, 'y': 61}, {'station_cd': 1111009, 'x': 39, 'y': 57}, {'station_cd': 1111010, 'x': 40, 'y': 55}, {'station_cd': 1111011, 'x': 35, 'y': 49}, {'station_cd': 1111012, 'x': 36, 'y': 47}, {'station_cd': 1111013, 'x': 79, 'y': 58}, {'station_cd': 1111014, 'x': 100, 'y': 51}, {'station_cd': 1111015, 'x': 122, 'y': 49}]"
11111,JR日高本線,"[(1111101, '苫小牧'), (1111102, '勇払'), (1111103, '浜厚真'), (1111104, '浜田浦'), (1111105, '鵡川'), (1111106, '汐見'), (1111107, '富川'), (1111108, '日高門別'), (1111109, '豊郷'), (1111110, '清畠'), (1111111, '厚賀'), (1111112, '大狩部'), (1111113, '節婦'), (1111114, '新冠'), (1111115, '静内'), (1111116, '静内海水浴場'), (1111117, '東静内'), (1111118, '春立'), (1111119, '日高東別'), (1111120, '日高三石'), (1111121, '蓬栄'), (1111122, '本桐'), (1111123, '荻伏'), (1111124, '絵笛'), (1111125, '浦河'), (1111126, '東町'), (1111127, '日高幌別'), (1111128, '鵜苫'), (1111129, '西様似'), (1111130, '様似')]","462.646,111.225,492.461,128.827","[{'station_cd': 1111101, 'x': 7, 'y': 30}, {'station_cd': 1111102, 'x': 18, 'y': 31}, {'station_cd': 1111103, 'x': 28, 'y': 35}, {'station_cd': 1111104, 'x': 32, 'y': 37}, {'station_cd': 1111105, 'x': 35, 'y': 39}, {'station_cd': 1111106, 'x': 37, 'y': 42}, {'station_cd': 1111107, 'x': 43, 'y': 47}, {'station_cd': 1111108, 'x': 48, 'y': 51}, {'station_cd': 1111109, 'x': 52, 'y': 53}, {'station_cd': 1111110, 'x': 56, 'y': 55}, {'station_cd': 1111111, 'x': 60, 'y': 58}, {'station_cd': 1111112, 'x': 63, 'y': 63}, {'station_cd': 1111113, 'x': 65, 'y': 64}, {'station_cd': 1111114, 'x': 68, 'y': 67}, {'station_cd': 1111115, 'x': 72, 'y': 70}, {'station_cd': 1111116, 'x': 75, 'y': 73}, {'station_cd': 1111117, 'x': 80, 'y': 75}, {'station_cd': 1111118, 'x': 84, 'y': 79}, {'station_cd': 1111119, 'x': 86, 'y': 78}, {'station_cd': 1111120, 'x': 89, 'y': 82}, {'station_cd': 1111121, 'x': 93, 'y': 80}, {'station_cd': 1111122, 'x': 95, 'y': 82}, {'station_cd': 1111123, 'x': 100, 'y': 88}, {'station_cd': 1111124, 'x': 104, 'y': 89}, {'station_cd': 1111125, 'x': 107, 'y': 93}, {'station_cd': 1111126, 'x': 108, 'y': 94}, {'station_cd': 1111127, 'x': 112, 'y': 96}, {'station_cd': 1111128, 'x': 116, 'y': 97}, {'station_cd': 1111129, 'x': 119, 'y': 97}, {'station_cd': 1111130, 'x': 121, 'y': 98}]"
11112,JR札沼線,"[(1111201, '札幌'), (1111202, '桑園'), (1111203, '八軒'), (1111204, '新川'), (1111205, '新琴似'), (1111206, '太平'), (1111207, '百合が原'), (1111208, '篠路'), (1111209, '拓北'), (1111210, 'あいの里教育大'), (1111211, 'あいの里公園'), (1111231, 'ロイズタウン'), (1111212, '太美'), (1111213, '当別'), (1111214, '北海道医療大学'), (1111215, '石狩金沢'), (1111216, '本中小屋'), (1111217, '中小屋'), (1111218, '月ケ岡'), (1111219, '知来乙'), (1111220, '石狩月形'), (1111221, '豊ケ岡'), (1111222, '札比内'), (1111223, '晩生内'), (1111224, '札的'), (1111225, '浦臼'), (1111226, '鶴沼'), (1111227, '於札内'), (1111228, '南下徳富'), (1111229, '下徳富'), (1111230, '新十津川')]","458.403,85.771,470.925,101.167","[{'station_cd': 1111201, 'x': 22, 'y': 116}, {'station_cd': 1111202, 'x': 19, 'y': 116}, {'station_cd': 1111203, 'x': 17, 'y': 112}, {'station_cd': 1111204, 'x': 18, 'y': 109}, {'station_cd': 1111205, 'x': 20, 'y': 106}, {'station_cd': 1111206, 'x': 22, 'y': 104}, {'station_cd': 1111207, 'x': 24, 'y': 102}, {'station_cd': 1111208, 'x': 25, 'y': 99}, {'station_cd': 1111209, 'x': 27, 'y': 97}, {'station_cd': 1111210, 'x': 30, 'y': 97}, {'station_cd': 1111211, 'x': 33, 'y': 96}, {'station_cd': 1111231, 'x': 37, 'y': 92}, {'station_cd': 1111212, 'x': 39, 'y': 89}, {'station_cd': 1111213, 'x': 50, 'y': 83}, {'station_cd': 1111214, 'x': 56, 'y': 81}, {'station_cd': 1111215, 'x': 59, 'y': 78}, {'station_cd': 1111216, 'x': 63, 'y': 70}, {'station_cd': 1111217, 'x': 65, 'y': 64}, {'station_cd': 1111218, 'x': 68, 'y': 60}, {'station_cd': 1111219, 'x': 73, 'y': 59}, {'station_cd': 1111220, 'x': 76, 'y': 57}, {'station_cd': 1111221, 'x': 84, 'y': 52}, {'station_cd': 1111222, 'x': 89, 'y': 51}, {'station_cd': 1111223, 'x': 95, 'y': 45}, {'station_cd': 1111224, 'x': 99, 'y': 40}, {'station_cd': 1111225, 'x': 101, 'y': 38}, {'station_cd': 1111226, 'x': 105, 'y': 32}, {'station_cd': 1111227, 'x': 105, 'y': 28}, {'station_cd': 1111228, 'x': 106, 'y': 25}, {'station_cd': 1111229, 'x': 108, 'y': 22}, {'station_cd': 1111230, 'x': 111, 'y': 12}]"
11113,JR留萌本線,"[(1111301, '深川'), (1111302, '北一已'), (1111303, '秩父別'), (1111304, '北秩父別'), (1111305, '石狩沼田'), (1111306, '真布'), (1111307, '恵比島'), (1111308, '峠下'), (1111309, '幌糠'), (1111310, '藤山'), (1111311, '大和田'), (1111312, '留萌'), (1111313, '瀬越'), (1111314, '浜中海水浴場'), (1111315, '礼受'), (1111316, '阿分'), (1111317, '信砂'), (1111318, '舎熊'), (1111319, '朱文別'), (1111320, '箸別'), (1111321, '増毛')]","462.993,74.127,474.455,84.127","[{'station_cd': 1111301, 'x': 121, 'y': 102}, {'station_cd': 1111302, 'x': 115, 'y': 95}, {'station_cd': 1111303, 'x': 105, 'y': 86}, {'station_cd': 1111304, 'x': 103, 'y': 80}, {'station_cd': 1111305, 'x': 97, 'y': 73}, {'station_cd': 1111306, 'x': 91, 'y': 65}, {'station_cd': 1111307, 'x': 86, 'y': 59}, {'station_cd': 1111308, 'x': 72, 'y': 59}, {'station_cd': 1111309, 'x': 58, 'y': 56}, {'station_cd': 1111310, 'x': 50, 'y': 46}, {'station_cd': 1111311, 'x': 45, 'y': 37}, {'station_cd': 1111312, 'x': 35, 'y': 28}, {'station_cd': 1111313, 'x': 31, 'y': 30}, {'station_cd': 1111314, 'x': 31, 'y': 31}, {'station_cd': 1111315, 'x': 26, 'y': 39}, {'station_cd': 1111316, 'x': 24, 'y': 42}, {'station_cd': 1111317, 'x': 21, 'y': 48}, {'station_cd': 1111318, 'x': 18, 'y': 49}, {'station_cd': 1111319, 'x': 15, 'y': 52}, {'station_cd': 1111320, 'x': 12, 'y': 52}, {'station_cd': 1111321, 'x': 7, 'y': 53}]"
11114,JR富良野線,"[(1111401, '旭川'), (1111402, '神楽岡'), (1111403, '緑が丘'), (1111404, '西御料'), (1111405, '西瑞穂'), (1111406, '西神楽'), (1111407, '西聖和'), (1111408, '千代ケ岡'), (1111409, '北美瑛'), (1111410, '美瑛'), (1111411, '美馬牛'), (1111412, '上富良野'), (1111413, '西中'), (1111414, 'ラベンダー畑'), (1111415, '中富良野'), (1111416, '鹿討'), (1111417, '学田'), (1111418, '富良野')]","476.265,81.203,486.265,94.114","[{'station_cd': 1111401, 'x': 53, 'y': 6}, {'station_cd': 1111402, 'x': 53, 'y': 11}, {'station_cd': 1111403, 'x': 54, 'y': 15}, {'station_cd': 1111404, 'x': 56, 'y': 18}, {'station_cd': 1111405, 'x': 58, 'y': 23}, {'station_cd': 1111406, 'x': 60, 'y': 29}, {'station_cd': 1111407, 'x': 64, 'y': 33}, {'station_cd': 1111408, 'x': 71, 'y': 40}, {'station_cd': 1111409, 'x': 76, 'y': 48}, {'station_cd': 1111410, 'x': 73, 'y': 55}, {'station_cd': 1111411, 'x': 70, 'y': 69}, {'station_cd': 1111412, 'x': 73, 'y': 90}, {'station_cd': 1111413, 'x': 68, 'y': 99}, {'station_cd': 1111414, 'x': 66, 'y': 101}, {'station_cd': 1111415, 'x': 64, 'y': 105}, {'station_cd': 1111416, 'x': 60, 'y': 110}, {'station_cd': 1111417, 'x': 56, 'y': 116}, {'station_cd': 1111418, 'x': 57, 'y': 121}]"
11115,JR宗谷本線,"[(1111501, '旭川'), (1111502, '旭川四条'), (1111503, '新旭川'), (1111504, '永山'), (1111505, '北永山'), (1111506, '南比布'), (1111507, '比布'), (1111508, '北比布'), (1111509, '蘭留'), (1111510, '塩狩'), (1111511, '和寒'), (1111512, '東六線'), (1111513, '剣淵'), (1111514, '北剣淵'), (1111515, '士別'), (1111516, '下士別'), (1111517, '多寄'), (1111518, '瑞穂'), (1111519, '風連'), (1111520, '名寄高校'), (1111521, '名寄'), (1111522, '日進'), (1111523, '北星'), (1111524, '智恵文'), (1111525, '智北'), (1111526, '南美深'), (1111527, '美深'), (1111528, '初野'), (1111529, '紋穂内'), (1111530, '恩根内'), (1111531, '豊清水'), (1111532, '天塩川温泉'), (1111533, '咲来'), (1111534, '音威子府'), (1111535, '筬島'), (1111536, '佐久'), (1111537, '天塩中川'), (1111538, '歌内'), (1111539, '問寒別'), (1111540, '糠南'), (1111541, '雄信内'), (1111542, '安牛'), (1111543, '南幌延'), (1111544, '上幌延'), (1111545, '幌延'), (1111546, '下沼'), (1111547, '豊富'), (1111548, '徳満'), (1111549, '兜沼'), (1111550, '勇知'), (1111551, '抜海'), (1111552, '南稚内'), (1111553, '稚内')]","465.001,32.520,484.355,84.301","[{'station_cd': 1111501, 'x': 78, 'y': 122}, {'station_cd': 1111502, 'x': 78, 'y': 122}, {'station_cd': 1111503, 'x': 79, 'y': 121}, {'station_cd': 1111504, 'x': 81, 'y': 119}, {'station_cd': 1111505, 'x': 82, 'y': 118}, {'station_cd': 1111506, 'x': 83, 'y': 116}, {'station_cd': 1111507, 'x': 83, 'y': 115}, {'station_cd': 1111508, 'x': 84, 'y': 113}, {'station_cd': 1111509, 'x': 84, 'y': 111}, {'station_cd': 1111510, 'x': 83, 'y': 108}, {'station_cd': 1111511, 'x': 81, 'y': 104}, {'station_cd': 1111512, 'x': 79, 'y': 101}, {'station_cd': 1111513, 'x': 78, 'y': 99}, {'station_cd': 1111514, 'x': 79, 'y': 96}, {'station_cd': 1111515, 'x': 80, 'y': 94}, {'station_cd': 1111516, 'x': 80, 'y': 91}, {'station_cd': 1111517, 'x': 80, 'y': 89}, {'station_cd': 1111518, 'x': 80, 'y': 87}, {'station_cd': 1111519, 'x': 81, 'y': 86}, {'station_cd': 1111520, 'x': 84, 'y': 83}, {'station_cd': 1111521, 'x': 84, 'y': 82}, {'station_cd': 1111522, 'x': 84, 'y': 80}, {'station_cd': 1111523, 'x': 82, 'y': 75}, {'station_cd': 1111524, 'x': 81, 'y': 74}, {'station_cd': 1111525, 'x': 80, 'y': 74}, {'station_cd': 1111526, 'x': 79, 'y': 74}, {'station_cd': 1111527, 'x': 78, 'y': 72}, {'station_cd': 1111528, 'x': 78, 'y': 70}, {'station_cd': 1111529, 'x': 77, 'y': 68}, {'station_cd': 1111530, 'x': 76, 'y': 64}, {'station_cd': 1111531, 'x': 74, 'y': 61}, {'station_cd': 1111532, 'x': 74, 'y': 60}, {'station_cd': 1111533, 'x': 74, 'y': 58}, {'station_cd': 1111534, 'x': 74, 'y': 55}, {'station_cd': 1111535, 'x': 71, 'y': 54}, {'station_cd': 1111536, 'x': 64, 'y': 53}, {'station_cd': 1111537, 'x': 65, 'y': 49}, {'station_cd': 1111538, 'x': 64, 'y': 44}, {'station_cd': 1111539, 'x': 63, 'y': 42}, {'station_cd': 1111540, 'x': 62, 'y': 41}, {'station_cd': 1111541, 'x': 58, 'y': 41}, {'station_cd': 1111542, 'x': 56, 'y': 39}, {'station_cd': 1111543, 'x': 56, 'y': 38}, {'station_cd': 1111544, 'x': 56, 'y': 36}, {'station_cd': 1111545, 'x': 54, 'y': 34}, {'station_cd': 1111546, 'x': 50, 'y': 32}, {'station_cd': 1111547, 'x': 50, 'y': 28}, {'station_cd': 1111548, 'x': 49, 'y': 25}, {'station_cd': 1111549, 'x': 47, 'y': 20}, {'station_cd': 1111550, 'x': 46, 'y': 17}, {'station_cd': 1111551, 'x': 44, 'y': 13}, {'station_cd': 1111552, 'x': 46, 'y': 7}, {'station_cd': 1111553, 'x': 46, 'y': 6}]"
11116,JR石北本線,"[(1111601, '旭川'), (1111602, '旭川四条'), (1111603, '新旭川'), (1111604, '南永山'), (1111605, '東旭川'), (1111606, '北日ノ出'), (1111607, '桜岡'), (1111608, '当麻'), (1111609, '将軍山'), (1111610, '伊香牛'), (1111611, '愛別'), (1111612, '中愛別'), (1111613, '愛山'), (1111614, '安足間'), (1111615, '東雲'), (1111616, '上川'), (1111617, '上白滝'), (1111618, '白滝'), (1111619, '旧白滝'), (1111620, '下白滝'), (1111621, '丸瀬布'), (1111622, '瀬戸瀬'), (1111623, '遠軽'), (1111624, '安国'), (1111625, '生野'), (1111626, '生田原'), (1111627, '金華'), (1111628, '西留辺蘂'), (1111629, '留辺蘂'), (1111630, '相内'), (1111631, '東相内'), (1111632, '西北見'), (1111633, '北見'), (1111634, '柏陽'), (1111635, '愛し野'), (1111636, '端野'), (1111637, '緋牛内'), (1111638, '美幌'), (1111639, '西女満別'), (1111640, '女満別'), (1111641, '呼人'), (1111642, '網走')]","478.256,73.000,520.213,84.843","[{'station_cd': 1111601, 'x': 6, 'y': 73}, {'station_cd': 1111602, 'x': 7, 'y': 73}, {'station_cd': 1111603, 'x': 7, 'y': 71}, {'station_cd': 1111604, 'x': 9, 'y': 72}, {'station_cd': 1111605, 'x': 11, 'y': 72}, {'station_cd': 1111606, 'x': 12, 'y': 72}, {'station_cd': 1111607, 'x': 14, 'y': 70}, {'station_cd': 1111608, 'x': 16, 'y': 68}, {'station_cd': 1111609, 'x': 16, 'y': 65}, {'station_cd': 1111610, 'x': 16, 'y': 64}, {'station_cd': 1111611, 'x': 20, 'y': 62}, {'station_cd': 1111612, 'x': 24, 'y': 63}, {'station_cd': 1111613, 'x': 26, 'y': 65}, {'station_cd': 1111614, 'x': 27, 'y': 67}, {'station_cd': 1111615, 'x': 28, 'y': 67}, {'station_cd': 1111616, 'x': 31, 'y': 67}, {'station_cd': 1111617, 'x': 54, 'y': 66}, {'station_cd': 1111618, 'x': 56, 'y': 66}, {'station_cd': 1111619, 'x': 60, 'y': 63}, {'station_cd': 1111620, 'x': 62, 'y': 61}, {'station_cd': 1111621, 'x': 66, 'y': 56}, {'station_cd': 1111622, 'x': 71, 'y': 56}, {'station_cd': 1111623, 'x': 77, 'y': 52}, {'station_cd': 1111624, 'x': 78, 'y': 58}, {'station_cd': 1111625, 'x': 78, 'y': 61}, {'station_cd': 1111626, 'x': 78, 'y': 64}, {'station_cd': 1111627, 'x': 80, 'y': 74}, {'station_cd': 1111628, 'x': 82, 'y': 76}, {'station_cd': 1111629, 'x': 83, 'y': 76}, {'station_cd': 1111630, 'x': 91, 'y': 76}, {'station_cd': 1111631, 'x': 95, 'y': 75}, {'station_cd': 1111632, 'x': 97, 'y': 75}, {'station_cd': 1111633, 'x': 100, 'y': 75}, {'station_cd': 1111634, 'x': 101, 'y': 74}, {'station_cd': 1111635, 'x': 102, 'y': 73}, {'station_cd': 1111636, 'x': 103, 'y': 72}, {'station_cd': 1111637, 'x': 106, 'y': 69}, {'station_cd': 1111638, 'x': 113, 'y': 74}, {'station_cd': 1111639, 'x': 115, 'y': 70}, {'station_cd': 1111640, 'x': 117, 'y': 67}, {'station_cd': 1111641, 'x': 120, 'y': 63}, {'station_cd': 1111642, 'x': 122, 'y': 59}]"
11117,JR釧網本線,"[(1111701, '網走'), (1111702, '桂台'), (1111703, '鱒浦'), (1111704, '藻琴'), (1111705, '北浜'), (1111706, '原生花園'), (1111707, '浜小清水'), (1111708, '止別'), (1111709, '知床斜里'), (1111710, '中斜里'), (1111711, '南斜里'), (1111712, '清里町'), (1111713, '札弦'), (1111714, '緑'), (1111715, '川湯温泉'), (1111716, '美留和'), (1111717, '摩周'), (1111718, '南弟子屈'), (1111719, '磯分内'), (1111720, '標茶'), (1111721, '五十石'), (1111722, '茅沼'), (1111723, '塘路'), (1111724, '細岡'), (1111725, '釧路湿原'), (1111726, '遠矢'), (1111727, '東釧路'), (1111728, '釧路')]","517.072,75.719,527.072,107.791","[{'station_cd': 1111701, 'x': 49, 'y': 6}, {'station_cd': 1111702, 'x': 50, 'y': 6}, {'station_cd': 1111703, 'x': 52, 'y': 10}, {'station_cd': 1111704, 'x': 54, 'y': 12}, {'station_cd': 1111705, 'x': 57, 'y': 13}, {'station_cd': 1111706, 'x': 62, 'y': 15}, {'station_cd': 1111707, 'x': 65, 'y': 16}, {'station_cd': 1111708, 'x': 70, 'y': 18}, {'station_cd': 1111709, 'x': 81, 'y': 20}, {'station_cd': 1111710, 'x': 81, 'y': 24}, {'station_cd': 1111711, 'x': 79, 'y': 25}, {'station_cd': 1111712, 'x': 76, 'y': 28}, {'station_cd': 1111713, 'x': 71, 'y': 33}, {'station_cd': 1111714, 'x': 68, 'y': 41}, {'station_cd': 1111715, 'x': 64, 'y': 52}, {'station_cd': 1111716, 'x': 62, 'y': 58}, {'station_cd': 1111717, 'x': 64, 'y': 66}, {'station_cd': 1111718, 'x': 68, 'y': 73}, {'station_cd': 1111719, 'x': 71, 'y': 78}, {'station_cd': 1111720, 'x': 76, 'y': 88}, {'station_cd': 1111721, 'x': 70, 'y': 94}, {'station_cd': 1111722, 'x': 67, 'y': 98}, {'station_cd': 1111723, 'x': 66, 'y': 103}, {'station_cd': 1111724, 'x': 64, 'y': 108}, {'station_cd': 1111725, 'x': 62, 'y': 109}, {'station_cd': 1111726, 'x': 63, 'y': 115}, {'station_cd': 1111727, 'x': 59, 'y': 120}, {'station_cd': 1111728, 'x': 57, 'y': 121}]"
11118,JR海峡線,"[(1111801, '中小国'), (1111802, '奥津軽いまべつ'), (1111803, '竜飛海底'), (1111804, '吉岡海底'), (1111805, '知内'), (1111806, '木古内')]","434.965,136.077,444.965,155.740","[{'station_cd': 1111801, 'x': 86, 'y': 122}, {'station_cd': 1111802, 'x': 76, 'y': 105}, {'station_cd': 1111803, 'x': 54, 'y': 83}, {'station_cd': 1111804, 'x': 41, 'y': 48}, {'station_cd': 1111805, 'x': 54, 'y': 20}, {'station_cd': 1111806, 'x': 67, 'y': 7}]"
11119,JR江差線,"[(1111901, '江差'), (1111902, '上ノ国'), (1111903, '中須田'), (1111904, '桂岡'), (1111905, '宮越'), (1111906, '湯ノ岱'), (1111907, '神明'), (1111908, '吉堀'), (1111909, '渡島鶴岡')]","432.180,129.611,442.180,139.611","[{'station_cd': 1111901, 'x': 29, 'y': 29}, {'station_cd': 1111902, 'x': 27, 'y': 47}, {'station_cd': 1111903, 'x': 34, 'y': 54}, {'station_cd': 1111904, 'x': 38, 'y': 59}, {'station_cd': 1111905, 'x': 43, 'y': 63}, {'station_cd': 1111906, 'x': 58, 'y': 68}, {'station_cd': 1111907, 'x': 63, 'y': 74}, {'station_cd': 1111908, 'x': 92, 'y': 94}, {'station_cd': 1111909, 'x': 100, 'y': 99}]"
11201,JR東北本線(八戸～青森),"[(1120101, '八戸')]","454.776,166.036,464.776,176.036","[{'station_cd': 1120101, 'x': 64, 'y': 64}]"
11202,JR奥羽本線(新庄～青森),"[(1120201, '新庄'), (1120202, '泉田'), (1120203, '羽前豊里'), (1120204, '真室川'), (1120205, '釜淵'), (1120206, '大滝'), (1120207, '及位'), (1120208, '院内'), (1120209, '横堀'), (1120210, '三関'), (1120211, '上湯沢'), (1120212, '湯沢'), (1120213, '下湯沢'), (1120214, '十文字'), (1120215, '醍醐'), (1120216, '柳田'), (1120217, '横手'), (1120218, '後三年'), (1120219, '飯詰'), (1120220, '大曲'), (1120221, '神宮寺'), (1120222, '刈和野'), (1120223, '峰吉川'), (1120224, '羽後境'), (1120225, '大張野'), (1120226, '和田'), (1120227, '四ツ小屋'), (1120228, '秋田'), (1120267, '泉外旭川'), (1120229, '土崎'), (1120230, '上飯島'), (1120231, '追分'), (1120232, '大久保'), (1120233, '羽後飯塚'), (1120234, '井川さくら'), (1120235, '八郎潟'), (1120236, '鯉川'), (1120237, '鹿渡'), (1120238, '森岳'), (1120239, '北金岡'), (1120240, '東能代'), (1120241, '鶴形'), (1120242, '富根'), (1120243, '二ツ井'), (1120244, '前山'), (1120245, '鷹ノ巣'), (1120246, '糠沢'), (1120247, '早口'), (1120248, '下川沿'), (1120249, '大館'), (1120250, '白沢'), (1120251, '陣場'), (1120252, '津軽湯の沢'), (1120253, '碇ケ関'), (1120254, '長峰'), (1120255, '大鰐温泉'), (1120256, '石川'), (1120257, '弘前'), (1120258, '撫牛子'), (1120259, '川部'), (1120260, '北常盤'), (1120261, '浪岡'), (1120262, '大釈迦'), (1120263, '鶴ケ坂'), (1120264, '津軽新城'), (1120265, '新青森'), (1120266, '青森')]","430.545,157.415,446.740,221.588","[{'station_cd': 1120201, 'x': 59, 'y': 121}, {'station_cd': 1120202, 'x': 59, 'y': 118}, {'station_cd': 1120203, 'x': 57, 'y': 117}, {'station_cd': 1120204, 'x': 57, 'y': 116}, {'station_cd': 1120205, 'x': 58, 'y': 111}, {'station_cd': 1120206, 'x': 60, 'y': 109}, {'station_cd': 1120207, 'x': 62, 'y': 108}, {'station_cd': 1120208, 'x': 64, 'y': 105}, {'station_cd': 1120209, 'x': 65, 'y': 105}, {'station_cd': 1120210, 'x': 67, 'y': 102}, {'station_cd': 1120211, 'x': 67, 'y': 101}, {'station_cd': 1120212, 'x': 67, 'y': 99}, {'station_cd': 1120213, 'x': 68, 'y': 97}, {'station_cd': 1120214, 'x': 69, 'y': 96}, {'station_cd': 1120215, 'x': 69, 'y': 95}, {'station_cd': 1120216, 'x': 70, 'y': 93}, {'station_cd': 1120217, 'x': 70, 'y': 91}, {'station_cd': 1120218, 'x': 69, 'y': 88}, {'station_cd': 1120219, 'x': 68, 'y': 86}, {'station_cd': 1120220, 'x': 67, 'y': 83}, {'station_cd': 1120221, 'x': 65, 'y': 81}, {'station_cd': 1120222, 'x': 63, 'y': 78}, {'station_cd': 1120223, 'x': 61, 'y': 77}, {'station_cd': 1120224, 'x': 61, 'y': 74}, {'station_cd': 1120225, 'x': 59, 'y': 71}, {'station_cd': 1120226, 'x': 57, 'y': 72}, {'station_cd': 1120227, 'x': 54, 'y': 71}, {'station_cd': 1120228, 'x': 53, 'y': 68}, {'station_cd': 1120267, 'x': 53, 'y': 66}, {'station_cd': 1120229, 'x': 51, 'y': 65}, {'station_cd': 1120230, 'x': 51, 'y': 64}, {'station_cd': 1120231, 'x': 50, 'y': 62}, {'station_cd': 1120232, 'x': 51, 'y': 59}, {'station_cd': 1120233, 'x': 51, 'y': 57}, {'station_cd': 1120234, 'x': 51, 'y': 57}, {'station_cd': 1120235, 'x': 51, 'y': 55}, {'station_cd': 1120236, 'x': 51, 'y': 52}, {'station_cd': 1120237, 'x': 52, 'y': 49}, {'station_cd': 1120238, 'x': 51, 'y': 46}, {'station_cd': 1120239, 'x': 51, 'y': 44}, {'station_cd': 1120240, 'x': 51, 'y': 41}, {'station_cd': 1120241, 'x': 53, 'y': 41}, {'station_cd': 1120242, 'x': 56, 'y': 40}, {'station_cd': 1120243, 'x': 58, 'y': 40}, {'station_cd': 1120244, 'x': 61, 'y': 41}, {'station_cd': 1120245, 'x': 63, 'y': 40}, {'station_cd': 1120246, 'x': 65, 'y': 39}, {'station_cd': 1120247, 'x': 67, 'y': 38}, {'station_cd': 1120248, 'x': 69, 'y': 38}, {'station_cd': 1120249, 'x': 71, 'y': 37}, {'station_cd': 1120250, 'x': 72, 'y': 34}, {'station_cd': 1120251, 'x': 73, 'y': 31}, {'station_cd': 1120252, 'x': 74, 'y': 29}, {'station_cd': 1120253, 'x': 74, 'y': 27}, {'station_cd': 1120254, 'x': 73, 'y': 25}, {'station_cd': 1120255, 'x': 72, 'y': 24}, {'station_cd': 1120256, 'x': 70, 'y': 22}, {'station_cd': 1120257, 'x': 68, 'y': 20}, {'station_cd': 1120258, 'x': 69, 'y': 18}, {'station_cd': 1120259, 'x': 70, 'y': 17}, {'station_cd': 1120260, 'x': 71, 'y': 16}, {'station_cd': 1120261, 'x': 72, 'y': 14}, {'station_cd': 1120262, 'x': 73, 'y': 11}, {'station_cd': 1120263, 'x': 75, 'y': 9}, {'station_cd': 1120264, 'x': 76, 'y': 7}, {'station_cd': 1120265, 'x': 77, 'y': 8}, {'station_cd': 1120266, 'x': 79, 'y': 8}]"
11203,はまなすベイライン大湊線,"[(1120301, '野辺地'), (1120302, '北野辺地'), (1120303, '有戸'), (1120304, '吹越'), (1120305, '陸奥横浜'), (1120306, '有畑'), (1120307, '近川'), (1120308, '金谷沢'), (1120309, '赤川'), (1120310, '下北'), (1120311, '大湊')]","450.442,148.507,460.442,161.821","[{'station_cd': 1120301, 'x': 47, 'y': 120}, {'station_cd': 1120302, 'x': 50, 'y': 116}, {'station_cd': 1120303, 'x': 61, 'y': 105}, {'station_cd': 1120304, 'x': 73, 'y': 77}, {'station_cd': 1120305, 'x': 74, 'y': 60}, {'station_cd': 1120306, 'x': 79, 'y': 48}, {'station_cd': 1120307, 'x': 80, 'y': 32}, {'station_cd': 1120308, 'x': 74, 'y': 22}, {'station_cd': 1120309, 'x': 67, 'y': 11}, {'station_cd': 1120310, 'x': 63, 'y': 7}, {'station_cd': 1120311, 'x': 58, 'y': 7}]"
11204,JR五能線,"[(1120401, '東能代'), (1120402, '能代'), (1120403, '向能代'), (1120404, '北能代'), (1120405, '鳥形'), (1120406, '沢目'), (1120407, '東八森'), (1120408, '八森'), (1120409, '滝ノ間'), (1120410, 'あきた白神'), (1120411, '岩館'), (1120412, '大間越'), (1120413, '白神岳登山口'), (1120414, '松神'), (1120415, '十二湖'), (1120416, '陸奥岩崎'), (1120417, '陸奥沢辺'), (1120418, 'ウェスパ椿山'), (1120419, '艫作'), (1120420, '横磯'), (1120421, '深浦'), (1120422, '広戸'), (1120423, '追良瀬'), (1120424, '驫木'), (1120425, '風合瀬'), (1120426, '大戸瀬'), (1120427, '千畳敷'), (1120428, '北金ケ沢'), (1120429, '陸奥柳田'), (1120430, '陸奥赤石'), (1120431, '鰺ケ沢'), (1120432, '鳴沢'), (1120433, '越水'), (1120434, '陸奥森田'), (1120435, '中田'), (1120436, '木造'), (1120437, '五所川原'), (1120438, '陸奥鶴田'), (1120439, '鶴泊'), (1120440, '板柳'), (1120441, '林崎'), (1120442, '藤崎'), (1120443, '川部')]","427.550,159.718,442.395,179.561","[{'station_cd': 1120401, 'x': 46, 'y': 118}, {'station_cd': 1120402, 'x': 42, 'y': 115}, {'station_cd': 1120403, 'x': 43, 'y': 112}, {'station_cd': 1120404, 'x': 43, 'y': 107}, {'station_cd': 1120405, 'x': 43, 'y': 104}, {'station_cd': 1120406, 'x': 43, 'y': 99}, {'station_cd': 1120407, 'x': 43, 'y': 93}, {'station_cd': 1120408, 'x': 41, 'y': 86}, {'station_cd': 1120409, 'x': 39, 'y': 84}, {'station_cd': 1120410, 'x': 37, 'y': 83}, {'station_cd': 1120411, 'x': 34, 'y': 79}, {'station_cd': 1120412, 'x': 33, 'y': 63}, {'station_cd': 1120413, 'x': 33, 'y': 60}, {'station_cd': 1120414, 'x': 32, 'y': 56}, {'station_cd': 1120415, 'x': 32, 'y': 53}, {'station_cd': 1120416, 'x': 30, 'y': 47}, {'station_cd': 1120417, 'x': 26, 'y': 46}, {'station_cd': 1120418, 'x': 23, 'y': 45}, {'station_cd': 1120419, 'x': 22, 'y': 42}, {'station_cd': 1120420, 'x': 25, 'y': 38}, {'station_cd': 1120421, 'x': 30, 'y': 35}, {'station_cd': 1120422, 'x': 34, 'y': 31}, {'station_cd': 1120423, 'x': 36, 'y': 29}, {'station_cd': 1120424, 'x': 38, 'y': 25}, {'station_cd': 1120425, 'x': 39, 'y': 21}, {'station_cd': 1120426, 'x': 44, 'y': 16}, {'station_cd': 1120427, 'x': 47, 'y': 15}, {'station_cd': 1120428, 'x': 52, 'y': 19}, {'station_cd': 1120429, 'x': 56, 'y': 20}, {'station_cd': 1120430, 'x': 61, 'y': 17}, {'station_cd': 1120431, 'x': 69, 'y': 15}, {'station_cd': 1120432, 'x': 75, 'y': 14}, {'station_cd': 1120433, 'x': 79, 'y': 13}, {'station_cd': 1120434, 'x': 84, 'y': 15}, {'station_cd': 1120435, 'x': 87, 'y': 14}, {'station_cd': 1120436, 'x': 90, 'y': 11}, {'station_cd': 1120437, 'x': 98, 'y': 11}, {'station_cd': 1120438, 'x': 96, 'y': 20}, {'station_cd': 1120439, 'x': 96, 'y': 24}, {'station_cd': 1120440, 'x': 99, 'y': 31}, {'station_cd': 1120441, 'x': 102, 'y': 35}, {'station_cd': 1120442, 'x': 104, 'y': 39}, {'station_cd': 1120443, 'x': 107, 'y': 41}]"
11205,JR津軽線,"[(1120501, '青森'), (1120502, '油川'), (1120503, '津軽宮田'), (1120504, '奥内'), (1120505, '左堰'), (1120506, '後潟'), (1120507, '中沢'), (1120508, '蓬田'), (1120509, '郷沢'), (1120510, '瀬辺地'), (1120511, '蟹田'), (1120512, '中小国'), (1120513, '大平'), (1120514, '津軽二股'), (1120515, '大川平'), (1120516, '今別'), (1120517, '津軽浜名'), (1120518, '三厩')]","438.198,150.412,448.198,161.745","[{'station_cd': 1120501, 'x': 96, 'y': 122}, {'station_cd': 1120502, 'x': 86, 'y': 113}, {'station_cd': 1120503, 'x': 82, 'y': 103}, {'station_cd': 1120504, 'x': 82, 'y': 98}, {'station_cd': 1120505, 'x': 81, 'y': 93}, {'station_cd': 1120506, 'x': 80, 'y': 89}, {'station_cd': 1120507, 'x': 79, 'y': 83}, {'station_cd': 1120508, 'x': 78, 'y': 77}, {'station_cd': 1120509, 'x': 78, 'y': 71}, {'station_cd': 1120510, 'x': 77, 'y': 65}, {'station_cd': 1120511, 'x': 76, 'y': 55}, {'station_cd': 1120512, 'x': 66, 'y': 50}, {'station_cd': 1120513, 'x': 58, 'y': 45}, {'station_cd': 1120514, 'x': 48, 'y': 19}, {'station_cd': 1120515, 'x': 46, 'y': 14}, {'station_cd': 1120516, 'x': 43, 'y': 8}, {'station_cd': 1120517, 'x': 38, 'y': 8}, {'station_cd': 1120518, 'x': 32, 'y': 6}]"
11206,JR八戸線,"[(1120601, '八戸'), (1120602, '長苗代'), (1120603, '本八戸'), (1120604, '小中野'), (1120605, '陸奥湊'), (1120606, '白銀'), (1120607, '鮫'), (1120608, 'プレイピア白浜'), (1120609, '陸奥白浜'), (1120610, '種差海岸'), (1120611, '大久喜'), (1120612, '金浜'), (1120613, '大蛇'), (1120614, '階上'), (1120615, '角の浜'), (1120616, '平内'), (1120617, '種市'), (1120618, '玉川'), (1120619, '宿戸'), (1120620, '陸中八木'), (1120621, '有家'), (1120622, '陸中中野'), (1120623, '侍浜'), (1120624, '陸中夏井'), (1120625, '久慈')]","458.300,169.954,468.300,180.873","[{'station_cd': 1120601, 'x': 23, 'y': 13}, {'station_cd': 1120602, 'x': 31, 'y': 9}, {'station_cd': 1120603, 'x': 36, 'y': 11}, {'station_cd': 1120604, 'x': 41, 'y': 11}, {'station_cd': 1120605, 'x': 45, 'y': 10}, {'station_cd': 1120606, 'x': 49, 'y': 10}, {'station_cd': 1120607, 'x': 52, 'y': 8}, {'station_cd': 1120608, 'x': 58, 'y': 10}, {'station_cd': 1120609, 'x': 60, 'y': 13}, {'station_cd': 1120610, 'x': 64, 'y': 16}, {'station_cd': 1120611, 'x': 68, 'y': 20}, {'station_cd': 1120612, 'x': 71, 'y': 27}, {'station_cd': 1120613, 'x': 74, 'y': 30}, {'station_cd': 1120614, 'x': 77, 'y': 33}, {'station_cd': 1120615, 'x': 81, 'y': 38}, {'station_cd': 1120616, 'x': 85, 'y': 44}, {'station_cd': 1120617, 'x': 89, 'y': 49}, {'station_cd': 1120618, 'x': 93, 'y': 59}, {'station_cd': 1120619, 'x': 96, 'y': 64}, {'station_cd': 1120620, 'x': 100, 'y': 71}, {'station_cd': 1120621, 'x': 102, 'y': 78}, {'station_cd': 1120622, 'x': 105, 'y': 85}, {'station_cd': 1120623, 'x': 98, 'y': 99}, {'station_cd': 1120624, 'x': 105, 'y': 117}, {'station_cd': 1120625, 'x': 100, 'y': 122}]"
11207,JR岩泉線,"[(1120701, '茂市'), (1120702, '岩手刈屋'), (1120703, '中里'), (1120704, '岩手和井内'), (1120705, '押角'), (1120706, '岩手大川'), (1120707, '浅内'), (1120708, '二升石'), (1120709, '岩泉')]","460.427,188.023,470.427,198.023","[{'station_cd': 1120701, 'x': 80, 'y': 105}, {'station_cd': 1120702, 'x': 69, 'y': 96}, {'station_cd': 1120703, 'x': 64, 'y': 89}, {'station_cd': 1120704, 'x': 59, 'y': 83}, {'station_cd': 1120705, 'x': 53, 'y': 66}, {'station_cd': 1120706, 'x': 48, 'y': 39}, {'station_cd': 1120707, 'x': 62, 'y': 33}, {'station_cd': 1120708, 'x': 67, 'y': 27}, {'station_cd': 1120709, 'x': 78, 'y': 25}]"
11208,ドラゴンレール大船渡線,"[(1120801, '一ノ関'), (1120802, '真滝'), (1120803, '陸中門崎'), (1120804, '岩ノ下'), (1120805, '陸中松川'), (1120806, '猊鼻渓'), (1120807, '柴宿'), (1120808, '摺沢'), (1120809, '千厩'), (1120810, '小梨'), (1120811, '矢越'), (1120812, '折壁'), (1120813, '新月'), (1120814, '気仙沼'), (1120815, '鹿折唐桑'), (1120816, '上鹿折'), (1120817, '陸前矢作'), (1120818, '竹駒'), (1120819, '陸前高田'), (1120820, '脇ノ沢'), (1120821, '小友'), (1120822, '細浦'), (1120823, '下船渡'), (1120824, '大船渡'), (1120825, '盛')]","452.409,208.066,465.363,218.066","[{'station_cd': 1120801, 'x': 6, 'y': 80}, {'station_cd': 1120802, 'x': 14, 'y': 85}, {'station_cd': 1120803, 'x': 28, 'y': 84}, {'station_cd': 1120804, 'x': 27, 'y': 75}, {'station_cd': 1120805, 'x': 26, 'y': 67}, {'station_cd': 1120806, 'x': 29, 'y': 64}, {'station_cd': 1120807, 'x': 33, 'y': 62}, {'station_cd': 1120808, 'x': 43, 'y': 63}, {'station_cd': 1120809, 'x': 47, 'y': 83}, {'station_cd': 1120810, 'x': 55, 'y': 81}, {'station_cd': 1120811, 'x': 64, 'y': 81}, {'station_cd': 1120812, 'x': 68, 'y': 80}, {'station_cd': 1120813, 'x': 75, 'y': 87}, {'station_cd': 1120814, 'x': 89, 'y': 90}, {'station_cd': 1120815, 'x': 93, 'y': 88}, {'station_cd': 1120816, 'x': 91, 'y': 76}, {'station_cd': 1120817, 'x': 94, 'y': 59}, {'station_cd': 1120818, 'x': 100, 'y': 56}, {'station_cd': 1120819, 'x': 103, 'y': 62}, {'station_cd': 1120820, 'x': 109, 'y': 64}, {'station_cd': 1120821, 'x': 117, 'y': 70}, {'station_cd': 1120822, 'x': 120, 'y': 63}, {'station_cd': 1120823, 'x': 122, 'y': 57}, {'station_cd': 1120824, 'x': 122, 'y': 50}, {'station_cd': 1120825, 'x': 120, 'y': 43}]"
11209,銀河ドリームライン釜石線,"[(1120901, '花巻'), (1120902, '似内'), (1120903, '新花巻'), (1120904, '小山田'), (1120905, '土沢'), (1120906, '晴山'), (1120907, '岩根橋'), (1120908, '宮守'), (1120909, '柏木平'), (1120910, '鱒沢'), (1120911, '荒谷前'), (1120912, '岩手二日町'), (1120913, '綾織'), (1120914, '遠野'), (1120915, '青笹'), (1120916, '岩手上郷'), (1120917, '平倉'), (1120918, '足ケ瀬'), (1120919, '上有住'), (1120920, '陸中大橋'), (1120921, '洞泉'), (1120922, '松倉'), (1120923, '小佐野'), (1120924, '釜石')]","451.863,199.029,468.756,209.029","[{'station_cd': 1120901, 'x': 6, 'y': 46}, {'station_cd': 1120902, 'x': 11, 'y': 43}, {'station_cd': 1120903, 'x': 16, 'y': 44}, {'station_cd': 1120904, 'x': 19, 'y': 43}, {'station_cd': 1120905, 'x': 25, 'y': 49}, {'station_cd': 1120906, 'x': 29, 'y': 53}, {'station_cd': 1120907, 'x': 38, 'y': 56}, {'station_cd': 1120908, 'x': 43, 'y': 57}, {'station_cd': 1120909, 'x': 47, 'y': 67}, {'station_cd': 1120910, 'x': 50, 'y': 68}, {'station_cd': 1120911, 'x': 54, 'y': 67}, {'station_cd': 1120912, 'x': 59, 'y': 64}, {'station_cd': 1120913, 'x': 62, 'y': 63}, {'station_cd': 1120914, 'x': 70, 'y': 63}, {'station_cd': 1120915, 'x': 76, 'y': 68}, {'station_cd': 1120916, 'x': 78, 'y': 74}, {'station_cd': 1120917, 'x': 80, 'y': 78}, {'station_cd': 1120918, 'x': 87, 'y': 80}, {'station_cd': 1120919, 'x': 92, 'y': 83}, {'station_cd': 1120920, 'x': 98, 'y': 76}, {'station_cd': 1120921, 'x': 104, 'y': 82}, {'station_cd': 1120922, 'x': 111, 'y': 82}, {'station_cd': 1120923, 'x': 116, 'y': 80}, {'station_cd': 1120924, 'x': 122, 'y': 79}]"
11210,JR北上線,"[(1121001, '北上'), (1121002, '柳原'), (1121003, '江釣子'), (1121004, '藤根'), (1121005, '立川目'), (1121006, '横川目'), (1121007, '岩沢'), (1121008, '和賀仙人'), (1121009, 'ゆだ錦秋湖'), (1121010, 'ほっとゆだ'), (1121011, 'ゆだ高原'), (1121012, '黒沢'), (1121013, '小松川'), (1121014, '平石'), (1121015, '相野々'), (1121016, '矢美津'), (1121017, '横手')]","441.073,198.999,453.450,208.999","[{'station_cd': 1121001, 'x': 122, 'y': 72}, {'station_cd': 1121002, 'x': 120, 'y': 68}, {'station_cd': 1121003, 'x': 113, 'y': 66}, {'station_cd': 1121004, 'x': 105, 'y': 65}, {'station_cd': 1121005, 'x': 96, 'y': 63}, {'station_cd': 1121006, 'x': 91, 'y': 62}, {'station_cd': 1121007, 'x': 83, 'y': 64}, {'station_cd': 1121008, 'x': 78, 'y': 61}, {'station_cd': 1121009, 'x': 63, 'y': 64}, {'station_cd': 1121010, 'x': 51, 'y': 58}, {'station_cd': 1121011, 'x': 43, 'y': 61}, {'station_cd': 1121012, 'x': 35, 'y': 68}, {'station_cd': 1121013, 'x': 24, 'y': 62}, {'station_cd': 1121014, 'x': 20, 'y': 62}, {'station_cd': 1121015, 'x': 18, 'y': 66}, {'station_cd': 1121016, 'x': 12, 'y': 62}, {'station_cd': 1121017, 'x': 6, 'y': 56}]"
11211,JR田沢湖線,"[(1121101, '盛岡'), (1121118, '前潟'), (1121102, '大釜'), (1121103, '小岩井'), (1121104, '雫石'), (1121105, '春木場'), (1121106, '赤渕'), (1121107, '田沢湖'), (1121108, '刺巻'), (1121109, '神代'), (1121110, '生田'), (1121111, '角館'), (1121112, '鶯野'), (1121113, '羽後長野'), (1121114, '鑓見内'), (1121115, '羽後四ツ屋'), (1121116, '北大曲'), (1121117, '大曲')]","439.460,190.782,454.085,200.782","[{'station_cd': 1121101, 'x': 122, 'y': 41}, {'station_cd': 1121118, 'x': 116, 'y': 37}, {'station_cd': 1121102, 'x': 111, 'y': 37}, {'station_cd': 1121103, 'x': 103, 'y': 37}, {'station_cd': 1121104, 'x': 94, 'y': 42}, {'station_cd': 1121105, 'x': 88, 'y': 40}, {'station_cd': 1121106, 'x': 82, 'y': 42}, {'station_cd': 1121107, 'x': 49, 'y': 36}, {'station_cd': 1121108, 'x': 44, 'y': 43}, {'station_cd': 1121109, 'x': 32, 'y': 54}, {'station_cd': 1121110, 'x': 28, 'y': 56}, {'station_cd': 1121111, 'x': 22, 'y': 61}, {'station_cd': 1121112, 'x': 20, 'y': 66}, {'station_cd': 1121113, 'x': 17, 'y': 71}, {'station_cd': 1121114, 'x': 15, 'y': 78}, {'station_cd': 1121115, 'x': 12, 'y': 82}, {'station_cd': 1121116, 'x': 9, 'y': 85}, {'station_cd': 1121117, 'x': 6, 'y': 90}]"
11212,十和田八幡平四季彩ライン,"[(1121201, '好摩'), (1121202, '東大更'), (1121203, '大更'), (1121204, '平館'), (1121205, '北森'), (1121206, '松尾八幡平'), (1121207, '安比高原'), (1121208, '赤坂田'), (1121209, '小屋の畑'), (1121210, '荒屋新町'), (1121211, '横間'), (1121212, '田山'), (1121213, '兄畑'), (1121214, '湯瀬温泉'), (1121215, '八幡平'), (1121216, '陸中大里'), (1121217, '鹿角花輪'), (1121218, '柴平'), (1121219, '十和田南'), (1121220, '末広'), (1121221, '土深井'), (1121222, '沢尻'), (1121223, '十二所'), (1121224, '大滝温泉'), (1121225, '扇田'), (1121226, '東大館'), (1121227, '大館')]","441.229,175.403,455.120,188.969","[{'station_cd': 1121201, 'x': 120, 'y': 121}, {'station_cd': 1121202, 'x': 114, 'y': 113}, {'station_cd': 1121203, 'x': 107, 'y': 110}, {'station_cd': 1121204, 'x': 104, 'y': 100}, {'station_cd': 1121205, 'x': 102, 'y': 98}, {'station_cd': 1121206, 'x': 97, 'y': 95}, {'station_cd': 1121207, 'x': 88, 'y': 83}, {'station_cd': 1121208, 'x': 90, 'y': 74}, {'station_cd': 1121209, 'x': 93, 'y': 67}, {'station_cd': 1121210, 'x': 98, 'y': 62}, {'station_cd': 1121211, 'x': 94, 'y': 59}, {'station_cd': 1121212, 'x': 79, 'y': 50}, {'station_cd': 1121213, 'x': 68, 'y': 55}, {'station_cd': 1121214, 'x': 60, 'y': 53}, {'station_cd': 1121215, 'x': 53, 'y': 47}, {'station_cd': 1121216, 'x': 51, 'y': 43}, {'station_cd': 1121217, 'x': 50, 'y': 36}, {'station_cd': 1121218, 'x': 51, 'y': 25}, {'station_cd': 1121219, 'x': 48, 'y': 18}, {'station_cd': 1121220, 'x': 41, 'y': 24}, {'station_cd': 1121221, 'x': 37, 'y': 26}, {'station_cd': 1121222, 'x': 33, 'y': 24}, {'station_cd': 1121223, 'x': 29, 'y': 27}, {'station_cd': 1121224, 'x': 23, 'y': 28}, {'station_cd': 1121225, 'x': 11, 'y': 22}, {'station_cd': 1121226, 'x': 8, 'y': 13}, {'station_cd': 1121227, 'x': 8, 'y': 7}]"
11213,JR山田線,"[(1121301, '盛岡'), (1121302, '上盛岡'), (1121303, '山岸'), (1121304, '上米内'), (1121305, '大志田'), (1121306, '浅岸'), (1121307, '区界'), (1121308, '松草'), (1121309, '平津戸'), (1121310, '川内'), (1121311, '箱石'), (1121312, '陸中川井'), (1121313, '腹帯'), (1121314, '茂市'), (1121315, '蟇目'), (1121316, '花原市'), (1121317, '千徳'), (1121318, '宮古'), (1121319, '磯鶏'), (1121320, '津軽石'), (1121321, '豊間根'), (1121322, '陸中山田'), (1121323, '織笠'), (1121324, '岩手船越'), (1121325, '浪板海岸'), (1121326, '吉里吉里'), (1121327, '大槌'), (1121328, '鵜住居'), (1121329, '両石'), (1121330, '釜石')]","452.320,191.213,471.059,206.824","[{'station_cd': 1121301, 'x': 7, 'y': 24}, {'station_cd': 1121302, 'x': 9, 'y': 22}, {'station_cd': 1121303, 'x': 12, 'y': 21}, {'station_cd': 1121304, 'x': 17, 'y': 16}, {'station_cd': 1121305, 'x': 27, 'y': 17}, {'station_cd': 1121306, 'x': 35, 'y': 24}, {'station_cd': 1121307, 'x': 37, 'y': 35}, {'station_cd': 1121308, 'x': 48, 'y': 39}, {'station_cd': 1121309, 'x': 58, 'y': 42}, {'station_cd': 1121310, 'x': 70, 'y': 39}, {'station_cd': 1121311, 'x': 74, 'y': 44}, {'station_cd': 1121312, 'x': 82, 'y': 48}, {'station_cd': 1121313, 'x': 93, 'y': 48}, {'station_cd': 1121314, 'x': 98, 'y': 45}, {'station_cd': 1121315, 'x': 103, 'y': 44}, {'station_cd': 1121316, 'x': 106, 'y': 44}, {'station_cd': 1121317, 'x': 113, 'y': 44}, {'station_cd': 1121318, 'x': 118, 'y': 43}, {'station_cd': 1121319, 'x': 120, 'y': 45}, {'station_cd': 1121320, 'x': 117, 'y': 54}, {'station_cd': 1121321, 'x': 115, 'y': 62}, {'station_cd': 1121322, 'x': 118, 'y': 76}, {'station_cd': 1121323, 'x': 119, 'y': 79}, {'station_cd': 1121324, 'x': 121, 'y': 82}, {'station_cd': 1121325, 'x': 115, 'y': 91}, {'station_cd': 1121326, 'x': 116, 'y': 94}, {'station_cd': 1121327, 'x': 111, 'y': 96}, {'station_cd': 1121328, 'x': 109, 'y': 102}, {'station_cd': 1121329, 'x': 109, 'y': 105}, {'station_cd': 1121330, 'x': 107, 'y': 112}]"
11214,JR羽越本線,"[(1121401, '新津'), (1121402, '京ケ瀬'), (1121403, '水原'), (1121404, '神山'), (1121405, '月岡'), (1121406, '中浦'), (1121407, '新発田'), (1121408, '加治'), (1121409, '金塚'), (1121410, '中条'), (1121411, '平木田'), (1121412, '坂町'), (1121413, '平林'), (1121414, '岩船町'), (1121415, '村上'), (1121416, '間島'), (1121417, '越後早川'), (1121418, '桑川'), (1121419, '今川'), (1121420, '越後寒川'), (1121421, '勝木'), (1121422, '府屋'), (1121423, '鼠ケ関'), (1121424, '小岩川'), (1121425, 'あつみ温泉'), (1121426, '五十川'), (1121427, '小波渡'), (1121428, '三瀬'), (1121429, '羽前水沢'), (1121430, '羽前大山'), (1121431, '鶴岡'), (1121432, '藤島'), (1121433, '西袋'), (1121434, '余目'), (1121435, '北余目'), (1121436, '砂越'), (1121437, '東酒田'), (1121438, '酒田'), (1121439, '本楯'), (1121440, '南鳥海'), (1121441, '遊佐'), (1121442, '吹浦'), (1121443, '女鹿'), (1121444, '小砂川'), (1121445, '上浜'), (1121446, '象潟'), (1121447, '金浦'), (1121448, '仁賀保'), (1121449, '西目'), (1121450, '羽後本荘'), (1121451, '羽後岩谷'), (1121452, '折渡'), (1121453, '羽後亀田'), (1121454, '岩城みなと'), (1121455, '道川'), (1121456, '下浜'), (1121457, '桂根'), (1121458, '新屋'), (1121459, '羽後牛島'), (1121460, '秋田')]","410.923,187.273,434.328,247.350","[{'station_cd': 1121401, 'x': 41, 'y': 119}, {'station_cd': 1121402, 'x': 44, 'y': 118}, {'station_cd': 1121403, 'x': 45, 'y': 117}, {'station_cd': 1121404, 'x': 47, 'y': 116}, {'station_cd': 1121405, 'x': 48, 'y': 114}, {'station_cd': 1121406, 'x': 49, 'y': 113}, {'station_cd': 1121407, 'x': 51, 'y': 111}, {'station_cd': 1121408, 'x': 52, 'y': 110}, {'station_cd': 1121409, 'x': 53, 'y': 107}, {'station_cd': 1121410, 'x': 53, 'y': 105}, {'station_cd': 1121411, 'x': 55, 'y': 103}, {'station_cd': 1121412, 'x': 56, 'y': 101}, {'station_cd': 1121413, 'x': 56, 'y': 100}, {'station_cd': 1121414, 'x': 56, 'y': 98}, {'station_cd': 1121415, 'x': 56, 'y': 95}, {'station_cd': 1121416, 'x': 56, 'y': 92}, {'station_cd': 1121417, 'x': 56, 'y': 90}, {'station_cd': 1121418, 'x': 56, 'y': 86}, {'station_cd': 1121419, 'x': 57, 'y': 84}, {'station_cd': 1121420, 'x': 58, 'y': 82}, {'station_cd': 1121421, 'x': 59, 'y': 80}, {'station_cd': 1121422, 'x': 60, 'y': 78}, {'station_cd': 1121423, 'x': 60, 'y': 76}, {'station_cd': 1121424, 'x': 61, 'y': 74}, {'station_cd': 1121425, 'x': 62, 'y': 72}, {'station_cd': 1121426, 'x': 63, 'y': 69}, {'station_cd': 1121427, 'x': 65, 'y': 68}, {'station_cd': 1121428, 'x': 66, 'y': 68}, {'station_cd': 1121429, 'x': 68, 'y': 67}, {'station_cd': 1121430, 'x': 70, 'y': 65}, {'station_cd': 1121431, 'x': 73, 'y': 66}, {'station_cd': 1121432, 'x': 75, 'y': 64}, {'station_cd': 1121433, 'x': 76, 'y': 62}, {'station_cd': 1121434, 'x': 76, 'y': 60}, {'station_cd': 1121435, 'x': 76, 'y': 58}, {'station_cd': 1121436, 'x': 76, 'y': 57}, {'station_cd': 1121437, 'x': 75, 'y': 56}, {'station_cd': 1121438, 'x': 74, 'y': 55}, {'station_cd': 1121439, 'x': 75, 'y': 52}, {'station_cd': 1121440, 'x': 76, 'y': 51}, {'station_cd': 1121441, 'x': 76, 'y': 50}, {'station_cd': 1121442, 'x': 75, 'y': 46}, {'station_cd': 1121443, 'x': 75, 'y': 45}, {'station_cd': 1121444, 'x': 76, 'y': 42}, {'station_cd': 1121445, 'x': 76, 'y': 41}, {'station_cd': 1121446, 'x': 76, 'y': 38}, {'station_cd': 1121447, 'x': 77, 'y': 35}, {'station_cd': 1121448, 'x': 79, 'y': 33}, {'station_cd': 1121449, 'x': 81, 'y': 30}, {'station_cd': 1121450, 'x': 83, 'y': 28}, {'station_cd': 1121451, 'x': 85, 'y': 25}, {'station_cd': 1121452, 'x': 85, 'y': 23}, {'station_cd': 1121453, 'x': 84, 'y': 22}, {'station_cd': 1121454, 'x': 83, 'y': 19}, {'station_cd': 1121455, 'x': 83, 'y': 18}, {'station_cd': 1121456, 'x': 84, 'y': 14}, {'station_cd': 1121457, 'x': 84, 'y': 13}, {'station_cd': 1121458, 'x': 85, 'y': 11}, {'station_cd': 1121459, 'x': 86, 'y': 10}, {'station_cd': 1121460, 'x': 87, 'y': 9}]"
11215,JR男鹿線,"[(1121501, '追分'), (1121502, '出戸浜'), (1121503, '上二田'), (1121504, '二田'), (1121505, '天王'), (1121506, '船越'), (1121507, '脇本'), (1121508, '羽立'), (1121509, '男鹿')]","424.808,182.053,434.808,192.053","[{'station_cd': 1121501, 'x': 90, 'y': 85}, {'station_cd': 1121502, 'x': 82, 'y': 72}, {'station_cd': 1121503, 'x': 77, 'y': 63}, {'station_cd': 1121504, 'x': 73, 'y': 58}, {'station_cd': 1121505, 'x': 67, 'y': 51}, {'station_cd': 1121506, 'x': 63, 'y': 49}, {'station_cd': 1121507, 'x': 51, 'y': 44}, {'station_cd': 1121508, 'x': 41, 'y': 48}, {'station_cd': 1121509, 'x': 37, 'y': 54}]"
11216,山形線,"[(1121601, '福島'), (1121602, '笹木野'), (1121603, '庭坂'), (1121604, '赤岩'), (1121605, '板谷'), (1121606, '峠'), (1121607, '大沢'), (1121608, '関根'), (1121609, '米沢'), (1121610, '置賜'), (1121611, '高畠'), (1121612, '赤湯'), (1121613, '中川'), (1121614, '羽前中山'), (1121615, 'かみのやま温泉'), (1121616, '茂吉記念館前'), (1121617, '蔵王'), (1121618, '山形'), (1121619, '北山形'), (1121620, '羽前千歳'), (1121621, '南出羽'), (1121622, '漆山'), (1121623, '高擶'), (1121636, '天童南'), (1121624, '天童'), (1121625, '乱川'), (1121626, '神町'), (1121627, 'さくらんぼ東根'), (1121628, '東根'), (1121629, '村山'), (1121630, '袖崎'), (1121631, '大石田'), (1121632, '北大石田'), (1121633, '芦沢'), (1121634, '舟形'), (1121635, '新庄')]","430.725,216.443,440.725,247.766","[{'station_cd': 1121601, 'x': 76, 'y': 122}, {'station_cd': 1121602, 'x': 74, 'y': 121}, {'station_cd': 1121603, 'x': 71, 'y': 120}, {'station_cd': 1121604, 'x': 66, 'y': 116}, {'station_cd': 1121605, 'x': 61, 'y': 115}, {'station_cd': 1121606, 'x': 58, 'y': 114}, {'station_cd': 1121607, 'x': 55, 'y': 111}, {'station_cd': 1121608, 'x': 51, 'y': 108}, {'station_cd': 1121609, 'x': 50, 'y': 103}, {'station_cd': 1121610, 'x': 51, 'y': 98}, {'station_cd': 1121611, 'x': 52, 'y': 93}, {'station_cd': 1121612, 'x': 52, 'y': 87}, {'station_cd': 1121613, 'x': 56, 'y': 82}, {'station_cd': 1121614, 'x': 58, 'y': 79}, {'station_cd': 1121615, 'x': 63, 'y': 76}, {'station_cd': 1121616, 'x': 64, 'y': 74}, {'station_cd': 1121617, 'x': 65, 'y': 70}, {'station_cd': 1121618, 'x': 67, 'y': 65}, {'station_cd': 1121619, 'x': 67, 'y': 63}, {'station_cd': 1121620, 'x': 68, 'y': 61}, {'station_cd': 1121621, 'x': 68, 'y': 59}, {'station_cd': 1121622, 'x': 69, 'y': 58}, {'station_cd': 1121623, 'x': 69, 'y': 56}, {'station_cd': 1121636, 'x': 70, 'y': 55}, {'station_cd': 1121624, 'x': 70, 'y': 53}, {'station_cd': 1121625, 'x': 71, 'y': 50}, {'station_cd': 1121626, 'x': 71, 'y': 47}, {'station_cd': 1121627, 'x': 71, 'y': 45}, {'station_cd': 1121628, 'x': 72, 'y': 43}, {'station_cd': 1121629, 'x': 72, 'y': 40}, {'station_cd': 1121630, 'x': 73, 'y': 32}, {'station_cd': 1121631, 'x': 71, 'y': 26}, {'station_cd': 1121632, 'x': 71, 'y': 22}, {'station_cd': 1121633, 'x': 70, 'y': 19}, {'station_cd': 1121634, 'x': 67, 'y': 15}, {'station_cd': 1121635, 'x': 66, 'y': 7}]"
11217,JR仙山線,"[(1121701, '仙台'), (1121702, '東照宮'), (1121703, '北仙台'), (1121704, '北山'), (1121722, '東北福祉大前'), (1121705, '国見'), (1121706, '葛岡'), (1121707, '陸前落合'), (1121708, '愛子'), (1121709, '陸前白沢'), (1121710, '熊ケ根'), (1121711, '西仙台ハイランド'), (1121712, '作並'), (1121713, '八ツ森'), (1121714, '奥新川'), (1121715, '面白山高原'), (1121716, '山寺'), (1121717, '高瀬'), (1121718, '楯山'), (1121719, '羽前千歳'), (1121720, '北山形'), (1121721, '山形')]","435.823,226.623,448.202,236.623","[{'station_cd': 1121701, 'x': 121, 'y': 77}, {'station_cd': 1121702, 'x': 122, 'y': 72}, {'station_cd': 1121703, 'x': 118, 'y': 70}, {'station_cd': 1121704, 'x': 115, 'y': 69}, {'station_cd': 1121722, 'x': 113, 'y': 70}, {'station_cd': 1121705, 'x': 111, 'y': 72}, {'station_cd': 1121706, 'x': 108, 'y': 73}, {'station_cd': 1121707, 'x': 102, 'y': 71}, {'station_cd': 1121708, 'x': 96, 'y': 71}, {'station_cd': 1121709, 'x': 84, 'y': 69}, {'station_cd': 1121710, 'x': 79, 'y': 63}, {'station_cd': 1121711, 'x': 76, 'y': 61}, {'station_cd': 1121712, 'x': 69, 'y': 57}, {'station_cd': 1121713, 'x': 66, 'y': 59}, {'station_cd': 1121714, 'x': 62, 'y': 54}, {'station_cd': 1121715, 'x': 41, 'y': 50}, {'station_cd': 1121716, 'x': 28, 'y': 56}, {'station_cd': 1121717, 'x': 20, 'y': 58}, {'station_cd': 1121718, 'x': 15, 'y': 58}, {'station_cd': 1121719, 'x': 9, 'y': 61}, {'station_cd': 1121720, 'x': 7, 'y': 67}, {'station_cd': 1121721, 'x': 6, 'y': 72}]"
11218,フルーツライン左沢線,"[(1121801, '山形'), (1121802, '北山形'), (1121803, '東金井'), (1121804, '羽前山辺'), (1121805, '羽前金沢'), (1121806, '羽前長崎'), (1121807, '南寒河江'), (1121808, '寒河江'), (1121809, '西寒河江'), (1121810, '羽前高松'), (1121811, '柴橋'), (1121812, '左沢')]","430.290,225.282,440.290,235.282","[{'station_cd': 1121801, 'x': 78, 'y': 92}, {'station_cd': 1121802, 'x': 80, 'y': 85}, {'station_cd': 1121803, 'x': 72, 'y': 81}, {'station_cd': 1121804, 'x': 64, 'y': 74}, {'station_cd': 1121805, 'x': 64, 'y': 65}, {'station_cd': 1121806, 'x': 65, 'y': 60}, {'station_cd': 1121807, 'x': 66, 'y': 52}, {'station_cd': 1121808, 'x': 65, 'y': 46}, {'station_cd': 1121809, 'x': 63, 'y': 44}, {'station_cd': 1121810, 'x': 59, 'y': 37}, {'station_cd': 1121811, 'x': 53, 'y': 43}, {'station_cd': 1121812, 'x': 48, 'y': 42}]"
11219,JR米坂線,"[(1121901, '米沢'), (1121902, '南米沢'), (1121903, '西米沢'), (1121904, '成島'), (1121905, '中郡'), (1121906, '羽前小松'), (1121907, '犬川'), (1121908, '今泉'), (1121909, '萩生'), (1121910, '羽前椿'), (1121911, '手ノ子'), (1121912, '羽前沼沢'), (1121913, '伊佐領'), (1121914, '羽前松岡'), (1121915, '小国'), (1121916, '越後金丸'), (1121917, '越後片貝'), (1121918, '越後下関'), (1121919, '越後大島'), (1121920, '坂町')]","417.847,233.402,433.017,243.402","[{'station_cd': 1121901, 'x': 121, 'y': 91}, {'station_cd': 1121902, 'x': 118, 'y': 94}, {'station_cd': 1121903, 'x': 114, 'y': 89}, {'station_cd': 1121904, 'x': 112, 'y': 82}, {'station_cd': 1121905, 'x': 111, 'y': 76}, {'station_cd': 1121906, 'x': 108, 'y': 68}, {'station_cd': 1121907, 'x': 109, 'y': 63}, {'station_cd': 1121908, 'x': 108, 'y': 55}, {'station_cd': 1121909, 'x': 101, 'y': 54}, {'station_cd': 1121910, 'x': 99, 'y': 59}, {'station_cd': 1121911, 'x': 93, 'y': 65}, {'station_cd': 1121912, 'x': 79, 'y': 60}, {'station_cd': 1121913, 'x': 70, 'y': 54}, {'station_cd': 1121914, 'x': 63, 'y': 55}, {'station_cd': 1121915, 'x': 58, 'y': 51}, {'station_cd': 1121916, 'x': 43, 'y': 49}, {'station_cd': 1121917, 'x': 36, 'y': 47}, {'station_cd': 1121918, 'x': 26, 'y': 42}, {'station_cd': 1121919, 'x': 19, 'y': 39}, {'station_cd': 1121920, 'x': 7, 'y': 34}]"
11220,奥の細道最上川ライン,"[(1122001, '新庄'), (1122002, '升形'), (1122003, '羽前前波'), (1122004, '津谷'), (1122005, '古口'), (1122006, '高屋'), (1122007, '清川'), (1122008, '狩川'), (1122009, '南野'), (1122010, '余目')]","427.316,212.058,437.316,222.058","[{'station_cd': 1122001, 'x': 114, 'y': 77}, {'station_cd': 1122002, 'x': 98, 'y': 80}, {'station_cd': 1122003, 'x': 90, 'y': 81}, {'station_cd': 1122004, 'x': 84, 'y': 84}, {'station_cd': 1122005, 'x': 73, 'y': 84}, {'station_cd': 1122006, 'x': 54, 'y': 77}, {'station_cd': 1122007, 'x': 41, 'y': 63}, {'station_cd': 1122008, 'x': 30, 'y': 61}, {'station_cd': 1122009, 'x': 22, 'y': 51}, {'station_cd': 1122010, 'x': 14, 'y': 42}]"
11221,奥の細道湯けむりライン,"[(1122101, '小牛田'), (1122102, '北浦'), (1122103, '陸前谷地'), (1122104, '古川'), (1122105, '塚目'), (1122106, '西古川'), (1122107, '東大崎'), (1122108, '西大崎'), (1122109, '岩出山'), (1122110, '有備館'), (1122111, '上野目'), (1122112, '池月'), (1122113, '川渡温泉'), (1122114, '鳴子御殿湯'), (1122115, '鳴子温泉'), (1122116, '中山平温泉'), (1122117, '堺田'), (1122118, '赤倉温泉'), (1122119, '立小路'), (1122120, '最上'), (1122121, '大堀'), (1122122, '鵜杉'), (1122123, '瀬見温泉'), (1122124, '東長沢'), (1122125, '長沢'), (1122126, '南新庄'), (1122127, '新庄')]","435.362,216.637,452.205,226.637","[{'station_cd': 1122101, 'x': 121, 'y': 92}, {'station_cd': 1122102, 'x': 115, 'y': 87}, {'station_cd': 1122103, 'x': 111, 'y': 86}, {'station_cd': 1122104, 'x': 107, 'y': 84}, {'station_cd': 1122105, 'x': 102, 'y': 84}, {'station_cd': 1122106, 'x': 96, 'y': 82}, {'station_cd': 1122107, 'x': 96, 'y': 76}, {'station_cd': 1122108, 'x': 95, 'y': 71}, {'station_cd': 1122109, 'x': 92, 'y': 66}, {'station_cd': 1122110, 'x': 91, 'y': 65}, {'station_cd': 1122111, 'x': 91, 'y': 60}, {'station_cd': 1122112, 'x': 87, 'y': 54}, {'station_cd': 1122113, 'x': 79, 'y': 47}, {'station_cd': 1122114, 'x': 72, 'y': 45}, {'station_cd': 1122115, 'x': 69, 'y': 45}, {'station_cd': 1122116, 'x': 62, 'y': 48}, {'station_cd': 1122117, 'x': 53, 'y': 46}, {'station_cd': 1122118, 'x': 44, 'y': 46}, {'station_cd': 1122119, 'x': 43, 'y': 44}, {'station_cd': 1122120, 'x': 39, 'y': 41}, {'station_cd': 1122121, 'x': 33, 'y': 38}, {'station_cd': 1122122, 'x': 29, 'y': 38}, {'station_cd': 1122123, 'x': 24, 'y': 40}, {'station_cd': 1122124, 'x': 18, 'y': 47}, {'station_cd': 1122125, 'x': 16, 'y': 49}, {'station_cd': 1122126, 'x': 8, 'y': 46}, {'station_cd': 1122127, 'x': 7, 'y': 37}]"
11222,JR仙石線,"[(1122201, 'あおば通'), (1122202, '仙台'), (1122203, '榴ケ岡'), (1122204, '宮城野原'), (1122205, '陸前原ノ町'), (1122206, '苦竹'), (1122207, '小鶴新田'), (1122208, '福田町'), (1122209, '陸前高砂'), (1122210, '中野栄'), (1122211, '多賀城'), (1122212, '下馬'), (1122213, '西塩釜'), (1122214, '本塩釜'), (1122215, '東塩釜'), (1122216, '陸前浜田'), (1122217, '松島海岸'), (1122218, '高城町'), (1122219, '手樽'), (1122220, '陸前富山'), (1122221, '陸前大塚'), (1122222, '東名'), (1122223, '野蒜'), (1122224, '陸前小野'), (1122225, '鹿妻'), (1122226, '矢本'), (1122227, '東矢本'), (1122228, '陸前赤井'), (1122232, '石巻あゆみ野'), (1122229, '蛇田'), (1122230, '陸前山下'), (1122231, '石巻')]","446.737,225.655,456.737,235.655","[{'station_cd': 1122201, 'x': 9, 'y': 92}, {'station_cd': 1122202, 'x': 10, 'y': 92}, {'station_cd': 1122203, 'x': 13, 'y': 93}, {'station_cd': 1122204, 'x': 16, 'y': 92}, {'station_cd': 1122205, 'x': 17, 'y': 90}, {'station_cd': 1122206, 'x': 19, 'y': 89}, {'station_cd': 1122207, 'x': 24, 'y': 88}, {'station_cd': 1122208, 'x': 29, 'y': 88}, {'station_cd': 1122209, 'x': 32, 'y': 89}, {'station_cd': 1122210, 'x': 36, 'y': 86}, {'station_cd': 1122211, 'x': 42, 'y': 83}, {'station_cd': 1122212, 'x': 44, 'y': 78}, {'station_cd': 1122213, 'x': 45, 'y': 76}, {'station_cd': 1122214, 'x': 46, 'y': 74}, {'station_cd': 1122215, 'x': 49, 'y': 71}, {'station_cd': 1122216, 'x': 51, 'y': 62}, {'station_cd': 1122217, 'x': 56, 'y': 56}, {'station_cd': 1122218, 'x': 60, 'y': 52}, {'station_cd': 1122219, 'x': 65, 'y': 50}, {'station_cd': 1122220, 'x': 68, 'y': 51}, {'station_cd': 1122221, 'x': 74, 'y': 54}, {'station_cd': 1122222, 'x': 78, 'y': 55}, {'station_cd': 1122223, 'x': 81, 'y': 54}, {'station_cd': 1122224, 'x': 86, 'y': 49}, {'station_cd': 1122225, 'x': 90, 'y': 46}, {'station_cd': 1122226, 'x': 95, 'y': 40}, {'station_cd': 1122227, 'x': 98, 'y': 38}, {'station_cd': 1122228, 'x': 103, 'y': 37}, {'station_cd': 1122232, 'x': 108, 'y': 36}, {'station_cd': 1122229, 'x': 112, 'y': 35}, {'station_cd': 1122230, 'x': 115, 'y': 36}, {'station_cd': 1122231, 'x': 119, 'y': 37}]"
11223,JR石巻線,"[(1122301, '小牛田'), (1122302, '上涌谷'), (1122303, '涌谷'), (1122304, '前谷地'), (1122305, '佳景山'), (1122306, '鹿又'), (1122307, '曽波神'), (1122308, '石巻'), (1122309, '陸前稲井'), (1122310, '渡波'), (1122311, '万石浦'), (1122312, '沢田'), (1122313, '浦宿'), (1122314, '女川')]","450.090,222.088,460.090,232.088","[{'station_cd': 1122301, 'x': 16, 'y': 41}, {'station_cd': 1122302, 'x': 25, 'y': 38}, {'station_cd': 1122303, 'x': 32, 'y': 43}, {'station_cd': 1122304, 'x': 49, 'y': 53}, {'station_cd': 1122305, 'x': 60, 'y': 59}, {'station_cd': 1122306, 'x': 71, 'y': 64}, {'station_cd': 1122307, 'x': 72, 'y': 71}, {'station_cd': 1122308, 'x': 76, 'y': 82}, {'station_cd': 1122309, 'x': 84, 'y': 79}, {'station_cd': 1122310, 'x': 92, 'y': 89}, {'station_cd': 1122311, 'x': 93, 'y': 86}, {'station_cd': 1122312, 'x': 96, 'y': 85}, {'station_cd': 1122313, 'x': 106, 'y': 84}, {'station_cd': 1122314, 'x': 113, 'y': 81}]"
11224,JR気仙沼線,"[(1122401, '前谷地'), (1122402, '和渕'), (1122403, 'のの岳'), (1122404, '陸前豊里'), (1122405, '御岳堂'), (1122406, '柳津'), (1122407, '陸前横山'), (1122408, '陸前戸倉'), (1122409, '志津川'), (1122410, '清水浜'), (1122411, '歌津'), (1122412, '陸前港'), (1122413, '蔵内'), (1122414, '陸前小泉'), (1122415, '本吉'), (1122416, '小金沢'), (1122417, '大谷海岸'), (1122418, '陸前階上'), (1122419, '最知'), (1122420, '松岩'), (1122421, '南気仙沼'), (1122422, '不動の沢'), (1122423, '気仙沼')]","452.910,214.602,462.910,227.337","[{'station_cd': 1122401, 'x': 24, 'y': 117}, {'station_cd': 1122402, 'x': 29, 'y': 114}, {'station_cd': 1122403, 'x': 30, 'y': 106}, {'station_cd': 1122404, 'x': 34, 'y': 98}, {'station_cd': 1122405, 'x': 38, 'y': 92}, {'station_cd': 1122406, 'x': 47, 'y': 91}, {'station_cd': 1122407, 'x': 56, 'y': 86}, {'station_cd': 1122408, 'x': 73, 'y': 82}, {'station_cd': 1122409, 'x': 75, 'y': 74}, {'station_cd': 1122410, 'x': 84, 'y': 71}, {'station_cd': 1122411, 'x': 90, 'y': 64}, {'station_cd': 1122412, 'x': 93, 'y': 58}, {'station_cd': 1122413, 'x': 91, 'y': 54}, {'station_cd': 1122414, 'x': 88, 'y': 50}, {'station_cd': 1122415, 'x': 87, 'y': 45}, {'station_cd': 1122416, 'x': 94, 'y': 42}, {'station_cd': 1122417, 'x': 100, 'y': 38}, {'station_cd': 1122418, 'x': 103, 'y': 31}, {'station_cd': 1122419, 'x': 104, 'y': 27}, {'station_cd': 1122420, 'x': 104, 'y': 21}, {'station_cd': 1122421, 'x': 103, 'y': 15}, {'station_cd': 1122422, 'x': 100, 'y': 14}, {'station_cd': 1122423, 'x': 99, 'y': 11}]"
11225,JR磐越西線(郡山～会津若松),"[(1122501, '郡山'), (1122516, '郡山富田'), (1122502, '喜久田'), (1122503, '安子ケ島'), (1122504, '磐梯熱海'), (1122505, '中山宿'), (1122506, '上戸'), (1122507, '猪苗代湖畔'), (1122508, '関都'), (1122509, '川桁'), (1122510, '猪苗代'), (1122511, '翁島'), (1122512, '磐梯町'), (1122513, '東長原'), (1122514, '広田'), (1122515, '会津若松')]","427.490,248.501,437.709,258.501","[{'station_cd': 1122501, 'x': 121, 'y': 97}, {'station_cd': 1122516, 'x': 116, 'y': 89}, {'station_cd': 1122502, 'x': 109, 'y': 78}, {'station_cd': 1122503, 'x': 102, 'y': 70}, {'station_cd': 1122504, 'x': 92, 'y': 66}, {'station_cd': 1122505, 'x': 79, 'y': 60}, {'station_cd': 1122506, 'x': 65, 'y': 62}, {'station_cd': 1122507, 'x': 61, 'y': 57}, {'station_cd': 1122508, 'x': 60, 'y': 52}, {'station_cd': 1122509, 'x': 59, 'y': 45}, {'station_cd': 1122510, 'x': 50, 'y': 41}, {'station_cd': 1122511, 'x': 38, 'y': 38}, {'station_cd': 1122512, 'x': 23, 'y': 35}, {'station_cd': 1122513, 'x': 12, 'y': 31}, {'station_cd': 1122514, 'x': 8, 'y': 37}, {'station_cd': 1122515, 'x': 7, 'y': 51}]"
11226,森と水とロマンの鉄道,"[(1122601, '会津若松'), (1122602, '堂島'), (1122603, '笈川'), (1122604, '塩川'), (1122605, '姥堂'), (1122606, '会津豊川'), (1122607, '喜多方'), (1122608, '山都'), (1122609, '荻野'), (1122610, '尾登'), (1122611, '野沢'), (1122612, '上野尻'), (1122613, '徳沢'), (1122614, '豊実'), (1122615, '日出谷'), (1122616, '鹿瀬'), (1122617, '津川'), (1122618, '三川'), (1122619, '五十島'), (1122620, '東下条'), (1122621, '咲花'), (1122622, '馬下'), (1122623, '猿和田'), (1122624, '五泉'), (1122625, '北五泉'), (1122626, '新関'), (1122627, '東新津'), (1122628, '新津')]","411.004,242.823,428.999,252.919","[{'station_cd': 1122601, 'x': 121, 'y': 97}, {'station_cd': 1122602, 'x': 119, 'y': 87}, {'station_cd': 1122603, 'x': 116, 'y': 82}, {'station_cd': 1122604, 'x': 115, 'y': 79}, {'station_cd': 1122605, 'x': 114, 'y': 75}, {'station_cd': 1122606, 'x': 114, 'y': 71}, {'station_cd': 1122607, 'x': 113, 'y': 69}, {'station_cd': 1122608, 'x': 98, 'y': 69}, {'station_cd': 1122609, 'x': 92, 'y': 73}, {'station_cd': 1122610, 'x': 87, 'y': 75}, {'station_cd': 1122611, 'x': 81, 'y': 78}, {'station_cd': 1122612, 'x': 79, 'y': 71}, {'station_cd': 1122613, 'x': 75, 'y': 62}, {'station_cd': 1122614, 'x': 71, 'y': 59}, {'station_cd': 1122615, 'x': 65, 'y': 54}, {'station_cd': 1122616, 'x': 58, 'y': 55}, {'station_cd': 1122617, 'x': 53, 'y': 57}, {'station_cd': 1122618, 'x': 44, 'y': 52}, {'station_cd': 1122619, 'x': 40, 'y': 50}, {'station_cd': 1122620, 'x': 35, 'y': 46}, {'station_cd': 1122621, 'x': 31, 'y': 46}, {'station_cd': 1122622, 'x': 27, 'y': 45}, {'station_cd': 1122623, 'x': 21, 'y': 46}, {'station_cd': 1122624, 'x': 15, 'y': 45}, {'station_cd': 1122625, 'x': 14, 'y': 42}, {'station_cd': 1122626, 'x': 13, 'y': 38}, {'station_cd': 1122627, 'x': 10, 'y': 34}, {'station_cd': 1122628, 'x': 7, 'y': 31}]"
11227,JR只見線,"[(1122701, '会津若松'), (1122702, '七日町'), (1122703, '西若松'), (1122704, '会津本郷'), (1122705, '会津高田'), (1122706, '根岸'), (1122707, '新鶴'), (1122708, '若宮'), (1122709, '会津坂下'), (1122710, '塔寺'), (1122711, '会津坂本'), (1122712, '会津柳津'), (1122713, '郷戸'), (1122714, '滝谷'), (1122715, '会津桧原'), (1122716, '会津西方'), (1122717, '会津宮下'), (1122718, '早戸'), (1122719, '会津水沼'), (1122720, '会津中川'), (1122721, '会津川口'), (1122722, '本名'), (1122723, '会津越川'), (1122724, '会津横田'), (1122725, '会津大塩'), (1122726, '会津塩沢'), (1122727, '会津蒲生'), (1122728, '只見'), (1122729, '田子倉'), (1122730, '大白川'), (1122731, '柿ノ木'), (1122732, '入広瀬'), (1122733, '上条'), (1122734, '越後須原'), (1122735, '魚沼田中'), (1122736, '越後広瀬'), (1122737, '藪神'), (1122738, '小出')]","407.317,248.950,429.038,260.644","[{'station_cd': 1122701, 'x': 122, 'y': 50}, {'station_cd': 1122702, 'x': 121, 'y': 51}, {'station_cd': 1122703, 'x': 120, 'y': 54}, {'station_cd': 1122704, 'x': 117, 'y': 57}, {'station_cd': 1122705, 'x': 111, 'y': 56}, {'station_cd': 1122706, 'x': 110, 'y': 51}, {'station_cd': 1122707, 'x': 110, 'y': 48}, {'station_cd': 1122708, 'x': 110, 'y': 45}, {'station_cd': 1122709, 'x': 109, 'y': 42}, {'station_cd': 1122710, 'x': 105, 'y': 39}, {'station_cd': 1122711, 'x': 102, 'y': 42}, {'station_cd': 1122712, 'x': 98, 'y': 44}, {'station_cd': 1122713, 'x': 96, 'y': 47}, {'station_cd': 1122714, 'x': 95, 'y': 51}, {'station_cd': 1122715, 'x': 92, 'y': 51}, {'station_cd': 1122716, 'x': 90, 'y': 53}, {'station_cd': 1122717, 'x': 88, 'y': 54}, {'station_cd': 1122718, 'x': 82, 'y': 54}, {'station_cd': 1122719, 'x': 78, 'y': 52}, {'station_cd': 1122720, 'x': 75, 'y': 53}, {'station_cd': 1122721, 'x': 74, 'y': 56}, {'station_cd': 1122722, 'x': 71, 'y': 57}, {'station_cd': 1122723, 'x': 67, 'y': 65}, {'station_cd': 1122724, 'x': 63, 'y': 65}, {'station_cd': 1122725, 'x': 61, 'y': 65}, {'station_cd': 1122726, 'x': 54, 'y': 65}, {'station_cd': 1122727, 'x': 51, 'y': 66}, {'station_cd': 1122728, 'x': 49, 'y': 71}, {'station_cd': 1122729, 'x': 42, 'y': 76}, {'station_cd': 1122730, 'x': 26, 'y': 71}, {'station_cd': 1122731, 'x': 22, 'y': 71}, {'station_cd': 1122732, 'x': 20, 'y': 68}, {'station_cd': 1122733, 'x': 18, 'y': 70}, {'station_cd': 1122734, 'x': 14, 'y': 74}, {'station_cd': 1122735, 'x': 11, 'y': 78}, {'station_cd': 1122736, 'x': 9, 'y': 81}, {'station_cd': 1122737, 'x': 9, 'y': 84}, {'station_cd': 1122738, 'x': 6, 'y': 88}]"
11228,ゆうゆうあぶくまライン,"[(1122801, 'いわき'), (1122802, '赤井'), (1122803, '小川郷'), (1122804, '江田'), (1122805, '川前'), (1122806, '夏井'), (1122807, '小野新町'), (1122808, '神俣'), (1122809, '菅谷'), (1122810, '大越'), (1122811, '磐城常葉'), (1122812, '船引'), (1122813, '要田'), (1122814, '三春'), (1122815, '舞木'), (1122816, '郡山')]","436.443,254.011,447.767,266.846","[{'station_cd': 1122801, 'x': 113, 'y': 122}, {'station_cd': 1122802, 'x': 108, 'y': 116}, {'station_cd': 1122803, 'x': 108, 'y': 103}, {'station_cd': 1122804, 'x': 101, 'y': 88}, {'station_cd': 1122805, 'x': 86, 'y': 79}, {'station_cd': 1122806, 'x': 68, 'y': 65}, {'station_cd': 1122807, 'x': 63, 'y': 58}, {'station_cd': 1122808, 'x': 68, 'y': 45}, {'station_cd': 1122809, 'x': 65, 'y': 38}, {'station_cd': 1122810, 'x': 63, 'y': 28}, {'station_cd': 1122811, 'x': 58, 'y': 18}, {'station_cd': 1122812, 'x': 52, 'y': 11}, {'station_cd': 1122813, 'x': 41, 'y': 8}, {'station_cd': 1122814, 'x': 33, 'y': 8}, {'station_cd': 1122815, 'x': 24, 'y': 17}, {'station_cd': 1122816, 'x': 15, 'y': 21}]"
11229,JR常磐線(取手～いわき),"[(1122901, '取手'), (1122902, '藤代'), (1122903, '龍ケ崎市'), (1122904, '牛久'), (1122905, 'ひたち野うしく'), (1122906, '荒川沖'), (1122907, '土浦'), (1122908, '神立'), (1122909, '高浜'), (1122910, '石岡'), (1122911, '羽鳥'), (1122912, '岩間'), (1122913, '友部'), (1122914, '内原'), (1122915, '赤塚'), (1122916, '偕楽園'), (1122917, '水戸'), (1122918, '勝田'), (1122919, '佐和'), (1122920, '東海'), (1122921, '大甕'), (1122922, '常陸多賀'), (1122923, '日立'), (1122924, '小木津'), (1122925, '十王'), (1122926, '高萩'), (1122927, '南中郷'), (1122928, '磯原'), (1122929, '大津港'), (1122930, '勿来'), (1122931, '植田'), (1122932, '泉'), (1122933, '湯本'), (1122934, '内郷'), (1122935, 'いわき')]","428.902,263.492,447.891,300.259","[{'station_cd': 1122901, 'x': 34, 'y': 118}, {'station_cd': 1122902, 'x': 38, 'y': 116}, {'station_cd': 1122903, 'x': 39, 'y': 115}, {'station_cd': 1122904, 'x': 40, 'y': 111}, {'station_cd': 1122905, 'x': 41, 'y': 108}, {'station_cd': 1122906, 'x': 41, 'y': 106}, {'station_cd': 1122907, 'x': 44, 'y': 101}, {'station_cd': 1122908, 'x': 47, 'y': 97}, {'station_cd': 1122909, 'x': 51, 'y': 93}, {'station_cd': 1122910, 'x': 50, 'y': 91}, {'station_cd': 1122911, 'x': 50, 'y': 85}, {'station_cd': 1122912, 'x': 50, 'y': 81}, {'station_cd': 1122913, 'x': 52, 'y': 75}, {'station_cd': 1122914, 'x': 55, 'y': 74}, {'station_cd': 1122915, 'x': 59, 'y': 73}, {'station_cd': 1122916, 'x': 62, 'y': 74}, {'station_cd': 1122917, 'x': 64, 'y': 74}, {'station_cd': 1122918, 'x': 67, 'y': 72}, {'station_cd': 1122919, 'x': 68, 'y': 69}, {'station_cd': 1122920, 'x': 70, 'y': 66}, {'station_cd': 1122921, 'x': 74, 'y': 61}, {'station_cd': 1122922, 'x': 75, 'y': 57}, {'station_cd': 1122923, 'x': 77, 'y': 54}, {'station_cd': 1122924, 'x': 78, 'y': 49}, {'station_cd': 1122925, 'x': 79, 'y': 46}, {'station_cd': 1122926, 'x': 81, 'y': 42}, {'station_cd': 1122927, 'x': 82, 'y': 38}, {'station_cd': 1122928, 'x': 83, 'y': 35}, {'station_cd': 1122929, 'x': 86, 'y': 30}, {'station_cd': 1122930, 'x': 86, 'y': 26}, {'station_cd': 1122931, 'x': 87, 'y': 23}, {'station_cd': 1122932, 'x': 91, 'y': 19}, {'station_cd': 1122933, 'x': 91, 'y': 14}, {'station_cd': 1122934, 'x': 91, 'y': 12}, {'station_cd': 1122935, 'x': 94, 'y': 10}]"
11230,JR常磐線(いわき～仙台),"[(1123001, 'いわき'), (1123002, '草野'), (1123003, '四ツ倉'), (1123004, '久ノ浜'), (1123005, '末続'), (1123006, '広野'), (1123035, 'Jヴィレッジ'), (1123007, '木戸'), (1123008, '竜田'), (1123009, '富岡'), (1123010, '夜ノ森'), (1123011, '大野'), (1123012, '双葉'), (1123013, '浪江'), (1123014, '桃内'), (1123015, '小高'), (1123016, '磐城太田'), (1123017, '原ノ町'), (1123018, '鹿島'), (1123019, '日立木'), (1123020, '相馬'), (1123021, '駒ケ嶺'), (1123022, '新地'), (1123023, '坂元'), (1123024, '山下'), (1123025, '浜吉田'), (1123026, '亘理'), (1123027, '逢隈'), (1123028, '岩沼'), (1123029, '館腰'), (1123030, '名取'), (1123031, '南仙台'), (1123034, '太子堂'), (1123032, '長町'), (1123033, '仙台')]","443.298,231.120,453.298,268.118","[{'station_cd': 1123001, 'x': 60, 'y': 122}, {'station_cd': 1123002, 'x': 63, 'y': 120}, {'station_cd': 1123003, 'x': 66, 'y': 118}, {'station_cd': 1123004, 'x': 67, 'y': 114}, {'station_cd': 1123005, 'x': 67, 'y': 111}, {'station_cd': 1123006, 'x': 67, 'y': 107}, {'station_cd': 1123035, 'x': 68, 'y': 104}, {'station_cd': 1123007, 'x': 68, 'y': 103}, {'station_cd': 1123008, 'x': 68, 'y': 101}, {'station_cd': 1123009, 'x': 69, 'y': 96}, {'station_cd': 1123010, 'x': 67, 'y': 92}, {'station_cd': 1123011, 'x': 67, 'y': 88}, {'station_cd': 1123012, 'x': 68, 'y': 84}, {'station_cd': 1123013, 'x': 67, 'y': 80}, {'station_cd': 1123014, 'x': 67, 'y': 77}, {'station_cd': 1123015, 'x': 68, 'y': 74}, {'station_cd': 1123016, 'x': 68, 'y': 69}, {'station_cd': 1123017, 'x': 66, 'y': 66}, {'station_cd': 1123018, 'x': 66, 'y': 60}, {'station_cd': 1123019, 'x': 64, 'y': 55}, {'station_cd': 1123020, 'x': 63, 'y': 50}, {'station_cd': 1123021, 'x': 63, 'y': 46}, {'station_cd': 1123022, 'x': 64, 'y': 43}, {'station_cd': 1123023, 'x': 62, 'y': 38}, {'station_cd': 1123024, 'x': 61, 'y': 34}, {'station_cd': 1123025, 'x': 61, 'y': 31}, {'station_cd': 1123026, 'x': 59, 'y': 27}, {'station_cd': 1123027, 'x': 59, 'y': 24}, {'station_cd': 1123028, 'x': 60, 'y': 20}, {'station_cd': 1123029, 'x': 61, 'y': 17}, {'station_cd': 1123030, 'x': 61, 'y': 14}, {'station_cd': 1123031, 'x': 61, 'y': 12}, {'station_cd': 1123034, 'x': 61, 'y': 10}, {'station_cd': 1123032, 'x': 61, 'y': 9}, {'station_cd': 1123033, 'x': 61, 'y': 6}]"
11231,JR東北本線(黒磯～利府・盛岡),"[(1123101, '黒磯'), (1123102, '高久'), (1123103, '黒田原'), (1123104, '豊原'), (1123105, '白坂'), (1123106, '新白河'), (1123107, '白河'), (1123108, '久田野'), (1123109, '泉崎'), (1123110, '矢吹'), (1123111, '鏡石'), (1123112, '須賀川'), (1123113, '安積永盛'), (1123114, '郡山'), (1123115, '日和田'), (1123116, '五百川'), (1123117, '本宮'), (1123118, '杉田'), (1123119, '二本松'), (1123120, '安達'), (1123121, '松川'), (1123122, '金谷川'), (1123123, '南福島'), (1123124, '福島'), (1123125, '東福島'), (1123126, '伊達'), (1123127, '桑折'), (1123128, '藤田'), (1123129, '貝田'), (1123130, '越河'), (1123131, '白石'), (1123132, '東白石'), (1123133, '北白川'), (1123134, '大河原'), (1123135, '船岡'), (1123136, '槻木'), (1123137, '岩沼'), (1123138, '館腰'), (1123139, '名取'), (1123140, '南仙台'), (1123141, '太子堂'), (1123142, '長町'), (1123143, '仙台'), (1123144, '東仙台'), (1123145, '岩切'), (1123146, '新利府'), (1123147, '利府'), (1123148, '陸前山王'), (1123149, '国府多賀城'), (1123150, '塩釜'), (1123151, '松島'), (1123152, '愛宕'), (1123153, '品井沼'), (1123154, '鹿島台'), (1123155, '松山町'), (1123156, '小牛田'), (1123157, '田尻'), (1123158, '瀬峰'), (1123159, '梅ケ沢'), (1123160, '新田'), (1123161, '石越'), (1123162, '油島'), (1123163, '花泉'), (1123164, '清水原'), (1123165, '有壁'), (1123166, '一ノ関'), (1123167, '山ノ目'), (1123168, '平泉'), (1123169, '前沢'), (1123170, '陸中折居'), (1123171, '水沢'), (1123172, '金ケ崎'), (1123173, '六原'), (1123174, '北上'), (1123175, '村崎野'), (1123176, '花巻'), (1123177, '花巻空港'), (1123178, '石鳥谷'), (1123179, '日詰'), (1123180, '紫波中央'), (1123181, '古館'), (1123182, '矢幅'), (1123183, '岩手飯岡'), (1123184, '仙北町'), (1123185, '盛岡')]","429.118,187.800,455.482,272.965","[{'station_cd': 1123101, 'x': 46, 'y': 120}, {'station_cd': 1123102, 'x': 47, 'y': 119}, {'station_cd': 1123103, 'x': 48, 'y': 118}, {'station_cd': 1123104, 'x': 49, 'y': 117}, {'station_cd': 1123105, 'x': 50, 'y': 115}, {'station_cd': 1123106, 'x': 50, 'y': 114}, {'station_cd': 1123107, 'x': 51, 'y': 114}, {'station_cd': 1123108, 'x': 52, 'y': 113}, {'station_cd': 1123109, 'x': 53, 'y': 113}, {'station_cd': 1123110, 'x': 54, 'y': 111}, {'station_cd': 1123111, 'x': 55, 'y': 109}, {'station_cd': 1123112, 'x': 56, 'y': 107}, {'station_cd': 1123113, 'x': 56, 'y': 104}, {'station_cd': 1123114, 'x': 56, 'y': 103}, {'station_cd': 1123115, 'x': 56, 'y': 101}, {'station_cd': 1123116, 'x': 56, 'y': 99}, {'station_cd': 1123117, 'x': 57, 'y': 98}, {'station_cd': 1123118, 'x': 57, 'y': 96}, {'station_cd': 1123119, 'x': 58, 'y': 95}, {'station_cd': 1123120, 'x': 59, 'y': 94}, {'station_cd': 1123121, 'x': 59, 'y': 92}, {'station_cd': 1123122, 'x': 58, 'y': 91}, {'station_cd': 1123123, 'x': 59, 'y': 89}, {'station_cd': 1123124, 'x': 59, 'y': 88}, {'station_cd': 1123125, 'x': 59, 'y': 86}, {'station_cd': 1123126, 'x': 60, 'y': 85}, {'station_cd': 1123127, 'x': 61, 'y': 84}, {'station_cd': 1123128, 'x': 61, 'y': 83}, {'station_cd': 1123129, 'x': 62, 'y': 82}, {'station_cd': 1123130, 'x': 63, 'y': 81}, {'station_cd': 1123131, 'x': 64, 'y': 78}, {'station_cd': 1123132, 'x': 65, 'y': 77}, {'station_cd': 1123133, 'x': 66, 'y': 77}, {'station_cd': 1123134, 'x': 67, 'y': 76}, {'station_cd': 1123135, 'x': 68, 'y': 76}, {'station_cd': 1123136, 'x': 69, 'y': 75}, {'station_cd': 1123137, 'x': 71, 'y': 74}, {'station_cd': 1123138, 'x': 72, 'y': 73}, {'station_cd': 1123139, 'x': 72, 'y': 71}, {'station_cd': 1123140, 'x': 72, 'y': 70}, {'station_cd': 1123141, 'x': 72, 'y': 69}, {'station_cd': 1123142, 'x': 72, 'y': 69}, {'station_cd': 1123143, 'x': 72, 'y': 68}, {'station_cd': 1123144, 'x': 73, 'y': 67}, {'station_cd': 1123145, 'x': 74, 'y': 66}, {'station_cd': 1123146, 'x': 75, 'y': 65}, {'station_cd': 1123147, 'x': 75, 'y': 65}, {'station_cd': 1123148, 'x': 75, 'y': 66}, {'station_cd': 1123149, 'x': 75, 'y': 66}, {'station_cd': 1123150, 'x': 76, 'y': 66}, {'station_cd': 1123151, 'x': 77, 'y': 63}, {'station_cd': 1123152, 'x': 77, 'y': 62}, {'station_cd': 1123153, 'x': 78, 'y': 61}, {'station_cd': 1123154, 'x': 78, 'y': 59}, {'station_cd': 1123155, 'x': 78, 'y': 58}, {'station_cd': 1123156, 'x': 78, 'y': 56}, {'station_cd': 1123157, 'x': 77, 'y': 54}, {'station_cd': 1123158, 'x': 78, 'y': 52}, {'station_cd': 1123159, 'x': 78, 'y': 50}, {'station_cd': 1123160, 'x': 79, 'y': 49}, {'station_cd': 1123161, 'x': 81, 'y': 47}, {'station_cd': 1123162, 'x': 81, 'y': 46}, {'station_cd': 1123163, 'x': 81, 'y': 44}, {'station_cd': 1123164, 'x': 81, 'y': 43}, {'station_cd': 1123165, 'x': 80, 'y': 43}, {'station_cd': 1123166, 'x': 80, 'y': 40}, {'station_cd': 1123167, 'x': 80, 'y': 39}, {'station_cd': 1123168, 'x': 80, 'y': 38}, {'station_cd': 1123169, 'x': 80, 'y': 35}, {'station_cd': 1123170, 'x': 80, 'y': 33}, {'station_cd': 1123171, 'x': 81, 'y': 31}, {'station_cd': 1123172, 'x': 80, 'y': 29}, {'station_cd': 1123173, 'x': 79, 'y': 28}, {'station_cd': 1123174, 'x': 80, 'y': 25}, {'station_cd': 1123175, 'x': 80, 'y': 24}, {'station_cd': 1123176, 'x': 80, 'y': 21}, {'station_cd': 1123177, 'x': 80, 'y': 19}, {'station_cd': 1123178, 'x': 81, 'y': 17}, {'station_cd': 1123179, 'x': 81, 'y': 15}, {'station_cd': 1123180, 'x': 81, 'y': 14}, {'station_cd': 1123181, 'x': 81, 'y': 13}, {'station_cd': 1123182, 'x': 81, 'y': 12}, {'station_cd': 1123183, 'x': 81, 'y': 10}, {'station_cd': 1123184, 'x': 81, 'y': 9}, {'station_cd': 1123185, 'x': 81, 'y': 8}]"
11301,JR東海道本線(東京～熱海),"[(1130101, '東京'), (1130102, '新橋'), (1130103, '品川'), (1130104, '川崎'), (1130105, '横浜'), (1130106, '戸塚'), (1130107, '大船'), (1130108, '藤沢'), (1130109, '辻堂'), (1130110, '茅ケ崎'), (1130111, '平塚'), (1130112, '大磯'), (1130113, '二宮'), (1130114, '国府津'), (1130115, '鴨宮'), (1130116, '小田原'), (1130117, '早川'), (1130118, '根府川'), (1130119, '真鶴'), (1130120, '湯河原'), (1130121, '熱海')]","408.881,301.286,424.405,319.961","[{'station_cd': 1130101, 'x': 112, 'y': 12}, {'station_cd': 1130102, 'x': 111, 'y': 15}, {'station_cd': 1130103, 'x': 108, 'y': 22}, {'station_cd': 1130104, 'x': 102, 'y': 40}, {'station_cd': 1130105, 'x': 92, 'y': 52}, {'station_cd': 1130106, 'x': 79, 'y': 64}, {'station_cd': 1130107, 'x': 79, 'y': 72}, {'station_cd': 1130108, 'x': 73, 'y': 75}, {'station_cd': 1130109, 'x': 67, 'y': 75}, {'station_cd': 1130110, 'x': 62, 'y': 76}, {'station_cd': 1130111, 'x': 54, 'y': 76}, {'station_cd': 1130112, 'x': 49, 'y': 78}, {'station_cd': 1130113, 'x': 41, 'y': 80}, {'station_cd': 1130114, 'x': 35, 'y': 83}, {'station_cd': 1130115, 'x': 30, 'y': 84}, {'station_cd': 1130116, 'x': 27, 'y': 88}, {'station_cd': 1130117, 'x': 25, 'y': 91}, {'station_cd': 1130118, 'x': 24, 'y': 98}, {'station_cd': 1130119, 'x': 23, 'y': 106}, {'station_cd': 1130120, 'x': 19, 'y': 108}, {'station_cd': 1130121, 'x': 16, 'y': 116}]"
11302,JR山手線,"[(1130201, '大崎'), (1130202, '五反田'), (1130203, '目黒'), (1130204, '恵比寿'), (1130205, '渋谷'), (1130206, '原宿'), (1130207, '代々木'), (1130208, '新宿'), (1130209, '新大久保'), (1130210, '高田馬場'), (1130211, '目白'), (1130212, '池袋'), (1130213, '大塚'), (1130214, '巣鴨'), (1130215, '駒込'), (1130216, '田端'), (1130217, '西日暮里'), (1130218, '日暮里'), (1130219, '鶯谷'), (1130220, '上野'), (1130221, '御徒町'), (1130222, '秋葉原'), (1130223, '神田'), (1130224, '東京'), (1130225, '有楽町'), (1130226, '新橋'), (1130227, '浜松町'), (1130228, '田町'), (1130230, '高輪ゲートウェイ'), (1130229, '品川')]","418.158,298.085,428.158,308.085","[{'station_cd': 1130201, 'x': 61, 'y': 85}, {'station_cd': 1130202, 'x': 60, 'y': 83}, {'station_cd': 1130203, 'x': 58, 'y': 80}, {'station_cd': 1130204, 'x': 56, 'y': 75}, {'station_cd': 1130205, 'x': 54, 'y': 70}, {'station_cd': 1130206, 'x': 55, 'y': 66}, {'station_cd': 1130207, 'x': 55, 'y': 62}, {'station_cd': 1130208, 'x': 54, 'y': 59}, {'station_cd': 1130209, 'x': 54, 'y': 55}, {'station_cd': 1130210, 'x': 55, 'y': 51}, {'station_cd': 1130211, 'x': 56, 'y': 49}, {'station_cd': 1130212, 'x': 57, 'y': 45}, {'station_cd': 1130213, 'x': 62, 'y': 45}, {'station_cd': 1130214, 'x': 64, 'y': 45}, {'station_cd': 1130215, 'x': 67, 'y': 43}, {'station_cd': 1130216, 'x': 70, 'y': 43}, {'station_cd': 1130217, 'x': 71, 'y': 46}, {'station_cd': 1130218, 'x': 73, 'y': 47}, {'station_cd': 1130219, 'x': 74, 'y': 49}, {'station_cd': 1130220, 'x': 74, 'y': 52}, {'station_cd': 1130221, 'x': 73, 'y': 54}, {'station_cd': 1130222, 'x': 73, 'y': 58}, {'station_cd': 1130223, 'x': 72, 'y': 60}, {'station_cd': 1130224, 'x': 71, 'y': 64}, {'station_cd': 1130225, 'x': 70, 'y': 66}, {'station_cd': 1130226, 'x': 69, 'y': 69}, {'station_cd': 1130227, 'x': 68, 'y': 73}, {'station_cd': 1130228, 'x': 66, 'y': 76}, {'station_cd': 1130230, 'x': 64, 'y': 79}, {'station_cd': 1130229, 'x': 64, 'y': 82}]"
11303,JR南武線,"[(1130328, '浜川崎'), (1130330, '小田栄'), (1130327, '川崎新町'), (1130326, '八丁畷'), (1130301, '川崎'), (1130302, '尻手'), (1130303, '矢向'), (1130304, '鹿島田'), (1130305, '平間'), (1130306, '向河原'), (1130307, '武蔵小杉'), (1130308, '武蔵中原'), (1130309, '武蔵新城'), (1130310, '武蔵溝ノ口'), (1130311, '津田山'), (1130312, '久地'), (1130313, '宿河原'), (1130314, '登戸'), (1130315, '中野島'), (1130316, '稲田堤'), (1130317, '矢野口'), (1130318, '稲城長沼'), (1130319, '南多摩'), (1130320, '府中本町'), (1130321, '分倍河原'), (1130329, '西府'), (1130322, '谷保'), (1130323, '矢川'), (1130324, '西国立'), (1130325, '立川')]","414.600,299.922,424.600,309.922","[{'station_cd': 1130328, 'x': 102, 'y': 100}, {'station_cd': 1130330, 'x': 100, 'y': 98}, {'station_cd': 1130327, 'x': 98, 'y': 97}, {'station_cd': 1130326, 'x': 96, 'y': 95}, {'station_cd': 1130301, 'x': 98, 'y': 92}, {'station_cd': 1130302, 'x': 94, 'y': 92}, {'station_cd': 1130303, 'x': 94, 'y': 89}, {'station_cd': 1130304, 'x': 92, 'y': 85}, {'station_cd': 1130305, 'x': 91, 'y': 81}, {'station_cd': 1130306, 'x': 90, 'y': 77}, {'station_cd': 1130307, 'x': 88, 'y': 75}, {'station_cd': 1130308, 'x': 84, 'y': 73}, {'station_cd': 1130309, 'x': 81, 'y': 71}, {'station_cd': 1130310, 'x': 76, 'y': 67}, {'station_cd': 1130311, 'x': 73, 'y': 65}, {'station_cd': 1130312, 'x': 72, 'y': 62}, {'station_cd': 1130313, 'x': 68, 'y': 60}, {'station_cd': 1130314, 'x': 66, 'y': 58}, {'station_cd': 1130315, 'x': 61, 'y': 55}, {'station_cd': 1130316, 'x': 57, 'y': 53}, {'station_cd': 1130317, 'x': 53, 'y': 50}, {'station_cd': 1130318, 'x': 49, 'y': 49}, {'station_cd': 1130319, 'x': 45, 'y': 47}, {'station_cd': 1130320, 'x': 42, 'y': 41}, {'station_cd': 1130321, 'x': 40, 'y': 40}, {'station_cd': 1130329, 'x': 37, 'y': 39}, {'station_cd': 1130322, 'x': 35, 'y': 35}, {'station_cd': 1130323, 'x': 31, 'y': 33}, {'station_cd': 1130324, 'x': 29, 'y': 30}, {'station_cd': 1130325, 'x': 26, 'y': 28}]"
11304,JR鶴見線,"[(1130401, '鶴見'), (1130402, '国道'), (1130403, '鶴見小野'), (1130404, '弁天橋'), (1130405, '浅野'), (1130406, '新芝浦'), (1130407, '海芝浦'), (1130408, '安善'), (1130409, '大川'), (1130410, '武蔵白石'), (1130411, '浜川崎'), (1130412, '昭和'), (1130413, '扇町')]","417.267,303.059,427.267,313.059","[{'station_cd': 1130401, 'x': 58, 'y': 60}, {'station_cd': 1130402, 'x': 58, 'y': 63}, {'station_cd': 1130403, 'x': 59, 'y': 64}, {'station_cd': 1130404, 'x': 61, 'y': 65}, {'station_cd': 1130405, 'x': 63, 'y': 64}, {'station_cd': 1130406, 'x': 64, 'y': 66}, {'station_cd': 1130407, 'x': 64, 'y': 68}, {'station_cd': 1130408, 'x': 64, 'y': 63}, {'station_cd': 1130409, 'x': 67, 'y': 65}, {'station_cd': 1130410, 'x': 66, 'y': 63}, {'station_cd': 1130411, 'x': 68, 'y': 60}, {'station_cd': 1130412, 'x': 70, 'y': 61}, {'station_cd': 1130413, 'x': 70, 'y': 63}]"
11305,JR武蔵野線,"[(1130501, '府中本町'), (1130502, '北府中'), (1130503, '西国分寺'), (1130504, '新小平'), (1130505, '新秋津'), (1130506, '東所沢'), (1130507, '新座'), (1130508, '北朝霞'), (1130509, '西浦和'), (1130510, '武蔵浦和'), (1130511, '南浦和'), (1130512, '東浦和'), (1130513, '東川口'), (1130514, '南越谷'), (1130525, '越谷レイクタウン'), (1130515, '吉川'), (1130526, '吉川美南'), (1130516, '新三郷'), (1130517, '三郷'), (1130518, '南流山'), (1130519, '新松戸'), (1130520, '新八柱'), (1130521, '東松戸'), (1130522, '市川大野'), (1130523, '船橋法典'), (1130524, '西船橋')]","417.173,295.485,428.335,305.485","[{'station_cd': 1130501, 'x': 8, 'y': 94}, {'station_cd': 1130502, 'x': 7, 'y': 89}, {'station_cd': 1130503, 'x': 6, 'y': 83}, {'station_cd': 1130504, 'x': 7, 'y': 73}, {'station_cd': 1130505, 'x': 13, 'y': 58}, {'station_cd': 1130506, 'x': 18, 'y': 53}, {'station_cd': 1130507, 'x': 27, 'y': 51}, {'station_cd': 1130508, 'x': 35, 'y': 48}, {'station_cd': 1130509, 'x': 44, 'y': 39}, {'station_cd': 1130510, 'x': 49, 'y': 39}, {'station_cd': 1130511, 'x': 54, 'y': 39}, {'station_cd': 1130512, 'x': 62, 'y': 34}, {'station_cd': 1130513, 'x': 71, 'y': 31}, {'station_cd': 1130514, 'x': 82, 'y': 32}, {'station_cd': 1130525, 'x': 89, 'y': 32}, {'station_cd': 1130515, 'x': 94, 'y': 32}, {'station_cd': 1130526, 'x': 97, 'y': 35}, {'station_cd': 1130516, 'x': 100, 'y': 38}, {'station_cd': 1130517, 'x': 104, 'y': 43}, {'station_cd': 1130518, 'x': 107, 'y': 46}, {'station_cd': 1130519, 'x': 111, 'y': 50}, {'station_cd': 1130520, 'x': 115, 'y': 61}, {'station_cd': 1130521, 'x': 116, 'y': 68}, {'station_cd': 1130522, 'x': 118, 'y': 73}, {'station_cd': 1130523, 'x': 121, 'y': 81}, {'station_cd': 1130524, 'x': 119, 'y': 88}]"
11306,JR横浜線,"[(1130601, '東神奈川'), (1130602, '大口'), (1130603, '菊名'), (1130604, '新横浜'), (1130605, '小机'), (1130606, '鴨居'), (1130607, '中山'), (1130608, '十日市場'), (1130609, '長津田'), (1130610, '成瀬'), (1130611, '町田'), (1130612, '古淵'), (1130613, '淵野辺'), (1130614, '矢部'), (1130615, '相模原'), (1130616, '橋本'), (1130617, '相原'), (1130618, '八王子みなみ野'), (1130619, '片倉'), (1130620, '八王子')]","413.075,300.866,423.075,310.866","[{'station_cd': 1130601, 'x': 101, 'y': 98}, {'station_cd': 1130602, 'x': 104, 'y': 93}, {'station_cd': 1130603, 'x': 100, 'y': 87}, {'station_cd': 1130604, 'x': 97, 'y': 88}, {'station_cd': 1130605, 'x': 92, 'y': 87}, {'station_cd': 1130606, 'x': 84, 'y': 85}, {'station_cd': 1130607, 'x': 77, 'y': 83}, {'station_cd': 1130608, 'x': 71, 'y': 79}, {'station_cd': 1130609, 'x': 65, 'y': 77}, {'station_cd': 1130610, 'x': 60, 'y': 75}, {'station_cd': 1130611, 'x': 53, 'y': 72}, {'station_cd': 1130612, 'x': 46, 'y': 67}, {'station_cd': 1130613, 'x': 40, 'y': 62}, {'station_cd': 1130614, 'x': 38, 'y': 60}, {'station_cd': 1130615, 'x': 34, 'y': 57}, {'station_cd': 1130616, 'x': 27, 'y': 52}, {'station_cd': 1130617, 'x': 24, 'y': 47}, {'station_cd': 1130618, 'x': 24, 'y': 39}, {'station_cd': 1130619, 'x': 27, 'y': 36}, {'station_cd': 1130620, 'x': 26, 'y': 30}]"
11307,JR根岸線,"[(1130701, '横浜'), (1130702, '桜木町'), (1130703, '関内'), (1130704, '石川町'), (1130705, '山手'), (1130706, '根岸'), (1130707, '磯子'), (1130708, '新杉田'), (1130709, '洋光台'), (1130710, '港南台'), (1130711, '本郷台'), (1130712, '大船')]","414.995,305.363,424.995,315.363","[{'station_cd': 1130701, 'x': 73, 'y': 45}, {'station_cd': 1130702, 'x': 75, 'y': 50}, {'station_cd': 1130703, 'x': 77, 'y': 53}, {'station_cd': 1130704, 'x': 78, 'y': 55}, {'station_cd': 1130705, 'x': 79, 'y': 59}, {'station_cd': 1130706, 'x': 76, 'y': 63}, {'station_cd': 1130707, 'x': 71, 'y': 68}, {'station_cd': 1130708, 'x': 72, 'y': 73}, {'station_cd': 1130709, 'x': 66, 'y': 75}, {'station_cd': 1130710, 'x': 61, 'y': 76}, {'station_cd': 1130711, 'x': 54, 'y': 78}, {'station_cd': 1130712, 'x': 49, 'y': 83}]"
11308,JR横須賀線,"[(1130801, '東京'), (1130802, '新橋'), (1130803, '品川'), (1130804, '西大井'), (1130819, '武蔵小杉'), (1130805, '新川崎'), (1130806, '横浜'), (1130807, '保土ケ谷'), (1130808, '東戸塚'), (1130809, '戸塚'), (1130810, '大船'), (1130811, '北鎌倉'), (1130812, '鎌倉'), (1130813, '逗子'), (1130814, '東逗子'), (1130815, '田浦'), (1130816, '横須賀'), (1130817, '衣笠'), (1130818, '久里浜')]","416.220,302.098,426.220,316.150","[{'station_cd': 1130801, 'x': 87, 'y': 9}, {'station_cd': 1130802, 'x': 85, 'y': 12}, {'station_cd': 1130803, 'x': 81, 'y': 22}, {'station_cd': 1130804, 'x': 78, 'y': 28}, {'station_cd': 1130819, 'x': 67, 'y': 34}, {'station_cd': 1130805, 'x': 69, 'y': 40}, {'station_cd': 1130806, 'x': 59, 'y': 61}, {'station_cd': 1130807, 'x': 55, 'y': 66}, {'station_cd': 1130808, 'x': 47, 'y': 70}, {'station_cd': 1130809, 'x': 43, 'y': 77}, {'station_cd': 1130810, 'x': 42, 'y': 89}, {'station_cd': 1130811, 'x': 45, 'y': 93}, {'station_cd': 1130812, 'x': 45, 'y': 98}, {'station_cd': 1130813, 'x': 50, 'y': 104}, {'station_cd': 1130814, 'x': 55, 'y': 104}, {'station_cd': 1130815, 'x': 61, 'y': 106}, {'station_cd': 1130816, 'x': 64, 'y': 108}, {'station_cd': 1130817, 'x': 65, 'y': 115}, {'station_cd': 1130818, 'x': 72, 'y': 121}]"
11309,JR相模線,"[(1130901, '茅ケ崎'), (1130902, '北茅ケ崎'), (1130903, '香川'), (1130904, '寒川'), (1130905, '宮山'), (1130906, '倉見'), (1130907, '門沢橋'), (1130908, '社家'), (1130909, '厚木'), (1130910, '海老名'), (1130911, '入谷'), (1130912, '相武台下'), (1130913, '下溝'), (1130914, '原当麻'), (1130915, '番田'), (1130916, '上溝'), (1130917, '南橋本'), (1130918, '橋本')]","410.765,303.606,420.765,313.606","[{'station_cd': 1130901, 'x': 71, 'y': 112}, {'station_cd': 1130902, 'x': 71, 'y': 109}, {'station_cd': 1130903, 'x': 69, 'y': 102}, {'station_cd': 1130904, 'x': 66, 'y': 98}, {'station_cd': 1130905, 'x': 64, 'y': 93}, {'station_cd': 1130906, 'x': 64, 'y': 88}, {'station_cd': 1130907, 'x': 65, 'y': 84}, {'station_cd': 1130908, 'x': 64, 'y': 79}, {'station_cd': 1130909, 'x': 65, 'y': 71}, {'station_cd': 1130910, 'x': 67, 'y': 67}, {'station_cd': 1130911, 'x': 68, 'y': 59}, {'station_cd': 1130912, 'x': 67, 'y': 54}, {'station_cd': 1130913, 'x': 66, 'y': 44}, {'station_cd': 1130914, 'x': 64, 'y': 40}, {'station_cd': 1130915, 'x': 61, 'y': 34}, {'station_cd': 1130916, 'x': 61, 'y': 30}, {'station_cd': 1130917, 'x': 59, 'y': 22}, {'station_cd': 1130918, 'x': 57, 'y': 16}]"
11311,JR中央本線(東京～塩尻),"[(1131101, '東京'), (1131102, '四ツ谷'), (1131103, '新宿'), (1131104, '吉祥寺'), (1131105, '三鷹'), (1131106, '国分寺'), (1131107, '立川'), (1131108, '日野'), (1131109, '豊田'), (1131110, '八王子'), (1131111, '西八王子'), (1131112, '高尾'), (1131113, '相模湖'), (1131114, '藤野'), (1131115, '上野原'), (1131116, '四方津'), (1131117, '梁川'), (1131118, '鳥沢'), (1131119, '猿橋'), (1131120, '大月'), (1131121, '初狩'), (1131122, '笹子'), (1131123, '甲斐大和'), (1131124, '勝沼ぶどう郷'), (1131125, '塩山'), (1131126, '東山梨'), (1131127, '山梨市'), (1131128, '春日居町'), (1131129, '石和温泉'), (1131130, '酒折'), (1131131, '甲府'), (1131132, '竜王'), (1131133, '塩崎'), (1131134, '韮崎'), (1131135, '新府'), (1131136, '穴山'), (1131137, '日野春'), (1131138, '長坂'), (1131139, '小淵沢'), (1131140, '信濃境'), (1131141, '富士見'), (1131142, 'すずらんの里'), (1131143, '青柳'), (1131144, '茅野'), (1131145, '上諏訪'), (1131146, '下諏訪'), (1131147, '岡谷'), (1131148, 'みどり湖'), (1131149, '川岸'), (1131150, '辰野'), (1131151, '信濃川島'), (1131152, '小野'), (1131153, '塩尻')]","385.406,287.756,425.779,306.314","[{'station_cd': 1131101, 'x': 121, 'y': 83}, {'station_cd': 1131102, 'x': 119, 'y': 83}, {'station_cd': 1131103, 'x': 117, 'y': 82}, {'station_cd': 1131104, 'x': 110, 'y': 80}, {'station_cd': 1131105, 'x': 108, 'y': 80}, {'station_cd': 1131106, 'x': 103, 'y': 80}, {'station_cd': 1131107, 'x': 99, 'y': 80}, {'station_cd': 1131108, 'x': 98, 'y': 82}, {'station_cd': 1131109, 'x': 97, 'y': 83}, {'station_cd': 1131110, 'x': 94, 'y': 84}, {'station_cd': 1131111, 'x': 93, 'y': 83}, {'station_cd': 1131112, 'x': 91, 'y': 84}, {'station_cd': 1131113, 'x': 85, 'y': 86}, {'station_cd': 1131114, 'x': 82, 'y': 86}, {'station_cd': 1131115, 'x': 80, 'y': 86}, {'station_cd': 1131116, 'x': 77, 'y': 86}, {'station_cd': 1131117, 'x': 75, 'y': 87}, {'station_cd': 1131118, 'x': 73, 'y': 86}, {'station_cd': 1131119, 'x': 71, 'y': 86}, {'station_cd': 1131120, 'x': 69, 'y': 86}, {'station_cd': 1131121, 'x': 65, 'y': 87}, {'station_cd': 1131122, 'x': 62, 'y': 86}, {'station_cd': 1131123, 'x': 59, 'y': 83}, {'station_cd': 1131124, 'x': 56, 'y': 80}, {'station_cd': 1131125, 'x': 56, 'y': 77}, {'station_cd': 1131126, 'x': 54, 'y': 77}, {'station_cd': 1131127, 'x': 53, 'y': 78}, {'station_cd': 1131128, 'x': 51, 'y': 79}, {'station_cd': 1131129, 'x': 50, 'y': 80}, {'station_cd': 1131130, 'x': 47, 'y': 80}, {'station_cd': 1131131, 'x': 45, 'y': 79}, {'station_cd': 1131132, 'x': 42, 'y': 79}, {'station_cd': 1131133, 'x': 40, 'y': 77}, {'station_cd': 1131134, 'x': 38, 'y': 75}, {'station_cd': 1131135, 'x': 37, 'y': 73}, {'station_cd': 1131136, 'x': 36, 'y': 71}, {'station_cd': 1131137, 'x': 35, 'y': 68}, {'station_cd': 1131138, 'x': 33, 'y': 64}, {'station_cd': 1131139, 'x': 30, 'y': 61}, {'station_cd': 1131140, 'x': 27, 'y': 59}, {'station_cd': 1131141, 'x': 25, 'y': 56}, {'station_cd': 1131142, 'x': 23, 'y': 55}, {'station_cd': 1131143, 'x': 22, 'y': 53}, {'station_cd': 1131144, 'x': 19, 'y': 49}, {'station_cd': 1131145, 'x': 17, 'y': 44}, {'station_cd': 1131146, 'x': 15, 'y': 42}, {'station_cd': 1131147, 'x': 13, 'y': 43}, {'station_cd': 1131148, 'x': 9, 'y': 39}, {'station_cd': 1131149, 'x': 11, 'y': 45}, {'station_cd': 1131150, 'x': 10, 'y': 49}, {'station_cd': 1131151, 'x': 8, 'y': 46}, {'station_cd': 1131152, 'x': 8, 'y': 43}, {'station_cd': 1131153, 'x': 7, 'y': 37}]"
11312,JR中央線(快速),"[(1131201, '東京'), (1131202, '神田'), (1131203, '御茶ノ水'), (1131207, '四ツ谷'), (1131211, '新宿'), (1131214, '中野'), (1131215, '高円寺'), (1131216, '阿佐ケ谷'), (1131217, '荻窪'), (1131218, '西荻窪'), (1131219, '吉祥寺'), (1131220, '三鷹'), (1131221, '武蔵境'), (1131222, '東小金井'), (1131223, '武蔵小金井'), (1131224, '国分寺'), (1131225, '西国分寺'), (1131226, '国立'), (1131227, '立川'), (1131228, '日野'), (1131229, '豊田'), (1131230, '八王子'), (1131231, '西八王子'), (1131232, '高尾')]","413.498,297.939,424.294,307.939","[{'station_cd': 1131201, 'x': 121, 'y': 65}, {'station_cd': 1131202, 'x': 122, 'y': 62}, {'station_cd': 1131203, 'x': 121, 'y': 59}, {'station_cd': 1131207, 'x': 113, 'y': 63}, {'station_cd': 1131211, 'x': 105, 'y': 62}, {'station_cd': 1131214, 'x': 97, 'y': 56}, {'station_cd': 1131215, 'x': 93, 'y': 56}, {'station_cd': 1131216, 'x': 90, 'y': 56}, {'station_cd': 1131217, 'x': 86, 'y': 55}, {'station_cd': 1131218, 'x': 82, 'y': 55}, {'station_cd': 1131219, 'x': 77, 'y': 55}, {'station_cd': 1131220, 'x': 72, 'y': 55}, {'station_cd': 1131221, 'x': 68, 'y': 55}, {'station_cd': 1131222, 'x': 64, 'y': 55}, {'station_cd': 1131223, 'x': 59, 'y': 55}, {'station_cd': 1131224, 'x': 53, 'y': 55}, {'station_cd': 1131225, 'x': 50, 'y': 55}, {'station_cd': 1131226, 'x': 45, 'y': 54}, {'station_cd': 1131227, 'x': 37, 'y': 54}, {'station_cd': 1131228, 'x': 33, 'y': 60}, {'station_cd': 1131229, 'x': 29, 'y': 66}, {'station_cd': 1131230, 'x': 19, 'y': 67}, {'station_cd': 1131231, 'x': 13, 'y': 66}, {'station_cd': 1131232, 'x': 6, 'y': 71}]"
11313,JR中央・総武線,"[(1131301, '三鷹'), (1131302, '吉祥寺'), (1131303, '西荻窪'), (1131304, '荻窪'), (1131305, '阿佐ケ谷'), (1131306, '高円寺'), (1131307, '中野'), (1131308, '東中野'), (1131309, '大久保'), (1131310, '新宿'), (1131311, '代々木'), (1131312, '千駄ケ谷'), (1131313, '信濃町'), (1131314, '四ツ谷'), (1131315, '市ケ谷'), (1131316, '飯田橋'), (1131317, '水道橋'), (1131318, '御茶ノ水'), (1131319, '秋葉原'), (1131320, '浅草橋'), (1131321, '両国'), (1131322, '錦糸町'), (1131323, '亀戸'), (1131324, '平井'), (1131325, '新小岩'), (1131326, '小岩'), (1131327, '市川'), (1131328, '本八幡'), (1131329, '下総中山'), (1131330, '西船橋'), (1131331, '船橋'), (1131332, '東船橋'), (1131333, '津田沼'), (1131334, '幕張本郷'), (1131335, '幕張'), (1131336, '新検見川'), (1131337, '稲毛'), (1131338, '西千葉'), (1131339, '千葉')]","418.983,298.366,431.228,308.366","[{'station_cd': 1131301, 'x': 6, 'y': 52}, {'station_cd': 1131302, 'x': 10, 'y': 52}, {'station_cd': 1131303, 'x': 15, 'y': 52}, {'station_cd': 1131304, 'x': 19, 'y': 52}, {'station_cd': 1131305, 'x': 22, 'y': 52}, {'station_cd': 1131306, 'x': 25, 'y': 52}, {'station_cd': 1131307, 'x': 28, 'y': 52}, {'station_cd': 1131308, 'x': 32, 'y': 52}, {'station_cd': 1131309, 'x': 35, 'y': 54}, {'station_cd': 1131310, 'x': 36, 'y': 57}, {'station_cd': 1131311, 'x': 36, 'y': 59}, {'station_cd': 1131312, 'x': 38, 'y': 60}, {'station_cd': 1131313, 'x': 40, 'y': 60}, {'station_cd': 1131314, 'x': 42, 'y': 59}, {'station_cd': 1131315, 'x': 43, 'y': 57}, {'station_cd': 1131316, 'x': 45, 'y': 54}, {'station_cd': 1131317, 'x': 47, 'y': 55}, {'station_cd': 1131318, 'x': 49, 'y': 55}, {'station_cd': 1131319, 'x': 51, 'y': 56}, {'station_cd': 1131320, 'x': 53, 'y': 56}, {'station_cd': 1131321, 'x': 55, 'y': 57}, {'station_cd': 1131322, 'x': 59, 'y': 57}, {'station_cd': 1131323, 'x': 62, 'y': 57}, {'station_cd': 1131324, 'x': 65, 'y': 54}, {'station_cd': 1131325, 'x': 69, 'y': 52}, {'station_cd': 1131326, 'x': 74, 'y': 47}, {'station_cd': 1131327, 'x': 79, 'y': 49}, {'station_cd': 1131328, 'x': 83, 'y': 51}, {'station_cd': 1131329, 'x': 87, 'y': 54}, {'station_cd': 1131330, 'x': 90, 'y': 56}, {'station_cd': 1131331, 'x': 95, 'y': 58}, {'station_cd': 1131332, 'x': 99, 'y': 59}, {'station_cd': 1131333, 'x': 103, 'y': 61}, {'station_cd': 1131334, 'x': 107, 'y': 67}, {'station_cd': 1131335, 'x': 110, 'y': 71}, {'station_cd': 1131336, 'x': 113, 'y': 74}, {'station_cd': 1131337, 'x': 117, 'y': 78}, {'station_cd': 1131338, 'x': 120, 'y': 82}, {'station_cd': 1131339, 'x': 121, 'y': 85}]"
11314,JR総武本線,"[(1131401, '東京'), (1131402, '新日本橋'), (1131403, '馬喰町'), (1131404, '錦糸町'), (1131405, '新小岩'), (1131406, '市川'), (1131407, '船橋'), (1131408, '津田沼'), (1131409, '稲毛'), (1131410, '千葉'), (1131411, '東千葉'), (1131412, '都賀'), (1131413, '四街道'), (1131414, '物井'), (1131415, '佐倉'), (1131416, '南酒々井'), (1131417, '榎戸'), (1131418, '八街'), (1131419, '日向'), (1131420, '成東'), (1131421, '松尾'), (1131422, '横芝'), (1131423, '飯倉'), (1131424, '八日市場'), (1131425, '干潟'), (1131426, '旭'), (1131427, '飯岡'), (1131428, '倉橋'), (1131429, '猿田'), (1131430, '松岸'), (1131431, '銚子')]","422.591,298.847,446.059,308.847","[{'station_cd': 1131401, 'x': 6, 'y': 60}, {'station_cd': 1131402, 'x': 7, 'y': 59}, {'station_cd': 1131403, 'x': 8, 'y': 58}, {'station_cd': 1131404, 'x': 11, 'y': 58}, {'station_cd': 1131405, 'x': 16, 'y': 55}, {'station_cd': 1131406, 'x': 22, 'y': 53}, {'station_cd': 1131407, 'x': 30, 'y': 58}, {'station_cd': 1131408, 'x': 34, 'y': 60}, {'station_cd': 1131409, 'x': 42, 'y': 69}, {'station_cd': 1131410, 'x': 44, 'y': 72}, {'station_cd': 1131411, 'x': 45, 'y': 72}, {'station_cd': 1131412, 'x': 48, 'y': 69}, {'station_cd': 1131413, 'x': 50, 'y': 65}, {'station_cd': 1131414, 'x': 53, 'y': 62}, {'station_cd': 1131415, 'x': 56, 'y': 59}, {'station_cd': 1131416, 'x': 61, 'y': 60}, {'station_cd': 1131417, 'x': 63, 'y': 63}, {'station_cd': 1131418, 'x': 66, 'y': 66}, {'station_cd': 1131419, 'x': 71, 'y': 72}, {'station_cd': 1131420, 'x': 76, 'y': 75}, {'station_cd': 1131421, 'x': 81, 'y': 72}, {'station_cd': 1131422, 'x': 85, 'y': 68}, {'station_cd': 1131423, 'x': 89, 'y': 64}, {'station_cd': 1131424, 'x': 92, 'y': 63}, {'station_cd': 1131425, 'x': 98, 'y': 60}, {'station_cd': 1131426, 'x': 103, 'y': 60}, {'station_cd': 1131427, 'x': 106, 'y': 59}, {'station_cd': 1131428, 'x': 110, 'y': 58}, {'station_cd': 1131429, 'x': 112, 'y': 57}, {'station_cd': 1131430, 'x': 119, 'y': 58}, {'station_cd': 1131431, 'x': 122, 'y': 60}]"
11315,JR青梅線,"[(1131501, '立川'), (1131502, '西立川'), (1131503, '東中神'), (1131504, '中神'), (1131505, '昭島'), (1131506, '拝島'), (1131507, '牛浜'), (1131508, '福生'), (1131509, '羽村'), (1131510, '小作'), (1131511, '河辺'), (1131512, '東青梅'), (1131513, '青梅'), (1131514, '宮ノ平'), (1131515, '日向和田'), (1131516, '石神前'), (1131517, '二俣尾'), (1131518, '軍畑'), (1131519, '沢井'), (1131520, '御嶽'), (1131521, '川井'), (1131522, '古里'), (1131523, '鳩ノ巣'), (1131524, '白丸'), (1131525, '奥多摩')]","408.514,295.262,418.514,305.262","[{'station_cd': 1131501, 'x': 104, 'y': 88}, {'station_cd': 1131502, 'x': 99, 'y': 85}, {'station_cd': 1131503, 'x': 97, 'y': 84}, {'station_cd': 1131504, 'x': 95, 'y': 83}, {'station_cd': 1131505, 'x': 91, 'y': 81}, {'station_cd': 1131506, 'x': 86, 'y': 78}, {'station_cd': 1131507, 'x': 84, 'y': 73}, {'station_cd': 1131508, 'x': 82, 'y': 70}, {'station_cd': 1131509, 'x': 80, 'y': 65}, {'station_cd': 1131510, 'x': 76, 'y': 58}, {'station_cd': 1131511, 'x': 72, 'y': 55}, {'station_cd': 1131512, 'x': 69, 'y': 53}, {'station_cd': 1131513, 'x': 65, 'y': 52}, {'station_cd': 1131514, 'x': 60, 'y': 53}, {'station_cd': 1131515, 'x': 58, 'y': 52}, {'station_cd': 1131516, 'x': 57, 'y': 49}, {'station_cd': 1131517, 'x': 54, 'y': 47}, {'station_cd': 1131518, 'x': 52, 'y': 45}, {'station_cd': 1131519, 'x': 48, 'y': 46}, {'station_cd': 1131520, 'x': 46, 'y': 47}, {'station_cd': 1131521, 'x': 41, 'y': 42}, {'station_cd': 1131522, 'x': 38, 'y': 41}, {'station_cd': 1131523, 'x': 32, 'y': 41}, {'station_cd': 1131524, 'x': 28, 'y': 42}, {'station_cd': 1131525, 'x': 24, 'y': 43}]"
11316,JR五日市線,"[(1131601, '拝島'), (1131602, '熊川'), (1131603, '東秋留'), (1131604, '秋川'), (1131605, '武蔵引田'), (1131606, '武蔵増戸'), (1131607, '武蔵五日市')]","409.106,296.150,419.106,306.150","[{'station_cd': 1131601, 'x': 79, 'y': 67}, {'station_cd': 1131602, 'x': 77, 'y': 64}, {'station_cd': 1131603, 'x': 71, 'y': 65}, {'station_cd': 1131604, 'x': 64, 'y': 64}, {'station_cd': 1131605, 'x': 60, 'y': 63}, {'station_cd': 1131606, 'x': 56, 'y': 62}, {'station_cd': 1131607, 'x': 49, 'y': 61}]"
11317,JR八高線(八王子～高麗川),"[(1131701, '八王子'), (1131702, '北八王子'), (1131703, '小宮'), (1131704, '拝島'), (1131705, '東福生'), (1131706, '箱根ケ崎'), (1131707, '金子'), (1131708, '東飯能'), (1131709, '高麗川')]","410.364,294.864,420.364,304.864","[{'station_cd': 1131701, 'x': 61, 'y': 107}, {'station_cd': 1131702, 'x': 67, 'y': 102}, {'station_cd': 1131703, 'x': 69, 'y': 96}, {'station_cd': 1131704, 'x': 63, 'y': 83}, {'station_cd': 1131705, 'x': 61, 'y': 75}, {'station_cd': 1131706, 'x': 64, 'y': 66}, {'station_cd': 1131707, 'x': 59, 'y': 51}, {'station_cd': 1131708, 'x': 59, 'y': 36}, {'station_cd': 1131709, 'x': 63, 'y': 21}]"
11318,JR八高線(高麗川～高崎),"[(1131801, '高麗川'), (1131802, '毛呂'), (1131803, '越生'), (1131804, '明覚'), (1131805, '小川町'), (1131806, '竹沢'), (1131807, '折原'), (1131808, '寄居'), (1131809, '用土'), (1131810, '松久'), (1131811, '児玉'), (1131812, '丹荘'), (1131813, '群馬藤岡'), (1131814, '北藤岡'), (1131815, '倉賀野'), (1131816, '高崎')]","407.108,283.618,417.108,297.118","[{'station_cd': 1131801, 'x': 94, 'y': 122}, {'station_cd': 1131802, 'x': 89, 'y': 110}, {'station_cd': 1131803, 'x': 87, 'y': 104}, {'station_cd': 1131804, 'x': 85, 'y': 93}, {'station_cd': 1131805, 'x': 80, 'y': 78}, {'station_cd': 1131806, 'x': 74, 'y': 74}, {'station_cd': 1131807, 'x': 68, 'y': 68}, {'station_cd': 1131808, 'x': 68, 'y': 62}, {'station_cd': 1131809, 'x': 69, 'y': 53}, {'station_cd': 1131810, 'x': 66, 'y': 47}, {'station_cd': 1131811, 'x': 57, 'y': 42}, {'station_cd': 1131812, 'x': 51, 'y': 35}, {'station_cd': 1131813, 'x': 47, 'y': 26}, {'station_cd': 1131814, 'x': 47, 'y': 17}, {'station_cd': 1131815, 'x': 41, 'y': 12}, {'station_cd': 1131816, 'x': 34, 'y': 6}]"
11319,宇都宮線,"[(1131934, '東京'), (1131901, '上野'), (1131902, '尾久'), (1131903, '赤羽'), (1131904, '浦和'), (1131905, 'さいたま新都心'), (1131906, '大宮'), (1131907, '土呂'), (1131908, '東大宮'), (1131909, '蓮田'), (1131910, '白岡'), (1131911, '新白岡'), (1131912, '久喜'), (1131913, '東鷲宮'), (1131914, '栗橋'), (1131915, '古河'), (1131916, '野木'), (1131917, '間々田'), (1131918, '小山'), (1131919, '小金井'), (1131920, '自治医大'), (1131921, '石橋'), (1131922, '雀宮'), (1131923, '宇都宮'), (1131924, '岡本'), (1131925, '宝積寺'), (1131926, '氏家'), (1131927, '蒲須坂'), (1131928, '片岡'), (1131929, '矢板'), (1131930, '野崎'), (1131931, '西那須野'), (1131932, '那須塩原'), (1131933, '黒磯')]","420.381,265.210,430.789,305.258","[{'station_cd': 1131934, 'x': 58, 'y': 121}, {'station_cd': 1131901, 'x': 59, 'y': 118}, {'station_cd': 1131902, 'x': 57, 'y': 115}, {'station_cd': 1131903, 'x': 55, 'y': 112}, {'station_cd': 1131904, 'x': 51, 'y': 105}, {'station_cd': 1131905, 'x': 50, 'y': 101}, {'station_cd': 1131906, 'x': 49, 'y': 100}, {'station_cd': 1131907, 'x': 50, 'y': 98}, {'station_cd': 1131908, 'x': 50, 'y': 97}, {'station_cd': 1131909, 'x': 51, 'y': 94}, {'station_cd': 1131910, 'x': 52, 'y': 91}, {'station_cd': 1131911, 'x': 53, 'y': 89}, {'station_cd': 1131912, 'x': 53, 'y': 86}, {'station_cd': 1131913, 'x': 53, 'y': 84}, {'station_cd': 1131914, 'x': 54, 'y': 80}, {'station_cd': 1131915, 'x': 55, 'y': 75}, {'station_cd': 1131916, 'x': 57, 'y': 72}, {'station_cd': 1131917, 'x': 59, 'y': 70}, {'station_cd': 1131918, 'x': 62, 'y': 65}, {'station_cd': 1131919, 'x': 64, 'y': 60}, {'station_cd': 1131920, 'x': 65, 'y': 58}, {'station_cd': 1131921, 'x': 66, 'y': 54}, {'station_cd': 1131922, 'x': 67, 'y': 49}, {'station_cd': 1131923, 'x': 68, 'y': 43}, {'station_cd': 1131924, 'x': 71, 'y': 40}, {'station_cd': 1131925, 'x': 73, 'y': 37}, {'station_cd': 1131926, 'x': 72, 'y': 33}, {'station_cd': 1131927, 'x': 72, 'y': 29}, {'station_cd': 1131928, 'x': 71, 'y': 26}, {'station_cd': 1131929, 'x': 71, 'y': 22}, {'station_cd': 1131930, 'x': 72, 'y': 18}, {'station_cd': 1131931, 'x': 74, 'y': 15}, {'station_cd': 1131932, 'x': 77, 'y': 11}, {'station_cd': 1131933, 'x': 79, 'y': 8}]"
11320,JR常磐線(上野～取手),"[(1132001, '上野'), (1132002, '日暮里'), (1132003, '三河島'), (1132004, '南千住'), (1132005, '北千住'), (1132006, '綾瀬'), (1132007, '亀有'), (1132008, '金町'), (1132009, '松戸'), (1132010, '北松戸'), (1132011, '馬橋'), (1132012, '新松戸'), (1132013, '北小金'), (1132014, '南柏'), (1132015, '柏'), (1132016, '北柏'), (1132017, '我孫子'), (1132018, '天王台'), (1132019, '取手')]","421.793,294.821,431.793,304.821","[{'station_cd': 1132001, 'x': 27, 'y': 94}, {'station_cd': 1132002, 'x': 26, 'y': 89}, {'station_cd': 1132003, 'x': 28, 'y': 87}, {'station_cd': 1132004, 'x': 33, 'y': 87}, {'station_cd': 1132005, 'x': 35, 'y': 82}, {'station_cd': 1132006, 'x': 40, 'y': 78}, {'station_cd': 1132007, 'x': 46, 'y': 76}, {'station_cd': 1132008, 'x': 52, 'y': 76}, {'station_cd': 1132009, 'x': 60, 'y': 71}, {'station_cd': 1132010, 'x': 63, 'y': 65}, {'station_cd': 1132011, 'x': 64, 'y': 62}, {'station_cd': 1132012, 'x': 65, 'y': 57}, {'station_cd': 1132013, 'x': 68, 'y': 54}, {'station_cd': 1132014, 'x': 74, 'y': 50}, {'station_cd': 1132015, 'x': 78, 'y': 44}, {'station_cd': 1132016, 'x': 83, 'y': 40}, {'station_cd': 1132017, 'x': 88, 'y': 41}, {'station_cd': 1132018, 'x': 96, 'y': 42}, {'station_cd': 1132019, 'x': 102, 'y': 34}]"
11321,JR埼京線,"[(1132101, '大崎'), (1132102, '恵比寿'), (1132103, '渋谷'), (1132104, '新宿'), (1132105, '池袋'), (1132106, '板橋'), (1132107, '十条'), (1132108, '赤羽'), (1132109, '北赤羽'), (1132110, '浮間舟渡'), (1132111, '戸田公園'), (1132112, '戸田'), (1132113, '北戸田'), (1132114, '武蔵浦和'), (1132115, '中浦和'), (1132116, '南与野'), (1132117, '与野本町'), (1132118, '北与野'), (1132119, '大宮'), (1132120, '日進'), (1132121, '指扇'), (1132122, '南古谷'), (1132123, '川越')]","415.541,295.214,425.541,305.214","[{'station_cd': 1132101, 'x': 94, 'y': 122}, {'station_cd': 1132102, 'x': 90, 'y': 112}, {'station_cd': 1132103, 'x': 88, 'y': 107}, {'station_cd': 1132104, 'x': 88, 'y': 96}, {'station_cd': 1132105, 'x': 91, 'y': 82}, {'station_cd': 1132106, 'x': 93, 'y': 77}, {'station_cd': 1132107, 'x': 94, 'y': 71}, {'station_cd': 1132108, 'x': 94, 'y': 65}, {'station_cd': 1132109, 'x': 90, 'y': 62}, {'station_cd': 1132110, 'x': 86, 'y': 60}, {'station_cd': 1132111, 'x': 83, 'y': 54}, {'station_cd': 1132112, 'x': 81, 'y': 50}, {'station_cd': 1132113, 'x': 79, 'y': 47}, {'station_cd': 1132114, 'x': 75, 'y': 40}, {'station_cd': 1132115, 'x': 73, 'y': 37}, {'station_cd': 1132116, 'x': 71, 'y': 32}, {'station_cd': 1132117, 'x': 70, 'y': 27}, {'station_cd': 1132118, 'x': 71, 'y': 23}, {'station_cd': 1132119, 'x': 70, 'y': 18}, {'station_cd': 1132120, 'x': 65, 'y': 9}, {'station_cd': 1132121, 'x': 55, 'y': 13}, {'station_cd': 1132122, 'x': 43, 'y': 17}, {'station_cd': 1132123, 'x': 34, 'y': 15}]"
11322,JR川越線,"[(1132201, '大宮'), (1132202, '日進'), (1132211, '西大宮'), (1132203, '指扇'), (1132204, '南古谷'), (1132205, '川越'), (1132206, '西川越'), (1132207, '的場'), (1132208, '笠幡'), (1132209, '武蔵高萩'), (1132210, '高麗川')]","413.123,291.205,423.123,301.205","[{'station_cd': 1132201, 'x': 101, 'y': 69}, {'station_cd': 1132202, 'x': 96, 'y': 60}, {'station_cd': 1132211, 'x': 89, 'y': 63}, {'station_cd': 1132203, 'x': 86, 'y': 64}, {'station_cd': 1132204, 'x': 74, 'y': 68}, {'station_cd': 1132205, 'x': 64, 'y': 67}, {'station_cd': 1132206, 'x': 59, 'y': 62}, {'station_cd': 1132207, 'x': 52, 'y': 62}, {'station_cd': 1132208, 'x': 45, 'y': 65}, {'station_cd': 1132209, 'x': 36, 'y': 66}, {'station_cd': 1132210, 'x': 27, 'y': 68}]"
11323,JR高崎線,"[(1132301, '上野'), (1132302, '尾久'), (1132303, '赤羽'), (1132304, '浦和'), (1132305, 'さいたま新都心'), (1132306, '大宮'), (1132307, '宮原'), (1132308, '上尾'), (1132309, '北上尾'), (1132310, '桶川'), (1132311, '北本'), (1132312, '鴻巣'), (1132313, '北鴻巣'), (1132314, '吹上'), (1132315, '行田'), (1132316, '熊谷'), (1132317, '籠原'), (1132318, '深谷'), (1132319, '岡部'), (1132320, '本庄'), (1132321, '神保原'), (1132322, '新町'), (1132323, '倉賀野'), (1132324, '高崎')]","407.841,283.335,425.063,303.058","[{'station_cd': 1132301, 'x': 113, 'y': 122}, {'station_cd': 1132302, 'x': 110, 'y': 116}, {'station_cd': 1132303, 'x': 106, 'y': 110}, {'station_cd': 1132304, 'x': 98, 'y': 95}, {'station_cd': 1132305, 'x': 95, 'y': 88}, {'station_cd': 1132306, 'x': 93, 'y': 86}, {'station_cd': 1132307, 'x': 92, 'y': 80}, {'station_cd': 1132308, 'x': 89, 'y': 74}, {'station_cd': 1132309, 'x': 88, 'y': 71}, {'station_cd': 1132310, 'x': 86, 'y': 69}, {'station_cd': 1132311, 'x': 82, 'y': 63}, {'station_cd': 1132312, 'x': 79, 'y': 58}, {'station_cd': 1132313, 'x': 75, 'y': 53}, {'station_cd': 1132314, 'x': 72, 'y': 49}, {'station_cd': 1132315, 'x': 69, 'y': 47}, {'station_cd': 1132316, 'x': 64, 'y': 42}, {'station_cd': 1132317, 'x': 56, 'y': 35}, {'station_cd': 1132318, 'x': 50, 'y': 32}, {'station_cd': 1132319, 'x': 44, 'y': 29}, {'station_cd': 1132320, 'x': 38, 'y': 23}, {'station_cd': 1132321, 'x': 33, 'y': 19}, {'station_cd': 1132322, 'x': 27, 'y': 16}, {'station_cd': 1132323, 'x': 20, 'y': 10}, {'station_cd': 1132324, 'x': 15, 'y': 6}]"
11324,JR外房線,"[(1132401, '千葉'), (1132402, '本千葉'), (1132403, '蘇我'), (1132404, '鎌取'), (1132405, '誉田'), (1132406, '土気'), (1132407, '大網'), (1132408, '永田'), (1132409, '本納'), (1132410, '新茂原'), (1132411, '茂原'), (1132412, '八積'), (1132413, '上総一ノ宮'), (1132414, '東浪見'), (1132415, '太東'), (1132416, '長者町'), (1132417, '三門'), (1132418, '大原'), (1132419, '浪花'), (1132420, '御宿'), (1132421, '勝浦'), (1132422, '鵜原'), (1132423, '上総興津'), (1132424, '行川アイランド'), (1132425, '安房小湊'), (1132426, '安房天津'), (1132427, '安房鴨川')]","428.159,304.663,438.159,320.556","[{'station_cd': 1132401, 'x': 43, 'y': 6}, {'station_cd': 1132402, 'x': 45, 'y': 9}, {'station_cd': 1132403, 'x': 46, 'y': 13}, {'station_cd': 1132404, 'x': 54, 'y': 18}, {'station_cd': 1132405, 'x': 59, 'y': 22}, {'station_cd': 1132406, 'x': 68, 'y': 26}, {'station_cd': 1132407, 'x': 75, 'y': 28}, {'station_cd': 1132408, 'x': 75, 'y': 33}, {'station_cd': 1132409, 'x': 74, 'y': 37}, {'station_cd': 1132410, 'x': 73, 'y': 45}, {'station_cd': 1132411, 'x': 73, 'y': 50}, {'station_cd': 1132412, 'x': 80, 'y': 55}, {'station_cd': 1132413, 'x': 83, 'y': 62}, {'station_cd': 1132414, 'x': 85, 'y': 68}, {'station_cd': 1132415, 'x': 85, 'y': 74}, {'station_cd': 1132416, 'x': 86, 'y': 80}, {'station_cd': 1132417, 'x': 87, 'y': 83}, {'station_cd': 1132418, 'x': 87, 'y': 90}, {'station_cd': 1132419, 'x': 85, 'y': 96}, {'station_cd': 1132420, 'x': 80, 'y': 104}, {'station_cd': 1132421, 'x': 73, 'y': 111}, {'station_cd': 1132422, 'x': 68, 'y': 114}, {'station_cd': 1132423, 'x': 63, 'y': 114}, {'station_cd': 1132424, 'x': 60, 'y': 118}, {'station_cd': 1132425, 'x': 54, 'y': 115}, {'station_cd': 1132426, 'x': 48, 'y': 116}, {'station_cd': 1132427, 'x': 40, 'y': 119}]"
11325,JR内房線,"[(1132501, '千葉'), (1132502, '本千葉'), (1132503, '蘇我'), (1132504, '浜野'), (1132505, '八幡宿'), (1132506, '五井'), (1132507, '姉ケ崎'), (1132508, '長浦'), (1132509, '袖ケ浦'), (1132510, '巌根'), (1132511, '木更津'), (1132512, '君津'), (1132513, '青堀'), (1132514, '大貫'), (1132515, '佐貫町'), (1132516, '上総湊'), (1132517, '竹岡'), (1132518, '浜金谷'), (1132519, '保田'), (1132520, '安房勝山'), (1132521, '岩井'), (1132522, '富浦'), (1132523, '那古船形'), (1132524, '館山'), (1132525, '九重'), (1132526, '千倉'), (1132527, '千歳'), (1132528, '南三原'), (1132529, '和田浦'), (1132530, '江見'), (1132531, '太海'), (1132532, '安房鴨川')]","422.706,304.106,432.706,324.030","[{'station_cd': 1132501, 'x': 83, 'y': 8}, {'station_cd': 1132502, 'x': 84, 'y': 11}, {'station_cd': 1132503, 'x': 85, 'y': 14}, {'station_cd': 1132504, 'x': 85, 'y': 19}, {'station_cd': 1132505, 'x': 83, 'y': 22}, {'station_cd': 1132506, 'x': 79, 'y': 26}, {'station_cd': 1132507, 'x': 73, 'y': 32}, {'station_cd': 1132508, 'x': 67, 'y': 36}, {'station_cd': 1132509, 'x': 62, 'y': 39}, {'station_cd': 1132510, 'x': 59, 'y': 42}, {'station_cd': 1132511, 'x': 58, 'y': 48}, {'station_cd': 1132512, 'x': 54, 'y': 56}, {'station_cd': 1132513, 'x': 49, 'y': 57}, {'station_cd': 1132514, 'x': 48, 'y': 64}, {'station_cd': 1132515, 'x': 51, 'y': 69}, {'station_cd': 1132516, 'x': 50, 'y': 76}, {'station_cd': 1132517, 'x': 45, 'y': 80}, {'station_cd': 1132518, 'x': 44, 'y': 85}, {'station_cd': 1132519, 'x': 46, 'y': 90}, {'station_cd': 1132520, 'x': 45, 'y': 95}, {'station_cd': 1132521, 'x': 47, 'y': 99}, {'station_cd': 1132522, 'x': 45, 'y': 107}, {'station_cd': 1132523, 'x': 47, 'y': 110}, {'station_cd': 1132524, 'x': 48, 'y': 116}, {'station_cd': 1132525, 'x': 54, 'y': 117}, {'station_cd': 1132526, 'x': 60, 'y': 121}, {'station_cd': 1132527, 'x': 62, 'y': 118}, {'station_cd': 1132528, 'x': 63, 'y': 113}, {'station_cd': 1132529, 'x': 69, 'y': 110}, {'station_cd': 1132530, 'x': 74, 'y': 106}, {'station_cd': 1132531, 'x': 79, 'y': 103}, {'station_cd': 1132532, 'x': 80, 'y': 99}]"
11326,JR京葉線,"[(1132601, '東京'), (1132602, '八丁堀'), (1132603, '越中島'), (1132604, '潮見'), (1132605, '新木場'), (1132606, '葛西臨海公園'), (1132607, '舞浜'), (1132608, '新浦安'), (1132609, '市川塩浜'), (1132610, '西船橋'), (1132611, '二俣新町'), (1132612, '南船橋'), (1132613, '新習志野'), (1132619, '幕張豊砂'), (1132614, '海浜幕張'), (1132615, '検見川浜'), (1132616, '稲毛海岸'), (1132617, '千葉みなと'), (1132618, '蘇我')]","422.329,299.311,432.329,309.311","[{'station_cd': 1132601, 'x': 18, 'y': 48}, {'station_cd': 1132602, 'x': 20, 'y': 50}, {'station_cd': 1132603, 'x': 24, 'y': 53}, {'station_cd': 1132604, 'x': 31, 'y': 57}, {'station_cd': 1132605, 'x': 33, 'y': 61}, {'station_cd': 1132606, 'x': 42, 'y': 63}, {'station_cd': 1132607, 'x': 47, 'y': 66}, {'station_cd': 1132608, 'x': 55, 'y': 62}, {'station_cd': 1132609, 'x': 58, 'y': 56}, {'station_cd': 1132610, 'x': 67, 'y': 42}, {'station_cd': 1132611, 'x': 67, 'y': 48}, {'station_cd': 1132612, 'x': 76, 'y': 52}, {'station_cd': 1132613, 'x': 81, 'y': 57}, {'station_cd': 1132619, 'x': 84, 'y': 61}, {'station_cd': 1132614, 'x': 88, 'y': 64}, {'station_cd': 1132615, 'x': 92, 'y': 68}, {'station_cd': 1132616, 'x': 96, 'y': 72}, {'station_cd': 1132617, 'x': 103, 'y': 80}, {'station_cd': 1132618, 'x': 110, 'y': 89}]"
11327,JR成田線,"[(1132701, '佐倉'), (1132702, '酒々井'), (1132703, '成田'), (1132704, '空港第２ビル（第２旅客ターミナル）'), (1132705, '成田空港（第１旅客ターミナル）'), (1132706, '久住'), (1132707, '滑河'), (1132708, '下総神崎'), (1132709, '大戸'), (1132710, '佐原'), (1132711, '香取'), (1132712, '水郷'), (1132713, '小見川'), (1132714, '笹川'), (1132715, '下総橘'), (1132716, '下総豊里'), (1132717, '椎柴'), (1132718, '松岸'), (1132719, '銚子'), (1132720, '我孫子'), (1132721, '東我孫子'), (1132722, '湖北'), (1132723, '新木'), (1132724, '布佐'), (1132725, '木下'), (1132726, '小林'), (1132727, '安食'), (1132728, '下総松崎')]","427.785,295.511,445.900,305.511","[{'station_cd': 1132701, 'x': 36, 'y': 81}, {'station_cd': 1132702, 'x': 43, 'y': 77}, {'station_cd': 1132703, 'x': 49, 'y': 68}, {'station_cd': 1132704, 'x': 59, 'y': 70}, {'station_cd': 1132705, 'x': 59, 'y': 71}, {'station_cd': 1132706, 'x': 53, 'y': 58}, {'station_cd': 1132707, 'x': 54, 'y': 49}, {'station_cd': 1132708, 'x': 63, 'y': 46}, {'station_cd': 1132709, 'x': 70, 'y': 47}, {'station_cd': 1132710, 'x': 75, 'y': 47}, {'station_cd': 1132711, 'x': 80, 'y': 47}, {'station_cd': 1132712, 'x': 86, 'y': 49}, {'station_cd': 1132713, 'x': 90, 'y': 57}, {'station_cd': 1132714, 'x': 98, 'y': 59}, {'station_cd': 1132715, 'x': 104, 'y': 64}, {'station_cd': 1132716, 'x': 107, 'y': 69}, {'station_cd': 1132717, 'x': 112, 'y': 75}, {'station_cd': 1132718, 'x': 117, 'y': 80}, {'station_cd': 1132719, 'x': 122, 'y': 82}, {'station_cd': 1132720, 'x': 6, 'y': 47}, {'station_cd': 1132721, 'x': 12, 'y': 48}, {'station_cd': 1132722, 'x': 16, 'y': 48}, {'station_cd': 1132723, 'x': 20, 'y': 50}, {'station_cd': 1132724, 'x': 24, 'y': 52}, {'station_cd': 1132725, 'x': 26, 'y': 55}, {'station_cd': 1132726, 'x': 32, 'y': 57}, {'station_cd': 1132727, 'x': 39, 'y': 56}, {'station_cd': 1132728, 'x': 44, 'y': 62}]"
11328,JR成田エクスプレス,"[(1132801, '大船'), (1132802, '戸塚'), (1132803, '横浜'), (1132821, '武蔵小杉'), (1132804, '大宮'), (1132805, '池袋'), (1132806, '新宿'), (1132815, '高尾'), (1132816, '八王子'), (1132817, '立川'), (1132818, '国分寺'), (1132819, '三鷹'), (1132820, '吉祥寺'), (1132807, '渋谷'), (1132808, '品川'), (1132809, '東京'), (1132810, '千葉'), (1132811, '四街道'), (1132822, '佐倉'), (1132812, '成田'), (1132813, '空港第２ビル（第２旅客ターミナル）'), (1132814, '成田空港（第１旅客ターミナル）')]","412.703,295.308,437.385,313.830","[{'station_cd': 1132801, 'x': 32, 'y': 102}, {'station_cd': 1132802, 'x': 32, 'y': 95}, {'station_cd': 1132803, 'x': 42, 'y': 86}, {'station_cd': 1132821, 'x': 46, 'y': 71}, {'station_cd': 1132804, 'x': 43, 'y': 23}, {'station_cd': 1132805, 'x': 51, 'y': 49}, {'station_cd': 1132806, 'x': 50, 'y': 54}, {'station_cd': 1132815, 'x': 7, 'y': 58}, {'station_cd': 1132816, 'x': 13, 'y': 57}, {'station_cd': 1132817, 'x': 20, 'y': 51}, {'station_cd': 1132818, 'x': 27, 'y': 51}, {'station_cd': 1132819, 'x': 36, 'y': 52}, {'station_cd': 1132820, 'x': 38, 'y': 52}, {'station_cd': 1132807, 'x': 50, 'y': 59}, {'station_cd': 1132808, 'x': 54, 'y': 64}, {'station_cd': 1132809, 'x': 57, 'y': 56}, {'station_cd': 1132810, 'x': 93, 'y': 68}, {'station_cd': 1132811, 'x': 98, 'y': 62}, {'station_cd': 1132822, 'x': 105, 'y': 55}, {'station_cd': 1132812, 'x': 114, 'y': 46}, {'station_cd': 1132813, 'x': 122, 'y': 47}, {'station_cd': 1132814, 'x': 122, 'y': 48}]"
11329,JR鹿島線,"[(1132901, '佐原'), (1132902, '香取'), (1132903, '十二橋'), (1132904, '潮来'), (1132905, '延方'), (1132906, '鹿島神宮'), (1132907, '鹿島サッカースタジアム（臨）')]","434.846,291.817,444.846,301.817","[{'station_cd': 1132901, 'x': 45, 'y': 80}, {'station_cd': 1132902, 'x': 55, 'y': 80}, {'station_cd': 1132903, 'x': 59, 'y': 73}, {'station_cd': 1132904, 'x': 60, 'y': 66}, {'station_cd': 1132905, 'x': 70, 'y': 59}, {'station_cd': 1132906, 'x': 80, 'y': 55}, {'station_cd': 1132907, 'x': 83, 'y': 48}]"
11330,JR久留里線,"[(1133001, '木更津'), (1133002, '祇園'), (1133003, '上総清川'), (1133004, '東清川'), (1133005, '横田'), (1133006, '東横田'), (1133007, '馬来田'), (1133008, '下郡'), (1133009, '小櫃'), (1133010, '俵田'), (1133011, '久留里'), (1133012, '平山'), (1133013, '上総松丘'), (1133014, '上総亀山')]","423.330,308.629,433.330,318.629","[{'station_cd': 1133001, 'x': 44, 'y': 38}, {'station_cd': 1133002, 'x': 49, 'y': 35}, {'station_cd': 1133003, 'x': 54, 'y': 35}, {'station_cd': 1133004, 'x': 59, 'y': 36}, {'station_cd': 1133005, 'x': 68, 'y': 38}, {'station_cd': 1133006, 'x': 72, 'y': 38}, {'station_cd': 1133007, 'x': 77, 'y': 45}, {'station_cd': 1133008, 'x': 77, 'y': 50}, {'station_cd': 1133009, 'x': 77, 'y': 59}, {'station_cd': 1133010, 'x': 78, 'y': 64}, {'station_cd': 1133011, 'x': 81, 'y': 71}, {'station_cd': 1133012, 'x': 78, 'y': 78}, {'station_cd': 1133013, 'x': 78, 'y': 84}, {'station_cd': 1133014, 'x': 84, 'y': 94}]"
11331,JR東金線,"[(1133101, '大網'), (1133102, '福俵'), (1133103, '東金'), (1133104, '求名'), (1133105, '成東')]","430.538,302.059,440.538,312.059","[{'station_cd': 1133101, 'x': 51, 'y': 78}, {'station_cd': 1133102, 'x': 59, 'y': 71}, {'station_cd': 1133103, 'x': 65, 'y': 66}, {'station_cd': 1133104, 'x': 73, 'y': 59}, {'station_cd': 1133105, 'x': 77, 'y': 50}]"
11332,JR京浜東北線,"[(1133201, '大宮'), (1133202, 'さいたま新都心'), (1133203, '与野'), (1133204, '北浦和'), (1133205, '浦和'), (1133206, '南浦和'), (1133207, '蕨'), (1133208, '西川口'), (1133209, '川口'), (1133210, '赤羽'), (1133211, '東十条'), (1133212, '王子'), (1133213, '上中里'), (1133214, '田端'), (1133215, '西日暮里'), (1133216, '日暮里'), (1133217, '鶯谷'), (1133218, '上野'), (1133219, '御徒町'), (1133220, '秋葉原'), (1133221, '神田'), (1133222, '東京'), (1133223, '有楽町'), (1133224, '新橋'), (1133225, '浜松町'), (1133226, '田町'), (1133236, '高輪ゲートウェイ'), (1133227, '品川'), (1133228, '大井町'), (1133229, '大森'), (1133230, '蒲田'), (1133231, '川崎'), (1133232, '鶴見'), (1133233, '新子安'), (1133234, '東神奈川'), (1133235, '横浜')]","417.385,295.979,427.385,309.669","[{'station_cd': 1133201, 'x': 51, 'y': 6}, {'station_cd': 1133202, 'x': 53, 'y': 9}, {'station_cd': 1133203, 'x': 54, 'y': 12}, {'station_cd': 1133204, 'x': 55, 'y': 15}, {'station_cd': 1133205, 'x': 57, 'y': 19}, {'station_cd': 1133206, 'x': 59, 'y': 22}, {'station_cd': 1133207, 'x': 63, 'y': 27}, {'station_cd': 1133208, 'x': 65, 'y': 30}, {'station_cd': 1133209, 'x': 68, 'y': 34}, {'station_cd': 1133210, 'x': 68, 'y': 40}, {'station_cd': 1133211, 'x': 69, 'y': 44}, {'station_cd': 1133212, 'x': 71, 'y': 47}, {'station_cd': 1133213, 'x': 73, 'y': 49}, {'station_cd': 1133214, 'x': 76, 'y': 51}, {'station_cd': 1133215, 'x': 77, 'y': 53}, {'station_cd': 1133216, 'x': 78, 'y': 54}, {'station_cd': 1133217, 'x': 79, 'y': 56}, {'station_cd': 1133218, 'x': 79, 'y': 58}, {'station_cd': 1133219, 'x': 78, 'y': 59}, {'station_cd': 1133220, 'x': 78, 'y': 62}, {'station_cd': 1133221, 'x': 77, 'y': 64}, {'station_cd': 1133222, 'x': 76, 'y': 66}, {'station_cd': 1133223, 'x': 76, 'y': 68}, {'station_cd': 1133224, 'x': 75, 'y': 70}, {'station_cd': 1133225, 'x': 74, 'y': 73}, {'station_cd': 1133226, 'x': 73, 'y': 75}, {'station_cd': 1133236, 'x': 71, 'y': 78}, {'station_cd': 1133227, 'x': 71, 'y': 79}, {'station_cd': 1133228, 'x': 70, 'y': 85}, {'station_cd': 1133229, 'x': 69, 'y': 90}, {'station_cd': 1133230, 'x': 66, 'y': 96}, {'station_cd': 1133231, 'x': 63, 'y': 104}, {'station_cd': 1133232, 'x': 59, 'y': 110}, {'station_cd': 1133233, 'x': 54, 'y': 115}, {'station_cd': 1133234, 'x': 50, 'y': 117}, {'station_cd': 1133235, 'x': 48, 'y': 120}]"
11333,JR湘南新宿ライン,"[(1133301, '大宮'), (1133316, '浦和'), (1133302, '赤羽'), (1133303, '池袋'), (1133304, '新宿'), (1133305, '渋谷'), (1133306, '恵比寿'), (1133307, '大崎'), (1133308, '西大井'), (1133315, '武蔵小杉'), (1133309, '新川崎'), (1133310, '横浜'), (1133311, '保土ケ谷'), (1133312, '東戸塚'), (1133313, '戸塚'), (1133314, '大船')]","415.940,295.698,425.940,312.897","[{'station_cd': 1133301, 'x': 64, 'y': 7}, {'station_cd': 1133316, 'x': 69, 'y': 17}, {'station_cd': 1133302, 'x': 78, 'y': 34}, {'station_cd': 1133303, 'x': 77, 'y': 44}, {'station_cd': 1133304, 'x': 75, 'y': 52}, {'station_cd': 1133305, 'x': 75, 'y': 59}, {'station_cd': 1133306, 'x': 76, 'y': 61}, {'station_cd': 1133307, 'x': 79, 'y': 67}, {'station_cd': 1133308, 'x': 78, 'y': 71}, {'station_cd': 1133315, 'x': 68, 'y': 75}, {'station_cd': 1133309, 'x': 70, 'y': 81}, {'station_cd': 1133310, 'x': 62, 'y': 98}, {'station_cd': 1133311, 'x': 59, 'y': 102}, {'station_cd': 1133312, 'x': 52, 'y': 105}, {'station_cd': 1133313, 'x': 49, 'y': 111}, {'station_cd': 1133314, 'x': 48, 'y': 120}]"
11334,JR烏山線,"[(1133401, '宝積寺'), (1133402, '下野花岡'), (1133403, '仁井田'), (1133404, '鴻野山'), (1133405, '大金'), (1133406, '小塙'), (1133407, '滝'), (1133408, '烏山')]","425.277,271.544,435.277,281.544","[{'station_cd': 1133401, 'x': 41, 'y': 69}, {'station_cd': 1133402, 'x': 49, 'y': 63}, {'station_cd': 1133403, 'x': 54, 'y': 60}, {'station_cd': 1133404, 'x': 60, 'y': 58}, {'station_cd': 1133405, 'x': 71, 'y': 62}, {'station_cd': 1133406, 'x': 77, 'y': 67}, {'station_cd': 1133407, 'x': 82, 'y': 65}, {'station_cd': 1133408, 'x': 87, 'y': 65}]"
11335,JR吾妻線,"[(1133501, '渋川'), (1133502, '金島'), (1133503, '祖母島'), (1133504, '小野上'), (1133505, '小野上温泉'), (1133506, '市城'), (1133507, '中之条'), (1133508, '群馬原町'), (1133509, '郷原'), (1133510, '矢倉'), (1133511, '岩島'), (1133512, '川原湯温泉'), (1133513, '長野原草津口'), (1133514, '群馬大津'), (1133515, '羽根尾'), (1133516, '袋倉'), (1133517, '万座・鹿沢口'), (1133518, '大前')]","398.900,272.900,409.528,282.900","[{'station_cd': 1133501, 'x': 122, 'y': 84}, {'station_cd': 1133502, 'x': 114, 'y': 70}, {'station_cd': 1133503, 'x': 109, 'y': 66}, {'station_cd': 1133504, 'x': 101, 'y': 62}, {'station_cd': 1133505, 'x': 97, 'y': 60}, {'station_cd': 1133506, 'x': 92, 'y': 55}, {'station_cd': 1133507, 'x': 84, 'y': 50}, {'station_cd': 1133508, 'x': 78, 'y': 54}, {'station_cd': 1133509, 'x': 72, 'y': 61}, {'station_cd': 1133510, 'x': 68, 'y': 59}, {'station_cd': 1133511, 'x': 62, 'y': 56}, {'station_cd': 1133512, 'x': 47, 'y': 61}, {'station_cd': 1133513, 'x': 35, 'y': 59}, {'station_cd': 1133514, 'x': 30, 'y': 57}, {'station_cd': 1133515, 'x': 25, 'y': 57}, {'station_cd': 1133516, 'x': 18, 'y': 59}, {'station_cd': 1133517, 'x': 12, 'y': 63}, {'station_cd': 1133518, 'x': 6, 'y': 68}]"
11337,JR信越本線,"[(1133701, '高崎'), (1133702, '北高崎'), (1133703, '群馬八幡'), (1133704, '安中'), (1133705, '磯部'), (1133706, '松井田'), (1133707, '西松井田'), (1133708, '横川')]","401.217,279.151,411.217,289.151","[{'station_cd': 1133701, 'x': 99, 'y': 65}, {'station_cd': 1133702, 'x': 96, 'y': 59}, {'station_cd': 1133703, 'x': 85, 'y': 59}, {'station_cd': 1133704, 'x': 74, 'y': 60}, {'station_cd': 1133705, 'x': 57, 'y': 71}, {'station_cd': 1133706, 'x': 44, 'y': 66}, {'station_cd': 1133707, 'x': 41, 'y': 63}, {'station_cd': 1133708, 'x': 29, 'y': 55}]"
11338,JR水郡線,"[(1133801, '水戸'), (1133802, '常陸青柳'), (1133803, '常陸津田'), (1133804, '後台'), (1133805, '下菅谷'), (1133806, '中菅谷'), (1133807, '上菅谷'), (1133808, '南酒出'), (1133809, '額田'), (1133810, '河合'), (1133811, '谷河原'), (1133812, '常陸太田'), (1133813, '常陸鴻巣'), (1133814, '瓜連'), (1133815, '静'), (1133816, '常陸大宮'), (1133817, '玉川村'), (1133818, '野上原'), (1133819, '山方宿'), (1133820, '中舟生'), (1133821, '下小川'), (1133822, '西金'), (1133823, '上小川'), (1133824, '袋田'), (1133825, '常陸大子'), (1133826, '下野宮'), (1133827, '矢祭山'), (1133828, '東館'), (1133829, '南石井'), (1133830, '磐城石井'), (1133831, '磐城塙'), (1133832, '近津'), (1133833, '中豊'), (1133834, '磐城棚倉'), (1133835, '磐城浅川'), (1133836, '里白石'), (1133837, '磐城石川'), (1133838, '野木沢'), (1133839, '川辺沖'), (1133840, '泉郷'), (1133841, '川東'), (1133842, '小塩江'), (1133843, '谷田川'), (1133844, '磐城守山'), (1133845, '安積永盛'), (1133846, '郡山')]","432.860,254.654,442.860,286.328","[{'station_cd': 1133801, 'x': 66, 'y': 122}, {'station_cd': 1133802, 'x': 67, 'y': 121}, {'station_cd': 1133803, 'x': 66, 'y': 118}, {'station_cd': 1133804, 'x': 67, 'y': 116}, {'station_cd': 1133805, 'x': 67, 'y': 115}, {'station_cd': 1133806, 'x': 67, 'y': 114}, {'station_cd': 1133807, 'x': 67, 'y': 113}, {'station_cd': 1133808, 'x': 68, 'y': 110}, {'station_cd': 1133809, 'x': 68, 'y': 109}, {'station_cd': 1133810, 'x': 69, 'y': 107}, {'station_cd': 1133811, 'x': 70, 'y': 105}, {'station_cd': 1133812, 'x': 70, 'y': 104}, {'station_cd': 1133813, 'x': 65, 'y': 110}, {'station_cd': 1133814, 'x': 64, 'y': 108}, {'station_cd': 1133815, 'x': 63, 'y': 107}, {'station_cd': 1133816, 'x': 61, 'y': 102}, {'station_cd': 1133817, 'x': 58, 'y': 98}, {'station_cd': 1133818, 'x': 59, 'y': 95}, {'station_cd': 1133819, 'x': 60, 'y': 93}, {'station_cd': 1133820, 'x': 60, 'y': 91}, {'station_cd': 1133821, 'x': 59, 'y': 88}, {'station_cd': 1133822, 'x': 59, 'y': 85}, {'station_cd': 1133823, 'x': 59, 'y': 82}, {'station_cd': 1133824, 'x': 59, 'y': 78}, {'station_cd': 1133825, 'x': 57, 'y': 76}, {'station_cd': 1133826, 'x': 59, 'y': 71}, {'station_cd': 1133827, 'x': 60, 'y': 68}, {'station_cd': 1133828, 'x': 63, 'y': 66}, {'station_cd': 1133829, 'x': 62, 'y': 63}, {'station_cd': 1133830, 'x': 62, 'y': 62}, {'station_cd': 1133831, 'x': 62, 'y': 56}, {'station_cd': 1133832, 'x': 61, 'y': 51}, {'station_cd': 1133833, 'x': 61, 'y': 48}, {'station_cd': 1133834, 'x': 60, 'y': 47}, {'station_cd': 1133835, 'x': 62, 'y': 42}, {'station_cd': 1133836, 'x': 63, 'y': 39}, {'station_cd': 1133837, 'x': 65, 'y': 35}, {'station_cd': 1133838, 'x': 63, 'y': 31}, {'station_cd': 1133839, 'x': 62, 'y': 29}, {'station_cd': 1133840, 'x': 62, 'y': 27}, {'station_cd': 1133841, 'x': 62, 'y': 21}, {'station_cd': 1133842, 'x': 64, 'y': 18}, {'station_cd': 1133843, 'x': 64, 'y': 16}, {'station_cd': 1133844, 'x': 62, 'y': 14}, {'station_cd': 1133845, 'x': 59, 'y': 11}, {'station_cd': 1133846, 'x': 61, 'y': 6}]"
11339,JR水戸線,"[(1133901, '小山'), (1133902, '小田林'), (1133903, '結城'), (1133904, '東結城'), (1133905, '川島'), (1133906, '玉戸'), (1133907, '下館'), (1133908, '新治'), (1133909, '大和'), (1133910, '岩瀬'), (1133911, '羽黒'), (1133912, '福原'), (1133913, '稲田'), (1133914, '笠間'), (1133915, '宍戸'), (1133916, '友部')]","424.347,280.276,435.410,290.276","[{'station_cd': 1133901, 'x': 6, 'y': 67}, {'station_cd': 1133902, 'x': 17, 'y': 72}, {'station_cd': 1133903, 'x': 21, 'y': 73}, {'station_cd': 1133904, 'x': 26, 'y': 74}, {'station_cd': 1133905, 'x': 31, 'y': 74}, {'station_cd': 1133906, 'x': 36, 'y': 74}, {'station_cd': 1133907, 'x': 46, 'y': 73}, {'station_cd': 1133908, 'x': 60, 'y': 66}, {'station_cd': 1133909, 'x': 68, 'y': 61}, {'station_cd': 1133910, 'x': 76, 'y': 57}, {'station_cd': 1133911, 'x': 84, 'y': 59}, {'station_cd': 1133912, 'x': 94, 'y': 61}, {'station_cd': 1133913, 'x': 101, 'y': 55}, {'station_cd': 1133914, 'x': 108, 'y': 55}, {'station_cd': 1133915, 'x': 118, 'y': 64}, {'station_cd': 1133916, 'x': 122, 'y': 63}]"
11340,JR日光線,"[(1134001, '宇都宮'), (1134002, '鶴田'), (1134003, '鹿沼'), (1134004, '文挟'), (1134005, '下野大沢'), (1134006, '今市'), (1134007, '日光')]","419.125,271.310,429.125,281.310","[{'station_cd': 1134001, 'x': 99, 'y': 96}, {'station_cd': 1134002, 'x': 89, 'y': 103}, {'station_cd': 1134003, 'x': 64, 'y': 90}, {'station_cd': 1134004, 'x': 56, 'y': 65}, {'station_cd': 1134005, 'x': 57, 'y': 48}, {'station_cd': 1134006, 'x': 46, 'y': 35}, {'station_cd': 1134007, 'x': 29, 'y': 24}]"
11341,JR両毛線,"[(1134101, '高崎'), (1134102, '高崎問屋町'), (1134103, '井野'), (1134104, '新前橋'), (1134105, '前橋'), (1134106, '前橋大島'), (1134107, '駒形'), (1134108, '伊勢崎'), (1134109, '国定'), (1134110, '岩宿'), (1134111, '桐生'), (1134112, '小俣'), (1134113, '山前'), (1134114, '足利'), (1134122, 'あしかがフラワーパーク'), (1134115, '富田'), (1134116, '佐野'), (1134117, '岩舟'), (1134118, '大平下'), (1134119, '栃木'), (1134120, '思川'), (1134121, '小山')]","408.164,278.655,425.713,288.655","[{'station_cd': 1134101, 'x': 6, 'y': 68}, {'station_cd': 1134102, 'x': 7, 'y': 63}, {'station_cd': 1134103, 'x': 8, 'y': 61}, {'station_cd': 1134104, 'x': 11, 'y': 57}, {'station_cd': 1134105, 'x': 15, 'y': 56}, {'station_cd': 1134106, 'x': 20, 'y': 59}, {'station_cd': 1134107, 'x': 25, 'y': 63}, {'station_cd': 1134108, 'x': 32, 'y': 69}, {'station_cd': 1134109, 'x': 40, 'y': 63}, {'station_cd': 1134110, 'x': 48, 'y': 56}, {'station_cd': 1134111, 'x': 53, 'y': 53}, {'station_cd': 1134112, 'x': 59, 'y': 61}, {'station_cd': 1134113, 'x': 64, 'y': 67}, {'station_cd': 1134114, 'x': 71, 'y': 71}, {'station_cd': 1134122, 'x': 80, 'y': 75}, {'station_cd': 1134115, 'x': 81, 'y': 74}, {'station_cd': 1134116, 'x': 89, 'y': 75}, {'station_cd': 1134117, 'x': 100, 'y': 74}, {'station_cd': 1134118, 'x': 106, 'y': 70}, {'station_cd': 1134119, 'x': 111, 'y': 65}, {'station_cd': 1134120, 'x': 118, 'y': 70}, {'station_cd': 1134121, 'x': 122, 'y': 78}]"
11342,JR上越線,"[(1134201, '高崎'), (1134202, '高崎問屋町'), (1134203, '井野'), (1134204, '新前橋'), (1134205, '群馬総社'), (1134206, '八木原'), (1134207, '渋川'), (1134208, '敷島'), (1134209, '津久田'), (1134210, '岩本'), (1134211, '沼田'), (1134212, '後閑'), (1134213, '上牧'), (1134214, '水上'), (1134215, '湯檜曽'), (1134216, '土合'), (1134217, '土樽'), (1134218, '越後中里'), (1134219, '岩原スキー場前'), (1134220, '越後湯沢'), (1134221, '石打'), (1134222, '大沢'), (1134223, '上越国際スキー場前'), (1134224, '塩沢'), (1134225, '六日町'), (1134226, '五日町'), (1134227, '浦佐'), (1134228, '八色'), (1134229, '小出'), (1134230, '越後堀之内'), (1134231, '北堀之内'), (1134232, '越後川口'), (1134233, '小千谷'), (1134234, '越後滝谷'), (1134235, '宮内'), (1134236, '長岡')]","402.552,251.083,412.552,285.859","[{'station_cd': 1134201, 'x': 69, 'y': 122}, {'station_cd': 1134202, 'x': 70, 'y': 120}, {'station_cd': 1134203, 'x': 70, 'y': 118}, {'station_cd': 1134204, 'x': 72, 'y': 116}, {'station_cd': 1134205, 'x': 71, 'y': 113}, {'station_cd': 1134206, 'x': 70, 'y': 108}, {'station_cd': 1134207, 'x': 69, 'y': 105}, {'station_cd': 1134208, 'x': 71, 'y': 100}, {'station_cd': 1134209, 'x': 72, 'y': 98}, {'station_cd': 1134210, 'x': 72, 'y': 94}, {'station_cd': 1134211, 'x': 72, 'y': 89}, {'station_cd': 1134212, 'x': 69, 'y': 85}, {'station_cd': 1134213, 'x': 68, 'y': 80}, {'station_cd': 1134214, 'x': 67, 'y': 75}, {'station_cd': 1134215, 'x': 68, 'y': 73}, {'station_cd': 1134216, 'x': 67, 'y': 70}, {'station_cd': 1134217, 'x': 59, 'y': 65}, {'station_cd': 1134218, 'x': 58, 'y': 61}, {'station_cd': 1134219, 'x': 58, 'y': 60}, {'station_cd': 1134220, 'x': 56, 'y': 58}, {'station_cd': 1134221, 'x': 55, 'y': 53}, {'station_cd': 1134222, 'x': 57, 'y': 50}, {'station_cd': 1134223, 'x': 57, 'y': 49}, {'station_cd': 1134224, 'x': 59, 'y': 48}, {'station_cd': 1134225, 'x': 61, 'y': 45}, {'station_cd': 1134226, 'x': 63, 'y': 40}, {'station_cd': 1134227, 'x': 64, 'y': 35}, {'station_cd': 1134228, 'x': 65, 'y': 33}, {'station_cd': 1134229, 'x': 67, 'y': 28}, {'station_cd': 1134230, 'x': 65, 'y': 28}, {'station_cd': 1134231, 'x': 63, 'y': 26}, {'station_cd': 1134232, 'x': 60, 'y': 24}, {'station_cd': 1134233, 'x': 57, 'y': 20}, {'station_cd': 1134234, 'x': 58, 'y': 14}, {'station_cd': 1134235, 'x': 59, 'y': 9}, {'station_cd': 1134236, 'x': 60, 'y': 6}]"
11343,上野東京ライン,"[(1134301, '東京'), (1134302, '上野')]","418.818,297.605,428.818,307.605","[{'station_cd': 1134301, 'x': 62, 'y': 70}, {'station_cd': 1134302, 'x': 66, 'y': 58}]"
11344,ディズニーリゾートライン,"[(1134401, '東京ディズニーランド・ステーション'), (1134402, 'ベイサイド・ステーション'), (1134403, '東京ディズニーシー・ステーション'), (1134404, 'リゾートゲートウェイ・ステーション')]","421.015,299.583,431.015,309.583","[{'station_cd': 1134401, 'x': 63, 'y': 62}, {'station_cd': 1134402, 'x': 62, 'y': 65}, {'station_cd': 1134403, 'x': 66, 'y': 66}, {'station_cd': 1134404, 'x': 65, 'y': 63}]"
11401,小海線,"[(1140101, '小淵沢'), (1140102, '甲斐小泉'), (1140103, '甲斐大泉'), (1140104, '清里'), (1140105, '野辺山'), (1140106, '信濃川上'), (1140107, '佐久広瀬'), (1140108, '佐久海ノ口'), (1140109, '海尻'), (1140110, '松原湖'), (1140111, '小海'), (1140112, '馬流'), (1140113, '高岩'), (1140114, '八千穂'), (1140115, '海瀬'), (1140116, '羽黒下'), (1140117, '青沼'), (1140118, '臼田'), (1140119, '龍岡城'), (1140120, '太田部'), (1140121, '中込'), (1140122, '滑津'), (1140123, '北中込'), (1140124, '岩村田'), (1140125, '佐久平'), (1140126, '中佐都'), (1140127, '美里'), (1140128, '三岡'), (1140129, '乙女'), (1140130, '東小諸'), (1140131, '小諸')]","392.014,282.538,402.014,296.991","[{'station_cd': 1140101, 'x': 44, 'y': 120}, {'station_cd': 1140102, 'x': 52, 'y': 116}, {'station_cd': 1140103, 'x': 61, 'y': 113}, {'station_cd': 1140104, 'x': 66, 'y': 108}, {'station_cd': 1140105, 'x': 73, 'y': 99}, {'station_cd': 1140106, 'x': 82, 'y': 95}, {'station_cd': 1140107, 'x': 81, 'y': 88}, {'station_cd': 1140108, 'x': 76, 'y': 83}, {'station_cd': 1140109, 'x': 73, 'y': 78}, {'station_cd': 1140110, 'x': 72, 'y': 73}, {'station_cd': 1140111, 'x': 75, 'y': 66}, {'station_cd': 1140112, 'x': 75, 'y': 63}, {'station_cd': 1140113, 'x': 74, 'y': 60}, {'station_cd': 1140114, 'x': 74, 'y': 55}, {'station_cd': 1140115, 'x': 76, 'y': 50}, {'station_cd': 1140116, 'x': 76, 'y': 47}, {'station_cd': 1140117, 'x': 76, 'y': 44}, {'station_cd': 1140118, 'x': 76, 'y': 40}, {'station_cd': 1140119, 'x': 77, 'y': 38}, {'station_cd': 1140120, 'x': 76, 'y': 34}, {'station_cd': 1140121, 'x': 75, 'y': 31}, {'station_cd': 1140122, 'x': 74, 'y': 29}, {'station_cd': 1140123, 'x': 75, 'y': 25}, {'station_cd': 1140124, 'x': 74, 'y': 20}, {'station_cd': 1140125, 'x': 72, 'y': 19}, {'station_cd': 1140126, 'x': 71, 'y': 19}, {'station_cd': 1140127, 'x': 70, 'y': 16}, {'station_cd': 1140128, 'x': 70, 'y': 13}, {'station_cd': 1140129, 'x': 68, 'y': 11}, {'station_cd': 1140130, 'x': 67, 'y': 9}, {'station_cd': 1140131, 'x': 65, 'y': 7}]"
11402,JR身延線,"[(1140201, '富士'), (1140202, '柚木'), (1140203, '竪堀'), (1140204, '入山瀬'), (1140205, '富士根'), (1140206, '源道寺'), (1140207, '富士宮'), (1140208, '西富士宮'), (1140209, '沼久保'), (1140210, '芝川'), (1140211, '稲子'), (1140212, '十島'), (1140213, '井出'), (1140214, '寄畑'), (1140215, '内船'), (1140216, '甲斐大島'), (1140217, '身延'), (1140218, '塩之沢'), (1140219, '波高島'), (1140220, '下部温泉'), (1140221, '甲斐常葉'), (1140222, '市ノ瀬'), (1140223, '久那土'), (1140224, '甲斐岩間'), (1140225, '落居'), (1140226, '鰍沢口'), (1140227, '市川大門'), (1140228, '市川本町'), (1140229, '芦川'), (1140230, '甲斐上野'), (1140231, '東花輪'), (1140232, '小井川'), (1140233, '常永'), (1140234, '国母'), (1140235, '甲斐住吉'), (1140236, '南甲府'), (1140237, '善光寺'), (1140238, '金手'), (1140239, '甲府')]","394.227,300.974,404.227,317.031","[{'station_cd': 1140201, 'x': 79, 'y': 122}, {'station_cd': 1140202, 'x': 77, 'y': 121}, {'station_cd': 1140203, 'x': 78, 'y': 118}, {'station_cd': 1140204, 'x': 78, 'y': 114}, {'station_cd': 1140205, 'x': 76, 'y': 110}, {'station_cd': 1140206, 'x': 75, 'y': 108}, {'station_cd': 1140207, 'x': 73, 'y': 106}, {'station_cd': 1140208, 'x': 71, 'y': 105}, {'station_cd': 1140209, 'x': 68, 'y': 111}, {'station_cd': 1140210, 'x': 65, 'y': 111}, {'station_cd': 1140211, 'x': 61, 'y': 103}, {'station_cd': 1140212, 'x': 57, 'y': 103}, {'station_cd': 1140213, 'x': 54, 'y': 99}, {'station_cd': 1140214, 'x': 51, 'y': 95}, {'station_cd': 1140215, 'x': 50, 'y': 91}, {'station_cd': 1140216, 'x': 48, 'y': 81}, {'station_cd': 1140217, 'x': 48, 'y': 74}, {'station_cd': 1140218, 'x': 48, 'y': 70}, {'station_cd': 1140219, 'x': 49, 'y': 61}, {'station_cd': 1140220, 'x': 51, 'y': 60}, {'station_cd': 1140221, 'x': 52, 'y': 55}, {'station_cd': 1140222, 'x': 53, 'y': 52}, {'station_cd': 1140223, 'x': 51, 'y': 47}, {'station_cd': 1140224, 'x': 50, 'y': 45}, {'station_cd': 1140225, 'x': 52, 'y': 42}, {'station_cd': 1140226, 'x': 52, 'y': 34}, {'station_cd': 1140227, 'x': 55, 'y': 30}, {'station_cd': 1140228, 'x': 57, 'y': 30}, {'station_cd': 1140229, 'x': 58, 'y': 29}, {'station_cd': 1140230, 'x': 60, 'y': 28}, {'station_cd': 1140231, 'x': 61, 'y': 23}, {'station_cd': 1140232, 'x': 61, 'y': 21}, {'station_cd': 1140233, 'x': 62, 'y': 18}, {'station_cd': 1140234, 'x': 65, 'y': 15}, {'station_cd': 1140235, 'x': 68, 'y': 14}, {'station_cd': 1140236, 'x': 69, 'y': 12}, {'station_cd': 1140237, 'x': 71, 'y': 9}, {'station_cd': 1140238, 'x': 69, 'y': 8}, {'station_cd': 1140239, 'x': 68, 'y': 7}]"
11403,JR信越本線(篠ノ井～長野),"[(1140301, '篠ノ井'), (1140302, '今井'), (1140303, '川中島'), (1140304, '安茂里'), (1140305, '長野')]","387.133,270.100,397.133,280.100","[{'station_cd': 1140301, 'x': 57, 'y': 75}, {'station_cd': 1140302, 'x': 59, 'y': 69}, {'station_cd': 1140303, 'x': 61, 'y': 62}, {'station_cd': 1140304, 'x': 64, 'y': 57}, {'station_cd': 1140305, 'x': 71, 'y': 53}]"
11404,JR信越本線(直江津～新潟),"[(1140401, '直江津'), (1140402, '黒井'), (1140403, '犀潟'), (1140404, '土底浜'), (1140405, '潟町'), (1140406, '上下浜'), (1140407, '柿崎'), (1140408, '米山'), (1140409, '笠島'), (1140410, '青海川'), (1140411, '鯨波'), (1140412, '柏崎'), (1140413, '茨目'), (1140414, '安田'), (1140415, '北条'), (1140416, '越後広田'), (1140417, '長鳥'), (1140418, '塚山'), (1140419, '越後岩塚'), (1140420, '来迎寺'), (1140421, '前川'), (1140422, '宮内'), (1140423, '長岡'), (1140424, '北長岡'), (1140425, '押切'), (1140426, '見附'), (1140427, '帯織'), (1140428, '東光寺'), (1140429, '三条'), (1140430, '東三条'), (1140431, '保内'), (1140432, '加茂'), (1140433, '羽生田'), (1140434, '田上'), (1140435, '矢代田'), (1140436, '古津'), (1140437, '新津'), (1140438, 'さつき野'), (1140439, '荻川'), (1140440, '亀田'), (1140441, '越後石山'), (1140442, '新潟')]","393.124,237.915,412.951,261.890","[{'station_cd': 1140401, 'x': 16, 'y': 116}, {'station_cd': 1140402, 'x': 19, 'y': 114}, {'station_cd': 1140403, 'x': 23, 'y': 110}, {'station_cd': 1140404, 'x': 25, 'y': 109}, {'station_cd': 1140405, 'x': 27, 'y': 107}, {'station_cd': 1140406, 'x': 29, 'y': 105}, {'station_cd': 1140407, 'x': 32, 'y': 101}, {'station_cd': 1140408, 'x': 37, 'y': 96}, {'station_cd': 1140409, 'x': 40, 'y': 93}, {'station_cd': 1140410, 'x': 42, 'y': 92}, {'station_cd': 1140411, 'x': 46, 'y': 90}, {'station_cd': 1140412, 'x': 50, 'y': 89}, {'station_cd': 1140413, 'x': 53, 'y': 91}, {'station_cd': 1140414, 'x': 56, 'y': 93}, {'station_cd': 1140415, 'x': 59, 'y': 94}, {'station_cd': 1140416, 'x': 61, 'y': 91}, {'station_cd': 1140417, 'x': 64, 'y': 90}, {'station_cd': 1140418, 'x': 69, 'y': 92}, {'station_cd': 1140419, 'x': 71, 'y': 88}, {'station_cd': 1140420, 'x': 74, 'y': 86}, {'station_cd': 1140421, 'x': 79, 'y': 86}, {'station_cd': 1140422, 'x': 81, 'y': 83}, {'station_cd': 1140423, 'x': 82, 'y': 79}, {'station_cd': 1140424, 'x': 83, 'y': 76}, {'station_cd': 1140425, 'x': 85, 'y': 71}, {'station_cd': 1140426, 'x': 88, 'y': 66}, {'station_cd': 1140427, 'x': 90, 'y': 61}, {'station_cd': 1140428, 'x': 92, 'y': 58}, {'station_cd': 1140429, 'x': 94, 'y': 54}, {'station_cd': 1140430, 'x': 95, 'y': 53}, {'station_cd': 1140431, 'x': 100, 'y': 52}, {'station_cd': 1140432, 'x': 104, 'y': 49}, {'station_cd': 1140433, 'x': 105, 'y': 44}, {'station_cd': 1140434, 'x': 107, 'y': 40}, {'station_cd': 1140435, 'x': 109, 'y': 36}, {'station_cd': 1140436, 'x': 111, 'y': 33}, {'station_cd': 1140437, 'x': 112, 'y': 29}, {'station_cd': 1140438, 'x': 111, 'y': 27}, {'station_cd': 1140439, 'x': 111, 'y': 24}, {'station_cd': 1140440, 'x': 111, 'y': 17}, {'station_cd': 1140441, 'x': 109, 'y': 14}, {'station_cd': 1140442, 'x': 106, 'y': 12}]"
11406,JR白新線,"[(1140601, '新潟'), (1140602, '東新潟'), (1140603, '大形'), (1140604, '新崎'), (1140605, '早通'), (1140606, '豊栄'), (1140607, '黒山'), (1140608, '佐々木'), (1140609, '西新発田'), (1140610, '新発田')]","408.593,234.801,418.593,244.801","[{'station_cd': 1140601, 'x': 29, 'y': 68}, {'station_cd': 1140602, 'x': 41, 'y': 70}, {'station_cd': 1140603, 'x': 46, 'y': 68}, {'station_cd': 1140604, 'x': 54, 'y': 66}, {'station_cd': 1140605, 'x': 59, 'y': 67}, {'station_cd': 1140606, 'x': 68, 'y': 68}, {'station_cd': 1140607, 'x': 75, 'y': 62}, {'station_cd': 1140608, 'x': 83, 'y': 58}, {'station_cd': 1140609, 'x': 91, 'y': 61}, {'station_cd': 1140610, 'x': 99, 'y': 61}]"
11407,JR飯山線,"[(1140701, '長野'), (1140702, '北長野'), (1140703, '三才'), (1140704, '豊野'), (1140705, '信濃浅野'), (1140706, '立ケ花'), (1140707, '上今井'), (1140708, '替佐'), (1140709, '蓮'), (1140710, '飯山'), (1140711, '北飯山'), (1140712, '信濃平'), (1140713, '戸狩野沢温泉'), (1140714, '上境'), (1140715, '上桑名川'), (1140716, '桑名川'), (1140717, '西大滝'), (1140718, '信濃白鳥'), (1140719, '平滝'), (1140720, '横倉'), (1140721, '森宮野原'), (1140722, '足滝'), (1140723, '越後田中'), (1140724, '津南'), (1140725, '越後鹿渡'), (1140726, '越後田沢'), (1140727, '越後水沢'), (1140728, '土市'), (1140729, '十日町'), (1140730, '魚沼中条'), (1140731, '下条'), (1140732, '越後岩沢'), (1140733, '内ケ巻'), (1140734, '越後川口')]","391.972,255.788,407.175,276.026","[{'station_cd': 1140701, 'x': 20, 'y': 117}, {'station_cd': 1140702, 'x': 25, 'y': 113}, {'station_cd': 1140703, 'x': 27, 'y': 109}, {'station_cd': 1140704, 'x': 31, 'y': 105}, {'station_cd': 1140705, 'x': 34, 'y': 104}, {'station_cd': 1140706, 'x': 36, 'y': 102}, {'station_cd': 1140707, 'x': 37, 'y': 98}, {'station_cd': 1140708, 'x': 38, 'y': 96}, {'station_cd': 1140709, 'x': 41, 'y': 89}, {'station_cd': 1140710, 'x': 43, 'y': 82}, {'station_cd': 1140711, 'x': 43, 'y': 80}, {'station_cd': 1140712, 'x': 45, 'y': 76}, {'station_cd': 1140713, 'x': 47, 'y': 70}, {'station_cd': 1140714, 'x': 50, 'y': 67}, {'station_cd': 1140715, 'x': 53, 'y': 63}, {'station_cd': 1140716, 'x': 56, 'y': 60}, {'station_cd': 1140717, 'x': 58, 'y': 60}, {'station_cd': 1140718, 'x': 61, 'y': 59}, {'station_cd': 1140719, 'x': 65, 'y': 59}, {'station_cd': 1140720, 'x': 67, 'y': 60}, {'station_cd': 1140721, 'x': 71, 'y': 59}, {'station_cd': 1140722, 'x': 74, 'y': 57}, {'station_cd': 1140723, 'x': 77, 'y': 57}, {'station_cd': 1140724, 'x': 79, 'y': 53}, {'station_cd': 1140725, 'x': 83, 'y': 49}, {'station_cd': 1140726, 'x': 86, 'y': 48}, {'station_cd': 1140727, 'x': 89, 'y': 45}, {'station_cd': 1140728, 'x': 90, 'y': 41}, {'station_cd': 1140729, 'x': 94, 'y': 35}, {'station_cd': 1140730, 'x': 96, 'y': 31}, {'station_cd': 1140731, 'x': 97, 'y': 24}, {'station_cd': 1140732, 'x': 99, 'y': 17}, {'station_cd': 1140733, 'x': 106, 'y': 15}, {'station_cd': 1140734, 'x': 108, 'y': 11}]"
11408,JR越後線,"[(1140801, '柏崎'), (1140802, '東柏崎'), (1140803, '西中通'), (1140804, '荒浜'), (1140805, '刈羽'), (1140806, '西山'), (1140807, '礼拝'), (1140808, '石地'), (1140809, '小木ノ城'), (1140810, '出雲崎'), (1140811, '妙法寺'), (1140812, '小島谷'), (1140813, '桐原'), (1140814, '寺泊'), (1140815, '分水'), (1140816, '粟生津'), (1140817, '南吉田'), (1140818, '吉田'), (1140819, '北吉田'), (1140820, '岩室'), (1140821, '巻'), (1140822, '越後曽根'), (1140823, '越後赤塚'), (1140824, '内野西が丘'), (1140825, '内野'), (1140826, '新潟大学前'), (1140827, '寺尾'), (1140828, '小針'), (1140829, '青山'), (1140830, '関屋'), (1140831, '白山'), (1140833, '上所'), (1140832, '新潟')]","399.902,238.625,411.358,256.144","[{'station_cd': 1140801, 'x': 26, 'y': 117}, {'station_cd': 1140802, 'x': 27, 'y': 115}, {'station_cd': 1140803, 'x': 31, 'y': 112}, {'station_cd': 1140804, 'x': 33, 'y': 109}, {'station_cd': 1140805, 'x': 35, 'y': 104}, {'station_cd': 1140806, 'x': 39, 'y': 101}, {'station_cd': 1140807, 'x': 42, 'y': 99}, {'station_cd': 1140808, 'x': 46, 'y': 94}, {'station_cd': 1140809, 'x': 48, 'y': 88}, {'station_cd': 1140810, 'x': 50, 'y': 85}, {'station_cd': 1140811, 'x': 54, 'y': 78}, {'station_cd': 1140812, 'x': 58, 'y': 77}, {'station_cd': 1140813, 'x': 61, 'y': 71}, {'station_cd': 1140814, 'x': 65, 'y': 68}, {'station_cd': 1140815, 'x': 68, 'y': 66}, {'station_cd': 1140816, 'x': 74, 'y': 61}, {'station_cd': 1140817, 'x': 73, 'y': 58}, {'station_cd': 1140818, 'x': 74, 'y': 55}, {'station_cd': 1140819, 'x': 75, 'y': 52}, {'station_cd': 1140820, 'x': 75, 'y': 48}, {'station_cd': 1140821, 'x': 76, 'y': 41}, {'station_cd': 1140822, 'x': 80, 'y': 33}, {'station_cd': 1140823, 'x': 79, 'y': 29}, {'station_cd': 1140824, 'x': 82, 'y': 23}, {'station_cd': 1140825, 'x': 84, 'y': 20}, {'station_cd': 1140826, 'x': 86, 'y': 18}, {'station_cd': 1140827, 'x': 89, 'y': 17}, {'station_cd': 1140828, 'x': 92, 'y': 15}, {'station_cd': 1140829, 'x': 93, 'y': 13}, {'station_cd': 1140830, 'x': 95, 'y': 12}, {'station_cd': 1140831, 'x': 98, 'y': 11}, {'station_cd': 1140833, 'x': 100, 'y': 12}, {'station_cd': 1140832, 'x': 102, 'y': 11}]"
11409,北アルプス線,"[(1140901, '松本'), (1140902, '北松本'), (1140903, '島内'), (1140904, '島高松'), (1140905, '梓橋'), (1140906, '一日市場'), (1140907, '中萱'), (1140908, '南豊科'), (1140909, '豊科'), (1140910, '柏矢町'), (1140911, '穂高'), (1140912, '有明'), (1140913, '安曇追分'), (1140914, '細野'), (1140915, '北細野'), (1140916, '信濃松川'), (1140917, '安曇沓掛'), (1140918, '信濃常盤'), (1140919, '南大町'), (1140920, '信濃大町'), (1140921, '北大町'), (1140922, '信濃木崎'), (1140923, '稲尾'), (1140924, '海ノ口'), (1140925, '簗場'), (1140926, 'ヤナバスキー場前'), (1140927, '南神城'), (1140928, '神城'), (1140929, '飯森'), (1140930, '白馬'), (1140931, '信濃森上'), (1140932, '白馬大池'), (1140933, '千国'), (1140934, '南小谷'), (1140935, '中土'), (1140936, '北小谷'), (1140937, '平岩'), (1140938, '小滝'), (1140939, '根知'), (1140940, '頸城大野'), (1140941, '姫川'), (1140942, '糸魚川')]","381.930,261.485,391.930,286.534","[{'station_cd': 1140901, 'x': 69, 'y': 122}, {'station_cd': 1140902, 'x': 69, 'y': 121}, {'station_cd': 1140903, 'x': 67, 'y': 120}, {'station_cd': 1140904, 'x': 66, 'y': 120}, {'station_cd': 1140905, 'x': 64, 'y': 119}, {'station_cd': 1140906, 'x': 63, 'y': 118}, {'station_cd': 1140907, 'x': 63, 'y': 116}, {'station_cd': 1140908, 'x': 63, 'y': 113}, {'station_cd': 1140909, 'x': 63, 'y': 112}, {'station_cd': 1140910, 'x': 62, 'y': 109}, {'station_cd': 1140911, 'x': 61, 'y': 106}, {'station_cd': 1140912, 'x': 61, 'y': 103}, {'station_cd': 1140913, 'x': 60, 'y': 101}, {'station_cd': 1140914, 'x': 59, 'y': 98}, {'station_cd': 1140915, 'x': 59, 'y': 96}, {'station_cd': 1140916, 'x': 59, 'y': 94}, {'station_cd': 1140917, 'x': 59, 'y': 91}, {'station_cd': 1140918, 'x': 58, 'y': 88}, {'station_cd': 1140919, 'x': 59, 'y': 84}, {'station_cd': 1140920, 'x': 59, 'y': 83}, {'station_cd': 1140921, 'x': 59, 'y': 81}, {'station_cd': 1140922, 'x': 58, 'y': 78}, {'station_cd': 1140923, 'x': 58, 'y': 75}, {'station_cd': 1140924, 'x': 58, 'y': 74}, {'station_cd': 1140925, 'x': 58, 'y': 70}, {'station_cd': 1140926, 'x': 59, 'y': 68}, {'station_cd': 1140927, 'x': 58, 'y': 64}, {'station_cd': 1140928, 'x': 58, 'y': 61}, {'station_cd': 1140929, 'x': 59, 'y': 59}, {'station_cd': 1140930, 'x': 60, 'y': 55}, {'station_cd': 1140931, 'x': 61, 'y': 53}, {'station_cd': 1140932, 'x': 63, 'y': 49}, {'station_cd': 1140933, 'x': 64, 'y': 46}, {'station_cd': 1140934, 'x': 65, 'y': 44}, {'station_cd': 1140935, 'x': 65, 'y': 40}, {'station_cd': 1140936, 'x': 65, 'y': 35}, {'station_cd': 1140937, 'x': 61, 'y': 28}, {'station_cd': 1140938, 'x': 60, 'y': 21}, {'station_cd': 1140939, 'x': 61, 'y': 17}, {'station_cd': 1140940, 'x': 62, 'y': 11}, {'station_cd': 1140941, 'x': 61, 'y': 9}, {'station_cd': 1140942, 'x': 61, 'y': 6}]"
11410,JR弥彦線,"[(1141001, '弥彦'), (1141002, '矢作'), (1141003, '吉田'), (1141004, '西燕'), (1141005, '燕'), (1141006, '燕三条'), (1141007, '北三条'), (1141008, '東三条')]","402.530,241.788,412.530,251.788","[{'station_cd': 1141001, 'x': 46, 'y': 50}, {'station_cd': 1141002, 'x': 51, 'y': 54}, {'station_cd': 1141003, 'x': 58, 'y': 55}, {'station_cd': 1141004, 'x': 66, 'y': 58}, {'station_cd': 1141005, 'x': 71, 'y': 63}, {'station_cd': 1141006, 'x': 73, 'y': 70}, {'station_cd': 1141007, 'x': 77, 'y': 76}, {'station_cd': 1141008, 'x': 82, 'y': 78}]"
11411,JR中央本線(名古屋～塩尻),"[(1141101, '名古屋'), (1141102, '金山'), (1141103, '鶴舞'), (1141104, '千種'), (1141105, '大曽根'), (1141106, '新守山'), (1141107, '勝川'), (1141108, '春日井'), (1141109, '神領'), (1141110, '高蔵寺'), (1141111, '定光寺'), (1141112, '古虎渓'), (1141113, '多治見'), (1141114, '土岐市'), (1141115, '瑞浪'), (1141116, '釜戸'), (1141117, '武並'), (1141118, '恵那'), (1141119, '美乃坂本'), (1141120, '中津川'), (1141121, '落合川'), (1141122, '坂下'), (1141123, '田立'), (1141124, '南木曽'), (1141125, '十二兼'), (1141126, '野尻'), (1141127, '大桑'), (1141128, '須原'), (1141129, '倉本'), (1141130, '上松'), (1141131, '木曽福島'), (1141132, '原野'), (1141133, '宮ノ越'), (1141134, '藪原'), (1141135, '奈良井'), (1141136, '木曽平沢'), (1141137, '贄川'), (1141138, '日出塩'), (1141139, '洗馬'), (1141140, '塩尻')]","364.538,285.765,388.630,317.028","[{'station_cd': 1141101, 'x': 19, 'y': 113}, {'station_cd': 1141102, 'x': 21, 'y': 116}, {'station_cd': 1141103, 'x': 22, 'y': 115}, {'station_cd': 1141104, 'x': 23, 'y': 114}, {'station_cd': 1141105, 'x': 24, 'y': 111}, {'station_cd': 1141106, 'x': 25, 'y': 109}, {'station_cd': 1141107, 'x': 25, 'y': 107}, {'station_cd': 1141108, 'x': 28, 'y': 106}, {'station_cd': 1141109, 'x': 30, 'y': 104}, {'station_cd': 1141110, 'x': 33, 'y': 103}, {'station_cd': 1141111, 'x': 36, 'y': 102}, {'station_cd': 1141112, 'x': 38, 'y': 99}, {'station_cd': 1141113, 'x': 39, 'y': 96}, {'station_cd': 1141114, 'x': 44, 'y': 93}, {'station_cd': 1141115, 'x': 50, 'y': 93}, {'station_cd': 1141116, 'x': 54, 'y': 88}, {'station_cd': 1141117, 'x': 59, 'y': 85}, {'station_cd': 1141118, 'x': 63, 'y': 84}, {'station_cd': 1141119, 'x': 67, 'y': 81}, {'station_cd': 1141120, 'x': 71, 'y': 79}, {'station_cd': 1141121, 'x': 73, 'y': 76}, {'station_cd': 1141122, 'x': 73, 'y': 71}, {'station_cd': 1141123, 'x': 75, 'y': 69}, {'station_cd': 1141124, 'x': 80, 'y': 68}, {'station_cd': 1141125, 'x': 81, 'y': 63}, {'station_cd': 1141126, 'x': 82, 'y': 60}, {'station_cd': 1141127, 'x': 85, 'y': 59}, {'station_cd': 1141128, 'x': 87, 'y': 58}, {'station_cd': 1141129, 'x': 89, 'y': 54}, {'station_cd': 1141130, 'x': 87, 'y': 48}, {'station_cd': 1141131, 'x': 87, 'y': 41}, {'station_cd': 1141132, 'x': 91, 'y': 38}, {'station_cd': 1141133, 'x': 93, 'y': 36}, {'station_cd': 1141134, 'x': 95, 'y': 32}, {'station_cd': 1141135, 'x': 98, 'y': 27}, {'station_cd': 1141136, 'x': 99, 'y': 26}, {'station_cd': 1141137, 'x': 101, 'y': 23}, {'station_cd': 1141138, 'x': 104, 'y': 19}, {'station_cd': 1141139, 'x': 106, 'y': 15}, {'station_cd': 1141140, 'x': 109, 'y': 12}]"
11412,JR篠ノ井線,"[(1141201, '塩尻'), (1141202, '広丘'), (1141203, '村井'), (1141215, '平田'), (1141204, '南松本'), (1141205, '松本'), (1141206, '田沢'), (1141207, '明科'), (1141208, '西条'), (1141209, '坂北'), (1141210, '聖高原'), (1141211, '冠着'), (1141212, '姨捨'), (1141213, '稲荷山'), (1141214, '篠ノ井')]","384.389,275.054,394.389,289.509","[{'station_cd': 1141201, 'x': 48, 'y': 120}, {'station_cd': 1141202, 'x': 48, 'y': 112}, {'station_cd': 1141203, 'x': 49, 'y': 105}, {'station_cd': 1141215, 'x': 50, 'y': 101}, {'station_cd': 1141204, 'x': 52, 'y': 97}, {'station_cd': 1141205, 'x': 51, 'y': 92}, {'station_cd': 1141206, 'x': 47, 'y': 74}, {'station_cd': 1141207, 'x': 46, 'y': 61}, {'station_cd': 1141208, 'x': 60, 'y': 50}, {'station_cd': 1141209, 'x': 61, 'y': 43}, {'station_cd': 1141210, 'x': 67, 'y': 37}, {'station_cd': 1141211, 'x': 73, 'y': 37}, {'station_cd': 1141212, 'x': 75, 'y': 26}, {'station_cd': 1141213, 'x': 78, 'y': 14}, {'station_cd': 1141214, 'x': 84, 'y': 8}]"
11413,JR飯田線(豊橋～天竜峡),"[(1141301, '豊橋'), (1141302, '船町'), (1141303, '下地'), (1141304, '小坂井'), (1141305, '牛久保'), (1141306, '豊川'), (1141307, '三河一宮'), (1141308, '長山'), (1141309, '江島'), (1141310, '東上'), (1141311, '野田城'), (1141312, '新城'), (1141313, '東新町'), (1141314, '茶臼山'), (1141315, '三河東郷'), (1141316, '大海'), (1141317, '鳥居'), (1141318, '長篠城'), (1141319, '本長篠'), (1141320, '三河大野'), (1141321, '湯谷温泉'), (1141322, '三河槙原'), (1141323, '柿平'), (1141324, '三河川合'), (1141325, '池場'), (1141326, '東栄'), (1141327, '出馬'), (1141328, '上市場'), (1141329, '浦川'), (1141330, '早瀬'), (1141331, '下川合'), (1141332, '中部天竜'), (1141333, '佐久間'), (1141334, '相月'), (1141335, '城西'), (1141336, '向市場'), (1141337, '水窪'), (1141338, '大嵐'), (1141339, '小和田'), (1141340, '中井侍'), (1141341, '伊那小沢'), (1141342, '鶯巣'), (1141343, '平岡'), (1141344, '為栗'), (1141345, '温田'), (1141346, '田本'), (1141347, '門島'), (1141348, '唐笠'), (1141349, '金野'), (1141350, '千代'), (1141351, '天竜峡')]","374.532,305.565,386.131,327.051","[{'station_cd': 1141301, 'x': 35, 'y': 118}, {'station_cd': 1141302, 'x': 34, 'y': 116}, {'station_cd': 1141303, 'x': 34, 'y': 115}, {'station_cd': 1141304, 'x': 33, 'y': 112}, {'station_cd': 1141305, 'x': 35, 'y': 111}, {'station_cd': 1141306, 'x': 37, 'y': 109}, {'station_cd': 1141307, 'x': 39, 'y': 104}, {'station_cd': 1141308, 'x': 41, 'y': 102}, {'station_cd': 1141309, 'x': 42, 'y': 101}, {'station_cd': 1141310, 'x': 44, 'y': 100}, {'station_cd': 1141311, 'x': 47, 'y': 98}, {'station_cd': 1141312, 'x': 49, 'y': 96}, {'station_cd': 1141313, 'x': 50, 'y': 96}, {'station_cd': 1141314, 'x': 51, 'y': 95}, {'station_cd': 1141315, 'x': 53, 'y': 95}, {'station_cd': 1141316, 'x': 55, 'y': 92}, {'station_cd': 1141317, 'x': 56, 'y': 93}, {'station_cd': 1141318, 'x': 57, 'y': 93}, {'station_cd': 1141319, 'x': 59, 'y': 92}, {'station_cd': 1141320, 'x': 62, 'y': 89}, {'station_cd': 1141321, 'x': 63, 'y': 86}, {'station_cd': 1141322, 'x': 64, 'y': 83}, {'station_cd': 1141323, 'x': 67, 'y': 83}, {'station_cd': 1141324, 'x': 69, 'y': 81}, {'station_cd': 1141325, 'x': 74, 'y': 78}, {'station_cd': 1141326, 'x': 75, 'y': 77}, {'station_cd': 1141327, 'x': 79, 'y': 74}, {'station_cd': 1141328, 'x': 80, 'y': 74}, {'station_cd': 1141329, 'x': 81, 'y': 73}, {'station_cd': 1141330, 'x': 83, 'y': 72}, {'station_cd': 1141331, 'x': 84, 'y': 71}, {'station_cd': 1141332, 'x': 86, 'y': 68}, {'station_cd': 1141333, 'x': 87, 'y': 67}, {'station_cd': 1141334, 'x': 92, 'y': 64}, {'station_cd': 1141335, 'x': 93, 'y': 61}, {'station_cd': 1141336, 'x': 94, 'y': 57}, {'station_cd': 1141337, 'x': 94, 'y': 56}, {'station_cd': 1141338, 'x': 88, 'y': 51}, {'station_cd': 1141339, 'x': 91, 'y': 48}, {'station_cd': 1141340, 'x': 90, 'y': 44}, {'station_cd': 1141341, 'x': 91, 'y': 41}, {'station_cd': 1141342, 'x': 90, 'y': 38}, {'station_cd': 1141343, 'x': 93, 'y': 37}, {'station_cd': 1141344, 'x': 92, 'y': 31}, {'station_cd': 1141345, 'x': 92, 'y': 27}, {'station_cd': 1141346, 'x': 91, 'y': 25}, {'station_cd': 1141347, 'x': 88, 'y': 20}, {'station_cd': 1141348, 'x': 88, 'y': 16}, {'station_cd': 1141349, 'x': 89, 'y': 13}, {'station_cd': 1141350, 'x': 89, 'y': 11}, {'station_cd': 1141351, 'x': 89, 'y': 9}]"
11414,JR飯田線(天竜峡～辰野),"[(1141401, '天竜峡'), (1141402, '川路'), (1141403, '時又'), (1141404, '駄科'), (1141405, '毛賀'), (1141406, '伊那八幡'), (1141407, '下山村'), (1141408, '鼎'), (1141409, '切石'), (1141410, '飯田'), (1141411, '桜町'), (1141412, '伊那上郷'), (1141413, '元善光寺'), (1141414, '下市田'), (1141415, '市田'), (1141416, '下平'), (1141417, '山吹'), (1141418, '伊那大島'), (1141419, '上片桐'), (1141420, '伊那田島'), (1141421, '高遠原'), (1141422, '七久保'), (1141423, '伊那本郷'), (1141424, '飯島'), (1141425, '田切'), (1141426, '伊那福岡'), (1141427, '小町屋'), (1141428, '駒ケ根'), (1141429, '大田切'), (1141430, '宮田'), (1141431, '赤木'), (1141432, '沢渡'), (1141433, '下島'), (1141434, '伊那市'), (1141435, '伊那北'), (1141436, '田畑'), (1141437, '北殿'), (1141438, '木ノ下'), (1141439, '伊那松島'), (1141440, '沢'), (1141441, '羽場'), (1141442, '伊那新町'), (1141443, '宮木'), (1141444, '辰野')]","381.412,291.256,391.412,308.150","[{'station_cd': 1141401, 'x': 50, 'y': 120}, {'station_cd': 1141402, 'x': 50, 'y': 118}, {'station_cd': 1141403, 'x': 51, 'y': 116}, {'station_cd': 1141404, 'x': 53, 'y': 113}, {'station_cd': 1141405, 'x': 53, 'y': 111}, {'station_cd': 1141406, 'x': 54, 'y': 109}, {'station_cd': 1141407, 'x': 53, 'y': 107}, {'station_cd': 1141408, 'x': 52, 'y': 107}, {'station_cd': 1141409, 'x': 49, 'y': 105}, {'station_cd': 1141410, 'x': 51, 'y': 104}, {'station_cd': 1141411, 'x': 52, 'y': 103}, {'station_cd': 1141412, 'x': 53, 'y': 104}, {'station_cd': 1141413, 'x': 57, 'y': 101}, {'station_cd': 1141414, 'x': 59, 'y': 99}, {'station_cd': 1141415, 'x': 61, 'y': 98}, {'station_cd': 1141416, 'x': 62, 'y': 93}, {'station_cd': 1141417, 'x': 63, 'y': 92}, {'station_cd': 1141418, 'x': 65, 'y': 89}, {'station_cd': 1141419, 'x': 64, 'y': 84}, {'station_cd': 1141420, 'x': 65, 'y': 82}, {'station_cd': 1141421, 'x': 63, 'y': 78}, {'station_cd': 1141422, 'x': 65, 'y': 76}, {'station_cd': 1141423, 'x': 68, 'y': 74}, {'station_cd': 1141424, 'x': 68, 'y': 72}, {'station_cd': 1141425, 'x': 68, 'y': 68}, {'station_cd': 1141426, 'x': 69, 'y': 64}, {'station_cd': 1141427, 'x': 69, 'y': 61}, {'station_cd': 1141428, 'x': 69, 'y': 59}, {'station_cd': 1141429, 'x': 70, 'y': 57}, {'station_cd': 1141430, 'x': 70, 'y': 53}, {'station_cd': 1141431, 'x': 70, 'y': 51}, {'station_cd': 1141432, 'x': 71, 'y': 45}, {'station_cd': 1141433, 'x': 70, 'y': 43}, {'station_cd': 1141434, 'x': 73, 'y': 38}, {'station_cd': 1141435, 'x': 74, 'y': 37}, {'station_cd': 1141436, 'x': 76, 'y': 34}, {'station_cd': 1141437, 'x': 77, 'y': 30}, {'station_cd': 1141438, 'x': 78, 'y': 25}, {'station_cd': 1141439, 'x': 78, 'y': 23}, {'station_cd': 1141440, 'x': 77, 'y': 18}, {'station_cd': 1141441, 'x': 77, 'y': 14}, {'station_cd': 1141442, 'x': 77, 'y': 11}, {'station_cd': 1141443, 'x': 78, 'y': 9}, {'station_cd': 1141444, 'x': 79, 'y': 8}]"
11415,JR北陸本線(米原～敦賀),"[(1141501, '米原'), (1141502, '坂田'), (1141503, '田村'), (1141504, '長浜'), (1141505, '虎姫'), (1141506, '河毛'), (1141507, '高月'), (1141508, '木ノ本'), (1141509, '余呉'), (1141510, '近江塩津'), (1141511, '新疋田'), (1141512, '敦賀')]","346.838,298.701,356.838,309.107","[{'station_cd': 1141501, 'x': 89, 'y': 122}, {'station_cd': 1141502, 'x': 89, 'y': 115}, {'station_cd': 1141503, 'x': 87, 'y': 108}, {'station_cd': 1141504, 'x': 83, 'y': 100}, {'station_cd': 1141505, 'x': 82, 'y': 84}, {'station_cd': 1141506, 'x': 80, 'y': 76}, {'station_cd': 1141507, 'x': 77, 'y': 68}, {'station_cd': 1141508, 'x': 74, 'y': 56}, {'station_cd': 1141509, 'x': 68, 'y': 46}, {'station_cd': 1141510, 'x': 57, 'y': 43}, {'station_cd': 1141511, 'x': 44, 'y': 23}, {'station_cd': 1141512, 'x': 39, 'y': 6}]"
11416,JR高山本線,"[(1141601, '岐阜'), (1141602, '長森'), (1141603, '那加'), (1141604, '蘇原'), (1141605, '各務ケ原'), (1141606, '鵜沼'), (1141607, '坂祝'), (1141608, '美濃太田'), (1141609, '古井'), (1141610, '中川辺'), (1141611, '下麻生'), (1141612, '上麻生'), (1141613, '白川口'), (1141614, '下油井'), (1141615, '飛騨金山'), (1141616, '焼石'), (1141617, '下呂'), (1141618, '禅昌寺'), (1141619, '飛騨萩原'), (1141620, '上呂'), (1141621, '飛騨宮田'), (1141622, '飛騨小坂'), (1141623, '渚'), (1141624, '久々野'), (1141625, '飛騨一ノ宮'), (1141626, '高山'), (1141627, '上枝'), (1141628, '飛騨国府'), (1141629, '飛騨古川'), (1141630, '杉崎'), (1141631, '飛騨細江'), (1141632, '角川'), (1141633, '坂上'), (1141634, '打保'), (1141635, '杉原'), (1141636, '猪谷'), (1141637, '楡原'), (1141638, '笹津'), (1141639, '東八尾'), (1141640, '越中八尾'), (1141641, '千里'), (1141642, '速星'), (1141645, '婦中鵜坂'), (1141643, '西富山'), (1141644, '富山')]","362.703,268.853,375.218,309.491","[{'station_cd': 1141601, 'x': 46, 'y': 119}, {'station_cd': 1141602, 'x': 49, 'y': 120}, {'station_cd': 1141603, 'x': 51, 'y': 120}, {'station_cd': 1141604, 'x': 53, 'y': 120}, {'station_cd': 1141605, 'x': 55, 'y': 120}, {'station_cd': 1141606, 'x': 58, 'y': 121}, {'station_cd': 1141607, 'x': 60, 'y': 118}, {'station_cd': 1141608, 'x': 63, 'y': 117}, {'station_cd': 1141609, 'x': 65, 'y': 116}, {'station_cd': 1141610, 'x': 66, 'y': 113}, {'station_cd': 1141611, 'x': 67, 'y': 111}, {'station_cd': 1141612, 'x': 69, 'y': 109}, {'station_cd': 1141613, 'x': 73, 'y': 106}, {'station_cd': 1141614, 'x': 73, 'y': 101}, {'station_cd': 1141615, 'x': 72, 'y': 99}, {'station_cd': 1141616, 'x': 75, 'y': 93}, {'station_cd': 1141617, 'x': 77, 'y': 86}, {'station_cd': 1141618, 'x': 76, 'y': 82}, {'station_cd': 1141619, 'x': 76, 'y': 80}, {'station_cd': 1141620, 'x': 75, 'y': 77}, {'station_cd': 1141621, 'x': 77, 'y': 76}, {'station_cd': 1141622, 'x': 79, 'y': 74}, {'station_cd': 1141623, 'x': 81, 'y': 69}, {'station_cd': 1141624, 'x': 80, 'y': 65}, {'station_cd': 1141625, 'x': 78, 'y': 62}, {'station_cd': 1141626, 'x': 79, 'y': 57}, {'station_cd': 1141627, 'x': 78, 'y': 53}, {'station_cd': 1141628, 'x': 77, 'y': 51}, {'station_cd': 1141629, 'x': 75, 'y': 48}, {'station_cd': 1141630, 'x': 74, 'y': 47}, {'station_cd': 1141631, 'x': 72, 'y': 46}, {'station_cd': 1141632, 'x': 70, 'y': 42}, {'station_cd': 1141633, 'x': 72, 'y': 40}, {'station_cd': 1141634, 'x': 75, 'y': 35}, {'station_cd': 1141635, 'x': 75, 'y': 33}, {'station_cd': 1141636, 'x': 78, 'y': 28}, {'station_cd': 1141637, 'x': 78, 'y': 23}, {'station_cd': 1141638, 'x': 77, 'y': 20}, {'station_cd': 1141639, 'x': 75, 'y': 17}, {'station_cd': 1141640, 'x': 72, 'y': 17}, {'station_cd': 1141641, 'x': 72, 'y': 13}, {'station_cd': 1141642, 'x': 74, 'y': 11}, {'station_cd': 1141645, 'x': 74, 'y': 10}, {'station_cd': 1141643, 'x': 75, 'y': 8}, {'station_cd': 1141644, 'x': 77, 'y': 8}]"
11417,JR城端線,"[(1141701, '高岡'), (1141714, '新高岡'), (1141702, '二塚'), (1141703, '林'), (1141704, '戸出'), (1141705, '油田'), (1141706, '砺波'), (1141707, '東野尻'), (1141708, '高儀'), (1141709, '福野'), (1141710, '東石黒'), (1141711, '福光'), (1141712, '越中山田'), (1141713, '城端')]","362.777,267.895,372.777,277.895","[{'station_cd': 1141701, 'x': 82, 'y': 26}, {'station_cd': 1141714, 'x': 81, 'y': 31}, {'station_cd': 1141702, 'x': 80, 'y': 36}, {'station_cd': 1141703, 'x': 78, 'y': 39}, {'station_cd': 1141704, 'x': 74, 'y': 46}, {'station_cd': 1141705, 'x': 70, 'y': 56}, {'station_cd': 1141706, 'x': 66, 'y': 62}, {'station_cd': 1141707, 'x': 63, 'y': 69}, {'station_cd': 1141708, 'x': 61, 'y': 73}, {'station_cd': 1141709, 'x': 58, 'y': 79}, {'station_cd': 1141710, 'x': 51, 'y': 83}, {'station_cd': 1141711, 'x': 46, 'y': 89}, {'station_cd': 1141712, 'x': 48, 'y': 96}, {'station_cd': 1141713, 'x': 52, 'y': 102}]"
11418,JR氷見線,"[(1141801, '高岡'), (1141802, '越中中川'), (1141803, '能町'), (1141804, '伏木'), (1141805, '越中国分'), (1141806, '雨晴'), (1141807, '島尾'), (1141808, '氷見')]","364.429,263.441,374.429,273.441","[{'station_cd': 1141801, 'x': 61, 'y': 83}, {'station_cd': 1141802, 'x': 65, 'y': 80}, {'station_cd': 1141803, 'x': 68, 'y': 74}, {'station_cd': 1141804, 'x': 73, 'y': 66}, {'station_cd': 1141805, 'x': 71, 'y': 61}, {'station_cd': 1141806, 'x': 67, 'y': 57}, {'station_cd': 1141807, 'x': 61, 'y': 52}, {'station_cd': 1141808, 'x': 56, 'y': 44}]"
11419,JR七尾線,"[(1141901, '津幡'), (1141902, '中津幡'), (1141903, '本津幡'), (1141904, '能瀬'), (1141905, '宇野気'), (1141906, '横山'), (1141907, '高松'), (1141908, '免田'), (1141909, '宝達'), (1141910, '敷浪'), (1141911, '南羽咋'), (1141912, '羽咋'), (1141913, '千路'), (1141914, '金丸'), (1141915, '能登部'), (1141916, '良川'), (1141917, '能登二宮'), (1141918, '徳田'), (1141919, '七尾'), (1141920, '和倉温泉')]","360.649,259.654,370.649,272.781","[{'station_cd': 1141901, 'x': 43, 'y': 119}, {'station_cd': 1141902, 'x': 45, 'y': 116}, {'station_cd': 1141903, 'x': 43, 'y': 114}, {'station_cd': 1141904, 'x': 41, 'y': 109}, {'station_cd': 1141905, 'x': 38, 'y': 101}, {'station_cd': 1141906, 'x': 41, 'y': 95}, {'station_cd': 1141907, 'x': 43, 'y': 89}, {'station_cd': 1141908, 'x': 47, 'y': 82}, {'station_cd': 1141909, 'x': 50, 'y': 76}, {'station_cd': 1141910, 'x': 52, 'y': 68}, {'station_cd': 1141911, 'x': 52, 'y': 62}, {'station_cd': 1141912, 'x': 54, 'y': 55}, {'station_cd': 1141913, 'x': 58, 'y': 47}, {'station_cd': 1141914, 'x': 65, 'y': 43}, {'station_cd': 1141915, 'x': 71, 'y': 39}, {'station_cd': 1141916, 'x': 76, 'y': 35}, {'station_cd': 1141917, 'x': 81, 'y': 33}, {'station_cd': 1141918, 'x': 84, 'y': 27}, {'station_cd': 1141919, 'x': 90, 'y': 18}, {'station_cd': 1141920, 'x': 83, 'y': 9}]"
11420,敦賀港線,"[(1142001, '敦賀'), (1142002, '敦賀港')]","344.783,293.913,354.783,303.913","[{'station_cd': 1142001, 'x': 64, 'y': 67}, {'station_cd': 1142002, 'x': 64, 'y': 61}]"
11421,九頭竜線,"[(1142101, '福井'), (1142102, '越前花堂'), (1142103, '六条'), (1142104, '足羽'), (1142105, '越前東郷'), (1142106, '一乗谷'), (1142107, '越前高田'), (1142108, '市波'), (1142109, '小和清水'), (1142110, '美山'), (1142111, '越前薬師'), (1142112, '越前大宮'), (1142113, '計石'), (1142114, '牛ケ原'), (1142115, '北大野'), (1142116, '越前大野'), (1142117, '越前田野'), (1142118, '越前富田'), (1142119, '下唯野'), (1142120, '柿ケ島'), (1142121, '勝原'), (1142122, '越前下山'), (1142123, '九頭竜湖')]","352.260,285.244,362.260,295.244","[{'station_cd': 1142101, 'x': 9, 'y': 32}, {'station_cd': 1142102, 'x': 8, 'y': 40}, {'station_cd': 1142103, 'x': 13, 'y': 45}, {'station_cd': 1142104, 'x': 17, 'y': 47}, {'station_cd': 1142105, 'x': 22, 'y': 49}, {'station_cd': 1142106, 'x': 28, 'y': 51}, {'station_cd': 1142107, 'x': 33, 'y': 47}, {'station_cd': 1142108, 'x': 36, 'y': 49}, {'station_cd': 1142109, 'x': 42, 'y': 50}, {'station_cd': 1142110, 'x': 45, 'y': 57}, {'station_cd': 1142111, 'x': 50, 'y': 55}, {'station_cd': 1142112, 'x': 56, 'y': 58}, {'station_cd': 1142113, 'x': 63, 'y': 59}, {'station_cd': 1142114, 'x': 71, 'y': 59}, {'station_cd': 1142115, 'x': 76, 'y': 60}, {'station_cd': 1142116, 'x': 79, 'y': 65}, {'station_cd': 1142117, 'x': 86, 'y': 64}, {'station_cd': 1142118, 'x': 90, 'y': 63}, {'station_cd': 1142119, 'x': 95, 'y': 69}, {'station_cd': 1142120, 'x': 98, 'y': 70}, {'station_cd': 1142121, 'x': 104, 'y': 72}, {'station_cd': 1142122, 'x': 114, 'y': 90}, {'station_cd': 1142123, 'x': 120, 'y': 96}]"
11422,JR小浜線,"[(1142201, '東舞鶴'), (1142202, '松尾寺'), (1142203, '青郷'), (1142204, '三松'), (1142205, '若狭高浜'), (1142206, '若狭和田'), (1142207, '若狭本郷'), (1142208, '加斗'), (1142209, '勢浜'), (1142210, '小浜'), (1142211, '東小浜'), (1142212, '新平野'), (1142213, '上中'), (1142214, '若狭有田'), (1142215, '大鳥羽'), (1142216, '十村'), (1142217, '藤井'), (1142218, '三方'), (1142219, '気山'), (1142220, '美浜'), (1142221, '東美浜'), (1142222, '粟野'), (1142223, '西敦賀'), (1142224, '敦賀')]","335.353,296.239,350.482,306.239","[{'station_cd': 1142201, 'x': 6, 'y': 80}, {'station_cd': 1142202, 'x': 15, 'y': 77}, {'station_cd': 1142203, 'x': 24, 'y': 78}, {'station_cd': 1142204, 'x': 27, 'y': 77}, {'station_cd': 1142205, 'x': 32, 'y': 78}, {'station_cd': 1142206, 'x': 38, 'y': 78}, {'station_cd': 1142207, 'x': 44, 'y': 80}, {'station_cd': 1142208, 'x': 52, 'y': 81}, {'station_cd': 1142209, 'x': 59, 'y': 81}, {'station_cd': 1142210, 'x': 65, 'y': 79}, {'station_cd': 1142211, 'x': 71, 'y': 81}, {'station_cd': 1142212, 'x': 76, 'y': 84}, {'station_cd': 1142213, 'x': 84, 'y': 87}, {'station_cd': 1142214, 'x': 86, 'y': 82}, {'station_cd': 1142215, 'x': 86, 'y': 77}, {'station_cd': 1142216, 'x': 91, 'y': 75}, {'station_cd': 1142217, 'x': 93, 'y': 71}, {'station_cd': 1142218, 'x': 93, 'y': 66}, {'station_cd': 1142219, 'x': 94, 'y': 59}, {'station_cd': 1142220, 'x': 98, 'y': 54}, {'station_cd': 1142221, 'x': 107, 'y': 53}, {'station_cd': 1142222, 'x': 114, 'y': 52}, {'station_cd': 1142223, 'x': 121, 'y': 53}, {'station_cd': 1142224, 'x': 122, 'y': 47}]"
11501,JR東海道本線(熱海～浜松),"[(1150101, '熱海'), (1150102, '函南'), (1150103, '三島'), (1150104, '沼津'), (1150105, '片浜'), (1150106, '原'), (1150107, '東田子の浦'), (1150108, '吉原'), (1150109, '富士'), (1150110, '富士川'), (1150111, '新蒲原'), (1150112, '蒲原'), (1150113, '由比'), (1150114, '興津'), (1150115, '清水'), (1150116, '草薙'), (1150117, '東静岡'), (1150118, '静岡'), (1150119, '安倍川'), (1150120, '用宗'), (1150121, '焼津'), (1150122, '西焼津'), (1150123, '藤枝'), (1150124, '六合'), (1150125, '島田'), (1150126, '金谷'), (1150127, '菊川'), (1150128, '掛川'), (1150129, '愛野'), (1150130, '袋井'), (1150135, '御厨'), (1150131, '磐田'), (1150132, '豊田町'), (1150133, '天竜川'), (1150134, '浜松')]","381.112,314.375,410.971,330.023","[{'station_cd': 1150101, 'x': 122, 'y': 47}, {'station_cd': 1150102, 'x': 113, 'y': 46}, {'station_cd': 1150103, 'x': 108, 'y': 43}, {'station_cd': 1150104, 'x': 103, 'y': 46}, {'station_cd': 1150105, 'x': 100, 'y': 44}, {'station_cd': 1150106, 'x': 98, 'y': 43}, {'station_cd': 1150107, 'x': 94, 'y': 41}, {'station_cd': 1150108, 'x': 90, 'y': 40}, {'station_cd': 1150109, 'x': 86, 'y': 39}, {'station_cd': 1150110, 'x': 83, 'y': 40}, {'station_cd': 1150111, 'x': 82, 'y': 42}, {'station_cd': 1150112, 'x': 80, 'y': 43}, {'station_cd': 1150113, 'x': 77, 'y': 45}, {'station_cd': 1150114, 'x': 74, 'y': 50}, {'station_cd': 1150115, 'x': 71, 'y': 53}, {'station_cd': 1150116, 'x': 67, 'y': 55}, {'station_cd': 1150117, 'x': 65, 'y': 57}, {'station_cd': 1150118, 'x': 63, 'y': 59}, {'station_cd': 1150119, 'x': 60, 'y': 62}, {'station_cd': 1150120, 'x': 60, 'y': 64}, {'station_cd': 1150121, 'x': 56, 'y': 70}, {'station_cd': 1150122, 'x': 53, 'y': 71}, {'station_cd': 1150123, 'x': 51, 'y': 72}, {'station_cd': 1150124, 'x': 46, 'y': 74}, {'station_cd': 1150125, 'x': 44, 'y': 74}, {'station_cd': 1150126, 'x': 40, 'y': 75}, {'station_cd': 1150127, 'x': 36, 'y': 82}, {'station_cd': 1150128, 'x': 30, 'y': 81}, {'station_cd': 1150129, 'x': 25, 'y': 82}, {'station_cd': 1150130, 'x': 22, 'y': 83}, {'station_cd': 1150135, 'x': 19, 'y': 86}, {'station_cd': 1150131, 'x': 16, 'y': 87}, {'station_cd': 1150132, 'x': 13, 'y': 86}, {'station_cd': 1150133, 'x': 10, 'y': 86}, {'station_cd': 1150134, 'x': 6, 'y': 87}]"
11502,JR東海道本線(浜松～岐阜),"[(1150201, '浜松'), (1150203, '高塚'), (1150204, '舞阪'), (1150205, '弁天島'), (1150206, '新居町'), (1150207, '鷲津'), (1150208, '新所原'), (1150209, '二川'), (1150210, '豊橋'), (1150211, '西小坂井'), (1150212, '愛知御津'), (1150213, '三河大塚'), (1150214, '三河三谷'), (1150215, '蒲郡'), (1150216, '三河塩津'), (1150217, '三ケ根'), (1150218, '幸田'), (1150242, '相見'), (1150219, '岡崎'), (1150220, '西岡崎'), (1150221, '安城'), (1150222, '三河安城'), (1150223, '東刈谷'), (1150240, '野田新町'), (1150224, '刈谷'), (1150225, '逢妻'), (1150226, '大府'), (1150227, '共和'), (1150241, '南大高'), (1150228, '大高'), (1150229, '笠寺'), (1150230, '熱田'), (1150231, '金山'), (1150232, '尾頭橋'), (1150233, '名古屋'), (1150234, '枇杷島'), (1150235, '清洲'), (1150236, '稲沢'), (1150237, '尾張一宮'), (1150238, '木曽川'), (1150239, '岐阜')]","361.870,305.544,383.868,329.107","[{'station_cd': 1150201, 'x': 116, 'y': 119}, {'station_cd': 1150203, 'x': 110, 'y': 121}, {'station_cd': 1150204, 'x': 104, 'y': 121}, {'station_cd': 1150205, 'x': 102, 'y': 121}, {'station_cd': 1150206, 'x': 98, 'y': 120}, {'station_cd': 1150207, 'x': 96, 'y': 116}, {'station_cd': 1150208, 'x': 89, 'y': 115}, {'station_cd': 1150209, 'x': 84, 'y': 114}, {'station_cd': 1150210, 'x': 78, 'y': 108}, {'station_cd': 1150211, 'x': 75, 'y': 103}, {'station_cd': 1150212, 'x': 71, 'y': 100}, {'station_cd': 1150213, 'x': 67, 'y': 99}, {'station_cd': 1150214, 'x': 64, 'y': 99}, {'station_cd': 1150215, 'x': 61, 'y': 98}, {'station_cd': 1150216, 'x': 58, 'y': 97}, {'station_cd': 1150217, 'x': 56, 'y': 95}, {'station_cd': 1150218, 'x': 55, 'y': 92}, {'station_cd': 1150242, 'x': 54, 'y': 88}, {'station_cd': 1150219, 'x': 54, 'y': 82}, {'station_cd': 1150220, 'x': 50, 'y': 78}, {'station_cd': 1150221, 'x': 46, 'y': 76}, {'station_cd': 1150222, 'x': 44, 'y': 74}, {'station_cd': 1150223, 'x': 42, 'y': 73}, {'station_cd': 1150240, 'x': 40, 'y': 72}, {'station_cd': 1150224, 'x': 38, 'y': 71}, {'station_cd': 1150225, 'x': 36, 'y': 70}, {'station_cd': 1150226, 'x': 33, 'y': 68}, {'station_cd': 1150227, 'x': 32, 'y': 64}, {'station_cd': 1150241, 'x': 32, 'y': 61}, {'station_cd': 1150228, 'x': 31, 'y': 59}, {'station_cd': 1150229, 'x': 29, 'y': 55}, {'station_cd': 1150230, 'x': 28, 'y': 49}, {'station_cd': 1150231, 'x': 27, 'y': 47}, {'station_cd': 1150232, 'x': 26, 'y': 46}, {'station_cd': 1150233, 'x': 25, 'y': 43}, {'station_cd': 1150234, 'x': 23, 'y': 38}, {'station_cd': 1150235, 'x': 20, 'y': 34}, {'station_cd': 1150236, 'x': 18, 'y': 30}, {'station_cd': 1150237, 'x': 16, 'y': 22}, {'station_cd': 1150238, 'x': 14, 'y': 15}, {'station_cd': 1150239, 'x': 12, 'y': 6}]"
11503,JR東海道本線(岐阜～美濃赤坂・米原),"[(1150301, '岐阜'), (1150302, '西岐阜'), (1150303, '穂積'), (1150304, '大垣'), (1150305, '荒尾'), (1150306, '美濃赤坂'), (1150307, '垂井'), (1150308, '関ケ原'), (1150309, '柏原'), (1150310, '近江長岡'), (1150311, '醒ケ井'), (1150312, '米原')]","353.413,302.625,363.748,312.625","[{'station_cd': 1150301, 'x': 122, 'y': 51}, {'station_cd': 1150302, 'x': 114, 'y': 53}, {'station_cd': 1150303, 'x': 107, 'y': 55}, {'station_cd': 1150304, 'x': 88, 'y': 64}, {'station_cd': 1150305, 'x': 79, 'y': 61}, {'station_cd': 1150306, 'x': 79, 'y': 56}, {'station_cd': 1150307, 'x': 66, 'y': 62}, {'station_cd': 1150308, 'x': 51, 'y': 63}, {'station_cd': 1150309, 'x': 34, 'y': 68}, {'station_cd': 1150310, 'x': 27, 'y': 63}, {'station_cd': 1150311, 'x': 20, 'y': 73}, {'station_cd': 1150312, 'x': 6, 'y': 76}]"
11504,JR伊東線,"[(1150401, '熱海'), (1150402, '来宮'), (1150403, '伊豆多賀'), (1150404, '網代'), (1150405, '宇佐美'), (1150406, '伊東')]","404.574,314.992,414.574,324.992","[{'station_cd': 1150401, 'x': 64, 'y': 41}, {'station_cd': 1150402, 'x': 61, 'y': 43}, {'station_cd': 1150403, 'x': 61, 'y': 57}, {'station_cd': 1150404, 'x': 65, 'y': 62}, {'station_cd': 1150405, 'x': 64, 'y': 76}, {'station_cd': 1150406, 'x': 67, 'y': 87}]"
11505,JR御殿場線,"[(1150501, '国府津'), (1150502, '下曽我'), (1150503, '上大井'), (1150504, '相模金子'), (1150505, '松田'), (1150506, '東山北'), (1150507, '山北'), (1150508, '谷峨'), (1150509, '駿河小山'), (1150510, '足柄'), (1150511, '御殿場'), (1150512, '南御殿場'), (1150513, '富士岡'), (1150514, '岩波'), (1150515, '裾野'), (1150516, '長泉なめり'), (1150517, '下土狩'), (1150518, '大岡'), (1150519, '沼津')]","403.837,309.497,413.837,319.497","[{'station_cd': 1150501, 'x': 110, 'y': 51}, {'station_cd': 1150502, 'x': 102, 'y': 42}, {'station_cd': 1150503, 'x': 97, 'y': 35}, {'station_cd': 1150504, 'x': 94, 'y': 31}, {'station_cd': 1150505, 'x': 91, 'y': 26}, {'station_cd': 1150506, 'x': 83, 'y': 21}, {'station_cd': 1150507, 'x': 76, 'y': 20}, {'station_cd': 1150508, 'x': 65, 'y': 17}, {'station_cd': 1150509, 'x': 55, 'y': 19}, {'station_cd': 1150510, 'x': 51, 'y': 28}, {'station_cd': 1150511, 'x': 38, 'y': 39}, {'station_cd': 1150512, 'x': 36, 'y': 47}, {'station_cd': 1150513, 'x': 34, 'y': 54}, {'station_cd': 1150514, 'x': 34, 'y': 69}, {'station_cd': 1150515, 'x': 31, 'y': 84}, {'station_cd': 1150516, 'x': 28, 'y': 93}, {'station_cd': 1150517, 'x': 27, 'y': 99}, {'station_cd': 1150518, 'x': 24, 'y': 104}, {'station_cd': 1150519, 'x': 18, 'y': 108}]"
11506,JR武豊線,"[(1150601, '大府'), (1150602, '尾張森岡'), (1150603, '緒川'), (1150604, '石浜'), (1150605, '東浦'), (1150606, '亀崎'), (1150607, '乙川'), (1150608, '半田'), (1150609, '東成岩'), (1150610, '武豊')]","361.824,315.169,371.824,325.169","[{'station_cd': 1150601, 'x': 68, 'y': 37}, {'station_cd': 1150602, 'x': 70, 'y': 42}, {'station_cd': 1150603, 'x': 71, 'y': 47}, {'station_cd': 1150604, 'x': 71, 'y': 51}, {'station_cd': 1150605, 'x': 70, 'y': 58}, {'station_cd': 1150606, 'x': 67, 'y': 69}, {'station_cd': 1150607, 'x': 62, 'y': 74}, {'station_cd': 1150608, 'x': 59, 'y': 77}, {'station_cd': 1150609, 'x': 58, 'y': 84}, {'station_cd': 1150610, 'x': 57, 'y': 91}]"
11507,JR太多線,"[(1150701, '多治見'), (1150702, '小泉'), (1150703, '根本'), (1150704, '姫'), (1150705, '下切'), (1150706, '可児'), (1150707, '美濃川合'), (1150708, '美濃太田')]","364.543,302.568,374.543,312.568","[{'station_cd': 1150701, 'x': 77, 'y': 85}, {'station_cd': 1150702, 'x': 72, 'y': 79}, {'station_cd': 1150703, 'x': 69, 'y': 75}, {'station_cd': 1150704, 'x': 65, 'y': 67}, {'station_cd': 1150705, 'x': 62, 'y': 63}, {'station_cd': 1150706, 'x': 61, 'y': 52}, {'station_cd': 1150707, 'x': 58, 'y': 44}, {'station_cd': 1150708, 'x': 51, 'y': 43}]"
11508,JR関西本線(名古屋～亀山),"[(1150801, '名古屋'), (1150802, '八田'), (1150803, '春田'), (1150804, '蟹江'), (1150805, '永和'), (1150806, '弥富'), (1150807, '長島'), (1150808, '桑名'), (1150809, '朝日'), (1150810, '富田'), (1150811, '富田浜'), (1150812, '四日市'), (1150813, '南四日市'), (1150814, '河原田'), (1150815, '河曲'), (1150816, '加佐登'), (1150817, '井田川'), (1150818, '亀山')]","356.241,312.375,366.241,322.808","[{'station_cd': 1150801, 'x': 118, 'y': 13}, {'station_cd': 1150802, 'x': 111, 'y': 20}, {'station_cd': 1150803, 'x': 101, 'y': 21}, {'station_cd': 1150804, 'x': 96, 'y': 21}, {'station_cd': 1150805, 'x': 89, 'y': 24}, {'station_cd': 1150806, 'x': 79, 'y': 30}, {'station_cd': 1150807, 'x': 72, 'y': 35}, {'station_cd': 1150808, 'x': 69, 'y': 45}, {'station_cd': 1150809, 'x': 62, 'y': 56}, {'station_cd': 1150810, 'x': 61, 'y': 65}, {'station_cd': 1150811, 'x': 60, 'y': 68}, {'station_cd': 1150812, 'x': 55, 'y': 80}, {'station_cd': 1150813, 'x': 50, 'y': 87}, {'station_cd': 1150814, 'x': 47, 'y': 97}, {'station_cd': 1150815, 'x': 39, 'y': 101}, {'station_cd': 1150816, 'x': 30, 'y': 103}, {'station_cd': 1150817, 'x': 20, 'y': 110}, {'station_cd': 1150818, 'x': 10, 'y': 115}]"
11509,JR関西本線(亀山～加茂),"[(1150901, '亀山'), (1150902, '関'), (1150903, '加太'), (1150904, '柘植'), (1150905, '新堂'), (1150906, '佐那具'), (1150907, '伊賀上野'), (1150908, '島ケ原'), (1150909, '月ケ瀬口'), (1150910, '大河原'), (1150911, '笠置'), (1150912, '加茂')]","344.563,317.733,357.418,327.733","[{'station_cd': 1150901, 'x': 122, 'y': 54}, {'station_cd': 1150902, 'x': 111, 'y': 54}, {'station_cd': 1150903, 'x': 100, 'y': 55}, {'station_cd': 1150904, 'x': 83, 'y': 53}, {'station_cd': 1150905, 'x': 73, 'y': 59}, {'station_cd': 1150906, 'x': 65, 'y': 63}, {'station_cd': 1150907, 'x': 57, 'y': 67}, {'station_cd': 1150908, 'x': 43, 'y': 72}, {'station_cd': 1150909, 'x': 37, 'y': 73}, {'station_cd': 1150910, 'x': 29, 'y': 70}, {'station_cd': 1150911, 'x': 19, 'y': 73}, {'station_cd': 1150912, 'x': 6, 'y': 74}]"
11510,JR紀勢本線,"[(1151001, '亀山'), (1151002, '下庄'), (1151003, '一身田'), (1151004, '津'), (1151005, '阿漕'), (1151006, '高茶屋'), (1151007, '六軒'), (1151008, '松阪'), (1151009, '徳和'), (1151010, '多気'), (1151011, '相可'), (1151012, '佐奈'), (1151013, '栃原'), (1151014, '川添'), (1151015, '三瀬谷'), (1151016, '滝原'), (1151017, '阿曽'), (1151018, '伊勢柏崎'), (1151019, '大内山'), (1151020, '梅ケ谷'), (1151021, '紀伊長島'), (1151022, '三野瀬'), (1151023, '船津'), (1151024, '相賀'), (1151025, '尾鷲'), (1151026, '大曽根浦'), (1151027, '九鬼'), (1151028, '三木里'), (1151029, '賀田'), (1151030, '二木島'), (1151031, '新鹿'), (1151032, '波田須'), (1151033, '大泊'), (1151034, '熊野市'), (1151035, '有井'), (1151036, '神志山'), (1151037, '紀伊市木'), (1151038, '阿田和'), (1151039, '紀伊井田'), (1151040, '鵜殿'), (1151041, '新宮')]","346.448,319.555,359.894,354.803","[{'station_cd': 1151001, 'x': 77, 'y': 8}, {'station_cd': 1151002, 'x': 79, 'y': 12}, {'station_cd': 1151003, 'x': 81, 'y': 17}, {'station_cd': 1151004, 'x': 81, 'y': 20}, {'station_cd': 1151005, 'x': 81, 'y': 23}, {'station_cd': 1151006, 'x': 81, 'y': 27}, {'station_cd': 1151007, 'x': 81, 'y': 32}, {'station_cd': 1151008, 'x': 83, 'y': 36}, {'station_cd': 1151009, 'x': 84, 'y': 38}, {'station_cd': 1151010, 'x': 86, 'y': 42}, {'station_cd': 1151011, 'x': 84, 'y': 44}, {'station_cd': 1151012, 'x': 83, 'y': 46}, {'station_cd': 1151013, 'x': 81, 'y': 49}, {'station_cd': 1151014, 'x': 78, 'y': 52}, {'station_cd': 1151015, 'x': 73, 'y': 54}, {'station_cd': 1151016, 'x': 73, 'y': 57}, {'station_cd': 1151017, 'x': 73, 'y': 60}, {'station_cd': 1151018, 'x': 72, 'y': 63}, {'station_cd': 1151019, 'x': 69, 'y': 65}, {'station_cd': 1151020, 'x': 69, 'y': 67}, {'station_cd': 1151021, 'x': 68, 'y': 72}, {'station_cd': 1151022, 'x': 64, 'y': 76}, {'station_cd': 1151023, 'x': 60, 'y': 78}, {'station_cd': 1151024, 'x': 60, 'y': 81}, {'station_cd': 1151025, 'x': 57, 'y': 85}, {'station_cd': 1151026, 'x': 59, 'y': 86}, {'station_cd': 1151027, 'x': 60, 'y': 91}, {'station_cd': 1151028, 'x': 58, 'y': 93}, {'station_cd': 1151029, 'x': 57, 'y': 95}, {'station_cd': 1151030, 'x': 56, 'y': 99}, {'station_cd': 1151031, 'x': 53, 'y': 100}, {'station_cd': 1151032, 'x': 53, 'y': 101}, {'station_cd': 1151033, 'x': 51, 'y': 102}, {'station_cd': 1151034, 'x': 50, 'y': 103}, {'station_cd': 1151035, 'x': 49, 'y': 105}, {'station_cd': 1151036, 'x': 47, 'y': 108}, {'station_cd': 1151037, 'x': 46, 'y': 109}, {'station_cd': 1151038, 'x': 45, 'y': 112}, {'station_cd': 1151039, 'x': 44, 'y': 116}, {'station_cd': 1151040, 'x': 43, 'y': 118}, {'station_cd': 1151041, 'x': 42, 'y': 119}]"
11511,JR草津線,"[(1151101, '柘植'), (1151102, '油日'), (1151103, '甲賀'), (1151104, '寺庄'), (1151105, '甲南'), (1151106, '貴生川'), (1151107, '三雲'), (1151108, '甲西'), (1151109, '石部'), (1151110, '手原'), (1151111, '草津')]","345.050,313.889,355.050,323.889","[{'station_cd': 1151101, 'x': 101, 'y': 99}, {'station_cd': 1151102, 'x': 94, 'y': 83}, {'station_cd': 1151103, 'x': 90, 'y': 79}, {'station_cd': 1151104, 'x': 84, 'y': 72}, {'station_cd': 1151105, 'x': 79, 'y': 67}, {'station_cd': 1151106, 'x': 76, 'y': 59}, {'station_cd': 1151107, 'x': 67, 'y': 48}, {'station_cd': 1151108, 'x': 58, 'y': 41}, {'station_cd': 1151109, 'x': 50, 'y': 34}, {'station_cd': 1151110, 'x': 36, 'y': 30}, {'station_cd': 1151111, 'x': 27, 'y': 31}]"
11512,JR参宮線,"[(1151201, '多気'), (1151202, '外城田'), (1151203, '田丸'), (1151204, '宮川'), (1151205, '山田上口'), (1151206, '伊勢市'), (1151207, '五十鈴ケ丘'), (1151208, '二見浦'), (1151209, '松下'), (1151210, '池の浦シーサイド'), (1151211, '鳥羽')]","356.790,326.798,366.790,336.798","[{'station_cd': 1151201, 'x': 29, 'y': 56}, {'station_cd': 1151202, 'x': 36, 'y': 63}, {'station_cd': 1151203, 'x': 45, 'y': 67}, {'station_cd': 1151204, 'x': 55, 'y': 63}, {'station_cd': 1151205, 'x': 60, 'y': 66}, {'station_cd': 1151206, 'x': 64, 'y': 68}, {'station_cd': 1151207, 'x': 72, 'y': 67}, {'station_cd': 1151208, 'x': 82, 'y': 64}, {'station_cd': 1151209, 'x': 87, 'y': 67}, {'station_cd': 1151210, 'x': 91, 'y': 69}, {'station_cd': 1151211, 'x': 98, 'y': 72}]"
11513,JR名松線,"[(1151301, '松阪'), (1151302, '上ノ庄'), (1151303, '権現前'), (1151304, '伊勢八太'), (1151305, '一志'), (1151306, '井関'), (1151307, '伊勢大井'), (1151308, '伊勢川口'), (1151309, '関ノ宮'), (1151310, '家城'), (1151311, '伊勢竹原'), (1151312, '伊勢鎌倉'), (1151313, '伊勢八知'), (1151314, '比津'), (1151315, '伊勢奥津')]","350.631,324.104,360.631,334.104","[{'station_cd': 1151301, 'x': 99, 'y': 69}, {'station_cd': 1151302, 'x': 90, 'y': 61}, {'station_cd': 1151303, 'x': 86, 'y': 53}, {'station_cd': 1151304, 'x': 77, 'y': 42}, {'station_cd': 1151305, 'x': 74, 'y': 39}, {'station_cd': 1151306, 'x': 68, 'y': 43}, {'station_cd': 1151307, 'x': 61, 'y': 40}, {'station_cd': 1151308, 'x': 54, 'y': 40}, {'station_cd': 1151309, 'x': 49, 'y': 44}, {'station_cd': 1151310, 'x': 44, 'y': 48}, {'station_cd': 1151311, 'x': 41, 'y': 57}, {'station_cd': 1151312, 'x': 33, 'y': 65}, {'station_cd': 1151313, 'x': 29, 'y': 72}, {'station_cd': 1151314, 'x': 31, 'y': 80}, {'station_cd': 1151315, 'x': 28, 'y': 87}]"
11601,琵琶湖線,"[(1160101, '米原'), (1160102, '彦根'), (1160103, '南彦根'), (1160104, '河瀬'), (1160105, '稲枝'), (1160106, '能登川'), (1160107, '安土'), (1160108, '近江八幡'), (1160109, '篠原'), (1160110, '野洲'), (1160111, '守山'), (1160112, '栗東'), (1160113, '草津'), (1160114, '南草津'), (1160115, '瀬田'), (1160116, '石山'), (1160117, '膳所'), (1160118, '大津'), (1160119, '山科'), (1160120, '京都')]","342.493,307.428,354.425,318.443","[{'station_cd': 1160101, 'x': 122, 'y': 18}, {'station_cd': 1160102, 'x': 116, 'y': 30}, {'station_cd': 1160103, 'x': 113, 'y': 38}, {'station_cd': 1160104, 'x': 108, 'y': 44}, {'station_cd': 1160105, 'x': 101, 'y': 50}, {'station_cd': 1160106, 'x': 95, 'y': 56}, {'station_cd': 1160107, 'x': 88, 'y': 67}, {'station_cd': 1160108, 'x': 81, 'y': 72}, {'station_cd': 1160109, 'x': 74, 'y': 79}, {'station_cd': 1160110, 'x': 63, 'y': 87}, {'station_cd': 1160111, 'x': 57, 'y': 92}, {'station_cd': 1160112, 'x': 54, 'y': 96}, {'station_cd': 1160113, 'x': 50, 'y': 100}, {'station_cd': 1160114, 'x': 47, 'y': 106}, {'station_cd': 1160115, 'x': 42, 'y': 110}, {'station_cd': 1160116, 'x': 36, 'y': 112}, {'station_cd': 1160117, 'x': 32, 'y': 106}, {'station_cd': 1160118, 'x': 29, 'y': 105}, {'station_cd': 1160119, 'x': 19, 'y': 107}, {'station_cd': 1160120, 'x': 6, 'y': 108}]"
11602,JR京都線,"[(1160201, '京都'), (1160202, '西大路'), (1160216, '桂川'), (1160203, '向日町'), (1160204, '長岡京'), (1160205, '山崎'), (1160215, '島本'), (1160206, '高槻'), (1160207, '摂津富田'), (1160217, 'JR総持寺'), (1160208, '茨木'), (1160209, '千里丘'), (1160210, '岸辺'), (1160211, '吹田'), (1160212, '東淀川'), (1160213, '新大阪'), (1160214, '大阪')]","335.330,315.841,345.330,325.841","[{'station_cd': 1160201, 'x': 99, 'y': 16}, {'station_cd': 1160202, 'x': 92, 'y': 17}, {'station_cd': 1160216, 'x': 86, 'y': 22}, {'station_cd': 1160203, 'x': 86, 'y': 26}, {'station_cd': 1160204, 'x': 84, 'y': 37}, {'station_cd': 1160205, 'x': 78, 'y': 48}, {'station_cd': 1160215, 'x': 74, 'y': 51}, {'station_cd': 1160206, 'x': 62, 'y': 61}, {'station_cd': 1160207, 'x': 55, 'y': 66}, {'station_cd': 1160217, 'x': 51, 'y': 69}, {'station_cd': 1160208, 'x': 47, 'y': 73}, {'station_cd': 1160209, 'x': 44, 'y': 81}, {'station_cd': 1160210, 'x': 42, 'y': 86}, {'station_cd': 1160211, 'x': 37, 'y': 91}, {'station_cd': 1160212, 'x': 32, 'y': 99}, {'station_cd': 1160213, 'x': 31, 'y': 101}, {'station_cd': 1160214, 'x': 29, 'y': 112}]"
11603,JR神戸線(大阪～神戸),"[(1160301, '大阪'), (1160302, '塚本'), (1160303, '尼崎'), (1160304, '立花'), (1160305, '甲子園口'), (1160306, '西宮'), (1160316, 'さくら夙川'), (1160307, '芦屋'), (1160308, '甲南山手'), (1160309, '摂津本山'), (1160310, '住吉'), (1160311, '六甲道'), (1160317, '摩耶'), (1160312, '灘'), (1160313, '三ノ宮'), (1160314, '元町'), (1160315, '神戸')]","329.451,319.201,339.451,329.201","[{'station_cd': 1160301, 'x': 105, 'y': 69}, {'station_cd': 1160302, 'x': 98, 'y': 65}, {'station_cd': 1160303, 'x': 89, 'y': 58}, {'station_cd': 1160304, 'x': 80, 'y': 55}, {'station_cd': 1160305, 'x': 74, 'y': 54}, {'station_cd': 1160306, 'x': 67, 'y': 54}, {'station_cd': 1160316, 'x': 63, 'y': 53}, {'station_cd': 1160307, 'x': 57, 'y': 55}, {'station_cd': 1160308, 'x': 53, 'y': 56}, {'station_cd': 1160309, 'x': 49, 'y': 57}, {'station_cd': 1160310, 'x': 45, 'y': 59}, {'station_cd': 1160311, 'x': 39, 'y': 60}, {'station_cd': 1160317, 'x': 35, 'y': 62}, {'station_cd': 1160312, 'x': 33, 'y': 63}, {'station_cd': 1160313, 'x': 28, 'y': 67}, {'station_cd': 1160314, 'x': 26, 'y': 68}, {'station_cd': 1160315, 'x': 23, 'y': 72}]"
11605,JR湖西線,"[(1160501, '京都'), (1160502, '山科'), (1160503, '大津京'), (1160504, '唐崎'), (1160505, '比叡山坂本'), (1160506, 'おごと温泉'), (1160507, '堅田'), (1160508, '小野'), (1160509, '和邇'), (1160510, '蓬莱'), (1160511, '志賀'), (1160512, '比良'), (1160513, '近江舞子'), (1160514, '北小松'), (1160515, '近江高島'), (1160516, '安曇川'), (1160517, '新旭'), (1160518, '近江今津'), (1160519, '近江中庄'), (1160520, 'マキノ'), (1160521, '永原'), (1160522, '近江塩津')]","342.135,300.873,352.135,318.399","[{'station_cd': 1160501, 'x': 34, 'y': 118}, {'station_cd': 1160502, 'x': 43, 'y': 117}, {'station_cd': 1160503, 'x': 49, 'y': 111}, {'station_cd': 1160504, 'x': 50, 'y': 106}, {'station_cd': 1160505, 'x': 52, 'y': 102}, {'station_cd': 1160506, 'x': 55, 'y': 97}, {'station_cd': 1160507, 'x': 58, 'y': 92}, {'station_cd': 1160508, 'x': 59, 'y': 89}, {'station_cd': 1160509, 'x': 59, 'y': 84}, {'station_cd': 1160510, 'x': 58, 'y': 80}, {'station_cd': 1160511, 'x': 59, 'y': 76}, {'station_cd': 1160512, 'x': 62, 'y': 73}, {'station_cd': 1160513, 'x': 65, 'y': 69}, {'station_cd': 1160514, 'x': 66, 'y': 66}, {'station_cd': 1160515, 'x': 72, 'y': 58}, {'station_cd': 1160516, 'x': 74, 'y': 51}, {'station_cd': 1160517, 'x': 76, 'y': 46}, {'station_cd': 1160518, 'x': 76, 'y': 37}, {'station_cd': 1160519, 'x': 77, 'y': 28}, {'station_cd': 1160520, 'x': 80, 'y': 25}, {'station_cd': 1160521, 'x': 90, 'y': 18}, {'station_cd': 1160522, 'x': 94, 'y': 10}]"
11607,大和路線,"[(1160701, '加茂'), (1160702, '木津'), (1160703, '平城山'), (1160704, '奈良'), (1160705, '郡山'), (1160706, '大和小泉'), (1160707, '法隆寺'), (1160708, '王寺'), (1160709, '三郷'), (1160710, '河内堅上'), (1160711, '高井田'), (1160712, '柏原'), (1160713, '志紀'), (1160714, '八尾'), (1160715, '久宝寺'), (1160716, '加美'), (1160717, '平野'), (1160718, '東部市場前'), (1160719, '天王寺'), (1160720, '新今宮'), (1160721, '今宮'), (1160722, 'ＪＲ難波')]","336.325,320.971,346.325,330.971","[{'station_cd': 1160701, 'x': 113, 'y': 35}, {'station_cd': 1160702, 'x': 101, 'y': 40}, {'station_cd': 1160703, 'x': 97, 'y': 49}, {'station_cd': 1160704, 'x': 99, 'y': 60}, {'station_cd': 1160705, 'x': 92, 'y': 71}, {'station_cd': 1160706, 'x': 85, 'y': 80}, {'station_cd': 1160707, 'x': 78, 'y': 87}, {'station_cd': 1160708, 'x': 69, 'y': 87}, {'station_cd': 1160709, 'x': 65, 'y': 90}, {'station_cd': 1160710, 'x': 59, 'y': 95}, {'station_cd': 1160711, 'x': 52, 'y': 96}, {'station_cd': 1160712, 'x': 49, 'y': 90}, {'station_cd': 1160713, 'x': 47, 'y': 85}, {'station_cd': 1160714, 'x': 42, 'y': 79}, {'station_cd': 1160715, 'x': 39, 'y': 76}, {'station_cd': 1160716, 'x': 34, 'y': 75}, {'station_cd': 1160717, 'x': 31, 'y': 73}, {'station_cd': 1160718, 'x': 27, 'y': 70}, {'station_cd': 1160719, 'x': 21, 'y': 66}, {'station_cd': 1160720, 'x': 18, 'y': 65}, {'station_cd': 1160721, 'x': 16, 'y': 64}, {'station_cd': 1160722, 'x': 16, 'y': 59}]"
11608,JR神戸線(神戸～姫路),"[(1160801, '神戸'), (1160802, '兵庫'), (1160803, '新長田'), (1160804, '鷹取'), (1160822, '須磨海浜公園'), (1160805, '須磨'), (1160806, '塩屋'), (1160807, '垂水'), (1160808, '舞子'), (1160809, '朝霧'), (1160810, '明石'), (1160811, '西明石'), (1160812, '大久保'), (1160813, '魚住'), (1160814, '土山'), (1160815, '東加古川'), (1160816, '加古川'), (1160817, '宝殿'), (1160818, '曽根'), (1160819, 'ひめじ別所'), (1160820, '御着'), (1160823, '東姫路'), (1160821, '姫路')]","320.978,318.134,331.838,328.134","[{'station_cd': 1160801, 'x': 121, 'y': 84}, {'station_cd': 1160802, 'x': 118, 'y': 87}, {'station_cd': 1160803, 'x': 113, 'y': 91}, {'station_cd': 1160804, 'x': 111, 'y': 92}, {'station_cd': 1160822, 'x': 109, 'y': 94}, {'station_cd': 1160805, 'x': 106, 'y': 95}, {'station_cd': 1160806, 'x': 99, 'y': 97}, {'station_cd': 1160807, 'x': 92, 'y': 98}, {'station_cd': 1160808, 'x': 87, 'y': 97}, {'station_cd': 1160809, 'x': 83, 'y': 93}, {'station_cd': 1160810, 'x': 77, 'y': 91}, {'station_cd': 1160811, 'x': 70, 'y': 85}, {'station_cd': 1160812, 'x': 65, 'y': 79}, {'station_cd': 1160813, 'x': 57, 'y': 74}, {'station_cd': 1160814, 'x': 53, 'y': 66}, {'station_cd': 1160815, 'x': 49, 'y': 57}, {'station_cd': 1160816, 'x': 42, 'y': 50}, {'station_cd': 1160817, 'x': 35, 'y': 44}, {'station_cd': 1160818, 'x': 26, 'y': 40}, {'station_cd': 1160819, 'x': 22, 'y': 36}, {'station_cd': 1160820, 'x': 18, 'y': 32}, {'station_cd': 1160823, 'x': 12, 'y': 29}, {'station_cd': 1160821, 'x': 7, 'y': 28}]"
11609,JR山陽本線(姫路～岡山),"[(1160901, '姫路'), (1160920, '手柄山平和公園'), (1160902, '英賀保'), (1160918, 'はりま勝原'), (1160903, '網干'), (1160904, '竜野'), (1160905, '相生'), (1160906, '有年'), (1160907, '上郡'), (1160908, '三石'), (1160909, '吉永'), (1160910, '和気'), (1160911, '熊山'), (1160912, '万富'), (1160913, '瀬戸'), (1160914, '上道'), (1160915, '東岡山'), (1160916, '高島'), (1160919, '西川原'), (1160917, '岡山')]","305.250,316.249,322.384,326.249","[{'station_cd': 1160901, 'x': 122, 'y': 55}, {'station_cd': 1160920, 'x': 119, 'y': 56}, {'station_cd': 1160902, 'x': 115, 'y': 58}, {'station_cd': 1160918, 'x': 110, 'y': 58}, {'station_cd': 1160903, 'x': 106, 'y': 57}, {'station_cd': 1160904, 'x': 97, 'y': 54}, {'station_cd': 1160905, 'x': 89, 'y': 55}, {'station_cd': 1160906, 'x': 78, 'y': 52}, {'station_cd': 1160907, 'x': 72, 'y': 44}, {'station_cd': 1160908, 'x': 60, 'y': 56}, {'station_cd': 1160909, 'x': 49, 'y': 53}, {'station_cd': 1160910, 'x': 41, 'y': 56}, {'station_cd': 1160911, 'x': 35, 'y': 58}, {'station_cd': 1160912, 'x': 30, 'y': 63}, {'station_cd': 1160913, 'x': 25, 'y': 68}, {'station_cd': 1160914, 'x': 21, 'y': 75}, {'station_cd': 1160915, 'x': 16, 'y': 78}, {'station_cd': 1160916, 'x': 12, 'y': 78}, {'station_cd': 1160919, 'x': 9, 'y': 79}, {'station_cd': 1160917, 'x': 6, 'y': 81}]"
11610,JR山陽本線(岡山～三原),"[(1161001, '岡山'), (1161002, '北長瀬'), (1161003, '庭瀬'), (1161004, '中庄'), (1161005, '倉敷'), (1161006, '西阿知'), (1161007, '新倉敷'), (1161008, '金光'), (1161009, '鴨方'), (1161010, '里庄'), (1161011, '笠岡'), (1161012, '大門'), (1161013, '東福山'), (1161014, '福山'), (1161015, '備後赤坂'), (1161016, '松永'), (1161017, '東尾道'), (1161018, '尾道'), (1161019, '糸崎'), (1161020, '三原')]","288.299,321.764,306.873,331.764","[{'station_cd': 1161001, 'x': 122, 'y': 42}, {'station_cd': 1161002, 'x': 118, 'y': 44}, {'station_cd': 1161003, 'x': 113, 'y': 46}, {'station_cd': 1161004, 'x': 107, 'y': 48}, {'station_cd': 1161005, 'x': 101, 'y': 53}, {'station_cd': 1161006, 'x': 96, 'y': 55}, {'station_cd': 1161007, 'x': 89, 'y': 59}, {'station_cd': 1161008, 'x': 81, 'y': 63}, {'station_cd': 1161009, 'x': 76, 'y': 65}, {'station_cd': 1161010, 'x': 71, 'y': 69}, {'station_cd': 1161011, 'x': 64, 'y': 69}, {'station_cd': 1161012, 'x': 55, 'y': 69}, {'station_cd': 1161013, 'x': 51, 'y': 70}, {'station_cd': 1161014, 'x': 45, 'y': 70}, {'station_cd': 1161015, 'x': 37, 'y': 73}, {'station_cd': 1161016, 'x': 30, 'y': 77}, {'station_cd': 1161017, 'x': 27, 'y': 80}, {'station_cd': 1161018, 'x': 21, 'y': 85}, {'station_cd': 1161019, 'x': 9, 'y': 87}, {'station_cd': 1161020, 'x': 6, 'y': 85}]"
11611,JR山陽本線(三原～岩国),"[(1161101, '三原'), (1161102, '本郷'), (1161103, '河内'), (1161104, '入野'), (1161105, '白市'), (1161106, '西高屋'), (1161107, '西条'), (1161131, '寺家'), (1161108, '八本松'), (1161109, '瀬野'), (1161110, '中野東'), (1161111, '安芸中野'), (1161112, '海田市'), (1161113, '向洋'), (1161114, '天神川'), (1161115, '広島'), (1161130, '新白島'), (1161116, '横川'), (1161117, '西広島'), (1161118, '新井口'), (1161119, '五日市'), (1161120, '廿日市'), (1161121, '宮内串戸'), (1161122, '阿品'), (1161123, '宮島口'), (1161124, '前空'), (1161125, '大野浦'), (1161126, '玖波'), (1161127, '大竹'), (1161129, '和木'), (1161128, '岩国')]","270.936,326.275,290.055,336.625","[{'station_cd': 1161101, 'x': 122, 'y': 53}, {'station_cd': 1161102, 'x': 109, 'y': 50}, {'station_cd': 1161103, 'x': 96, 'y': 38}, {'station_cd': 1161104, 'x': 91, 'y': 40}, {'station_cd': 1161105, 'x': 88, 'y': 43}, {'station_cd': 1161106, 'x': 83, 'y': 42}, {'station_cd': 1161107, 'x': 77, 'y': 44}, {'station_cd': 1161131, 'x': 74, 'y': 43}, {'station_cd': 1161108, 'x': 69, 'y': 41}, {'station_cd': 1161109, 'x': 57, 'y': 45}, {'station_cd': 1161110, 'x': 54, 'y': 48}, {'station_cd': 1161111, 'x': 52, 'y': 50}, {'station_cd': 1161112, 'x': 48, 'y': 53}, {'station_cd': 1161113, 'x': 44, 'y': 52}, {'station_cd': 1161114, 'x': 43, 'y': 50}, {'station_cd': 1161115, 'x': 40, 'y': 48}, {'station_cd': 1161130, 'x': 39, 'y': 46}, {'station_cd': 1161116, 'x': 37, 'y': 46}, {'station_cd': 1161117, 'x': 34, 'y': 48}, {'station_cd': 1161118, 'x': 29, 'y': 51}, {'station_cd': 1161119, 'x': 26, 'y': 53}, {'station_cd': 1161120, 'x': 22, 'y': 54}, {'station_cd': 1161121, 'x': 20, 'y': 56}, {'station_cd': 1161122, 'x': 19, 'y': 61}, {'station_cd': 1161123, 'x': 17, 'y': 62}, {'station_cd': 1161124, 'x': 15, 'y': 64}, {'station_cd': 1161125, 'x': 12, 'y': 67}, {'station_cd': 1161126, 'x': 7, 'y': 72}, {'station_cd': 1161127, 'x': 6, 'y': 79}, {'station_cd': 1161129, 'x': 7, 'y': 82}, {'station_cd': 1161128, 'x': 6, 'y': 88}]"
11612,JR山陽本線(岩国～門司),"[(1161201, '岩国'), (1161202, '南岩国'), (1161203, '藤生'), (1161204, '通津'), (1161205, '由宇'), (1161206, '神代'), (1161207, '大畠'), (1161208, '柳井港'), (1161209, '柳井'), (1161210, '田布施'), (1161211, '岩田'), (1161212, '島田'), (1161213, '光'), (1161214, '下松'), (1161215, '櫛ケ浜'), (1161216, '徳山'), (1161217, '新南陽'), (1161218, '福川'), (1161219, '戸田'), (1161220, '富海'), (1161221, '防府'), (1161222, '大道'), (1161223, '四辻'), (1161224, '新山口'), (1161225, '嘉川'), (1161226, '本由良'), (1161227, '厚東'), (1161228, '宇部'), (1161229, '小野田'), (1161230, '厚狭'), (1161231, '埴生'), (1161232, '小月'), (1161233, '長府'), (1161234, '新下関'), (1161235, '幡生'), (1161236, '下関'), (1161237, '門司')]","244.301,332.832,273.160,342.913","[{'station_cd': 1161201, 'x': 122, 'y': 51}, {'station_cd': 1161202, 'x': 120, 'y': 56}, {'station_cd': 1161203, 'x': 120, 'y': 58}, {'station_cd': 1161204, 'x': 120, 'y': 64}, {'station_cd': 1161205, 'x': 121, 'y': 67}, {'station_cd': 1161206, 'x': 120, 'y': 73}, {'station_cd': 1161207, 'x': 118, 'y': 77}, {'station_cd': 1161208, 'x': 114, 'y': 77}, {'station_cd': 1161209, 'x': 111, 'y': 76}, {'station_cd': 1161210, 'x': 106, 'y': 77}, {'station_cd': 1161211, 'x': 101, 'y': 73}, {'station_cd': 1161212, 'x': 98, 'y': 72}, {'station_cd': 1161213, 'x': 94, 'y': 74}, {'station_cd': 1161214, 'x': 90, 'y': 69}, {'station_cd': 1161215, 'x': 87, 'y': 66}, {'station_cd': 1161216, 'x': 84, 'y': 64}, {'station_cd': 1161217, 'x': 81, 'y': 61}, {'station_cd': 1161218, 'x': 79, 'y': 61}, {'station_cd': 1161219, 'x': 76, 'y': 61}, {'station_cd': 1161220, 'x': 70, 'y': 63}, {'station_cd': 1161221, 'x': 64, 'y': 62}, {'station_cd': 1161222, 'x': 56, 'y': 62}, {'station_cd': 1161223, 'x': 53, 'y': 58}, {'station_cd': 1161224, 'x': 48, 'y': 56}, {'station_cd': 1161225, 'x': 46, 'y': 59}, {'station_cd': 1161226, 'x': 43, 'y': 63}, {'station_cd': 1161227, 'x': 37, 'y': 62}, {'station_cd': 1161228, 'x': 33, 'y': 66}, {'station_cd': 1161229, 'x': 29, 'y': 65}, {'station_cd': 1161230, 'x': 27, 'y': 60}, {'station_cd': 1161231, 'x': 21, 'y': 60}, {'station_cd': 1161232, 'x': 16, 'y': 57}, {'station_cd': 1161233, 'x': 13, 'y': 63}, {'station_cd': 1161234, 'x': 8, 'y': 64}, {'station_cd': 1161235, 'x': 6, 'y': 67}, {'station_cd': 1161236, 'x': 6, 'y': 71}, {'station_cd': 1161237, 'x': 7, 'y': 77}]"
11613,JR山陽本線(兵庫～和田岬),"[(1161301, '兵庫'), (1161302, '和田岬')]","326.076,320.271,336.076,330.271","[{'station_cd': 1161301, 'x': 63, 'y': 62}, {'station_cd': 1161302, 'x': 65, 'y': 66}]"
11614,嵯峨野線,"[(1161401, '京都'), (1161416, '梅小路京都西'), (1161402, '丹波口'), (1161403, '二条'), (1161404, '円町'), (1161405, '花園'), (1161406, '太秦'), (1161407, '嵯峨嵐山'), (1161408, '保津峡'), (1161409, '馬堀'), (1161410, '亀岡'), (1161411, '並河'), (1161412, '千代川'), (1161413, '八木'), (1161414, '吉富'), (1161415, '園部')]","335.325,310.276,345.325,320.276","[{'station_cd': 1161401, 'x': 99, 'y': 87}, {'station_cd': 1161416, 'x': 95, 'y': 86}, {'station_cd': 1161402, 'x': 95, 'y': 83}, {'station_cd': 1161403, 'x': 95, 'y': 78}, {'station_cd': 1161404, 'x': 92, 'y': 75}, {'station_cd': 1161405, 'x': 89, 'y': 75}, {'station_cd': 1161406, 'x': 84, 'y': 75}, {'station_cd': 1161407, 'x': 79, 'y': 74}, {'station_cd': 1161408, 'x': 69, 'y': 72}, {'station_cd': 1161409, 'x': 59, 'y': 75}, {'station_cd': 1161410, 'x': 54, 'y': 73}, {'station_cd': 1161411, 'x': 47, 'y': 67}, {'station_cd': 1161412, 'x': 46, 'y': 61}, {'station_cd': 1161413, 'x': 41, 'y': 54}, {'station_cd': 1161414, 'x': 33, 'y': 45}, {'station_cd': 1161415, 'x': 29, 'y': 41}]"
11615,JR山陰本線(園部～豊岡),"[(1161501, '園部'), (1161502, '船岡'), (1161503, '日吉'), (1161504, '鍼灸大学前'), (1161505, '胡麻'), (1161506, '下山'), (1161507, '和知'), (1161508, '安栖里'), (1161509, '立木'), (1161510, '山家'), (1161511, '綾部'), (1161512, '高津'), (1161513, '石原'), (1161514, '福知山'), (1161515, '上川口'), (1161516, '下夜久野'), (1161517, '上夜久野'), (1161518, '梁瀬'), (1161519, '和田山'), (1161520, '養父'), (1161521, '八鹿'), (1161522, '江原'), (1161523, '国府'), (1161524, '豊岡')]","322.699,299.593,339.002,314.161","[{'station_cd': 1161501, 'x': 117, 'y': 116}, {'station_cd': 1161502, 'x': 119, 'y': 109}, {'station_cd': 1161503, 'x': 120, 'y': 103}, {'station_cd': 1161504, 'x': 118, 'y': 99}, {'station_cd': 1161505, 'x': 115, 'y': 95}, {'station_cd': 1161506, 'x': 108, 'y': 91}, {'station_cd': 1161507, 'x': 105, 'y': 80}, {'station_cd': 1161508, 'x': 102, 'y': 79}, {'station_cd': 1161509, 'x': 95, 'y': 77}, {'station_cd': 1161510, 'x': 92, 'y': 72}, {'station_cd': 1161511, 'x': 82, 'y': 70}, {'station_cd': 1161512, 'x': 75, 'y': 69}, {'station_cd': 1161513, 'x': 70, 'y': 69}, {'station_cd': 1161514, 'x': 61, 'y': 70}, {'station_cd': 1161515, 'x': 54, 'y': 62}, {'station_cd': 1161516, 'x': 42, 'y': 63}, {'station_cd': 1161517, 'x': 31, 'y': 58}, {'station_cd': 1161518, 'x': 23, 'y': 61}, {'station_cd': 1161519, 'x': 19, 'y': 57}, {'station_cd': 1161520, 'x': 13, 'y': 50}, {'station_cd': 1161521, 'x': 8, 'y': 40}, {'station_cd': 1161522, 'x': 7, 'y': 28}, {'station_cd': 1161523, 'x': 11, 'y': 23}, {'station_cd': 1161524, 'x': 14, 'y': 12}]"
11616,JR山陰本線(豊岡～米子),"[(1161601, '豊岡'), (1161602, '玄武洞'), (1161603, '城崎温泉'), (1161604, '竹野'), (1161605, 'きりはまビーチ'), (1161606, '佐津'), (1161607, '柴山'), (1161608, '香住'), (1161609, '鎧'), (1161610, '餘部'), (1161611, '久谷'), (1161612, '浜坂'), (1161613, '諸寄'), (1161614, '居組'), (1161615, '東浜'), (1161616, '岩美'), (1161617, '大岩'), (1161618, '福部'), (1161619, '鳥取'), (1161620, '湖山'), (1161621, '鳥取大学前'), (1161622, '末恒'), (1161623, '宝木'), (1161624, '浜村'), (1161625, '青谷'), (1161626, '泊'), (1161627, '松崎'), (1161628, '倉吉'), (1161629, '下北条'), (1161630, '由良'), (1161631, '浦安'), (1161632, '八橋'), (1161633, '赤碕'), (1161634, '中山口'), (1161635, '下市'), (1161636, '御来屋'), (1161637, '名和'), (1161638, '大山口'), (1161639, '淀江'), (1161640, '伯耆大山'), (1161641, '東山公園'), (1161642, '米子')]","293.316,294.404,326.000,304.404","[{'station_cd': 1161601, 'x': 122, 'y': 68}, {'station_cd': 1161602, 'x': 121, 'y': 63}, {'station_cd': 1161603, 'x': 122, 'y': 59}, {'station_cd': 1161604, 'x': 118, 'y': 56}, {'station_cd': 1161605, 'x': 117, 'y': 55}, {'station_cd': 1161606, 'x': 112, 'y': 55}, {'station_cd': 1161607, 'x': 110, 'y': 56}, {'station_cd': 1161608, 'x': 107, 'y': 57}, {'station_cd': 1161609, 'x': 103, 'y': 55}, {'station_cd': 1161610, 'x': 102, 'y': 55}, {'station_cd': 1161611, 'x': 99, 'y': 57}, {'station_cd': 1161612, 'x': 94, 'y': 57}, {'station_cd': 1161613, 'x': 92, 'y': 57}, {'station_cd': 1161614, 'x': 89, 'y': 58}, {'station_cd': 1161615, 'x': 87, 'y': 59}, {'station_cd': 1161616, 'x': 85, 'y': 62}, {'station_cd': 1161617, 'x': 82, 'y': 62}, {'station_cd': 1161618, 'x': 81, 'y': 65}, {'station_cd': 1161619, 'x': 76, 'y': 70}, {'station_cd': 1161620, 'x': 73, 'y': 68}, {'station_cd': 1161621, 'x': 72, 'y': 67}, {'station_cd': 1161622, 'x': 69, 'y': 66}, {'station_cd': 1161623, 'x': 64, 'y': 67}, {'station_cd': 1161624, 'x': 62, 'y': 67}, {'station_cd': 1161625, 'x': 58, 'y': 66}, {'station_cd': 1161626, 'x': 53, 'y': 67}, {'station_cd': 1161627, 'x': 50, 'y': 71}, {'station_cd': 1161628, 'x': 46, 'y': 72}, {'station_cd': 1161629, 'x': 43, 'y': 69}, {'station_cd': 1161630, 'x': 39, 'y': 68}, {'station_cd': 1161631, 'x': 34, 'y': 67}, {'station_cd': 1161632, 'x': 32, 'y': 66}, {'station_cd': 1161633, 'x': 29, 'y': 65}, {'station_cd': 1161634, 'x': 26, 'y': 64}, {'station_cd': 1161635, 'x': 24, 'y': 64}, {'station_cd': 1161636, 'x': 19, 'y': 64}, {'station_cd': 1161637, 'x': 18, 'y': 65}, {'station_cd': 1161638, 'x': 15, 'y': 67}, {'station_cd': 1161639, 'x': 13, 'y': 70}, {'station_cd': 1161640, 'x': 10, 'y': 72}, {'station_cd': 1161641, 'x': 7, 'y': 72}, {'station_cd': 1161642, 'x': 6, 'y': 73}]"
11617,学研都市線,"[(1161701, '木津'), (1161702, '西木津'), (1161703, '祝園'), (1161704, '下狛'), (1161705, 'ＪＲ三山木'), (1161706, '同志社前'), (1161707, '京田辺'), (1161708, '大住'), (1161709, '松井山手'), (1161710, '長尾'), (1161711, '藤阪'), (1161712, '津田'), (1161713, '河内磐船'), (1161714, '星田'), (1161715, '寝屋川公園'), (1161716, '忍ケ丘'), (1161717, '四条畷'), (1161718, '野崎'), (1161719, '住道'), (1161720, '鴻池新田'), (1161721, '徳庵'), (1161722, '放出'), (1161723, '鴫野'), (1161724, '京橋')]","336.345,318.226,346.345,328.226","[{'station_cd': 1161701, 'x': 101, 'y': 75}, {'station_cd': 1161702, 'x': 96, 'y': 74}, {'station_cd': 1161703, 'x': 93, 'y': 66}, {'station_cd': 1161704, 'x': 92, 'y': 59}, {'station_cd': 1161705, 'x': 91, 'y': 52}, {'station_cd': 1161706, 'x': 90, 'y': 50}, {'station_cd': 1161707, 'x': 87, 'y': 44}, {'station_cd': 1161708, 'x': 83, 'y': 40}, {'station_cd': 1161709, 'x': 77, 'y': 39}, {'station_cd': 1161710, 'x': 73, 'y': 41}, {'station_cd': 1161711, 'x': 70, 'y': 45}, {'station_cd': 1161712, 'x': 69, 'y': 50}, {'station_cd': 1161713, 'x': 65, 'y': 58}, {'station_cd': 1161714, 'x': 60, 'y': 61}, {'station_cd': 1161715, 'x': 57, 'y': 65}, {'station_cd': 1161716, 'x': 55, 'y': 69}, {'station_cd': 1161717, 'x': 53, 'y': 74}, {'station_cd': 1161718, 'x': 53, 'y': 78}, {'station_cd': 1161719, 'x': 49, 'y': 82}, {'station_cd': 1161720, 'x': 43, 'y': 85}, {'station_cd': 1161721, 'x': 38, 'y': 87}, {'station_cd': 1161722, 'x': 34, 'y': 88}, {'station_cd': 1161723, 'x': 29, 'y': 86}, {'station_cd': 1161724, 'x': 26, 'y': 85}]"
11618,奈良線,"[(1161801, '京都'), (1161802, '東福寺'), (1161803, '稲荷'), (1161804, 'ＪＲ藤森'), (1161805, '桃山'), (1161806, '六地蔵'), (1161807, '木幡'), (1161808, '黄檗'), (1161809, '宇治'), (1161810, 'ＪＲ小倉'), (1161811, '新田'), (1161812, '城陽'), (1161813, '長池'), (1161814, '山城青谷'), (1161815, '山城多賀'), (1161816, '玉水'), (1161817, '棚倉'), (1161818, '上狛'), (1161819, '木津'), (1161820, '平城山'), (1161821, '奈良')]","338.624,316.364,348.624,326.364","[{'station_cd': 1161801, 'x': 57, 'y': 9}, {'station_cd': 1161802, 'x': 60, 'y': 11}, {'station_cd': 1161803, 'x': 60, 'y': 16}, {'station_cd': 1161804, 'x': 61, 'y': 23}, {'station_cd': 1161805, 'x': 60, 'y': 28}, {'station_cd': 1161806, 'x': 66, 'y': 29}, {'station_cd': 1161807, 'x': 67, 'y': 31}, {'station_cd': 1161808, 'x': 68, 'y': 36}, {'station_cd': 1161809, 'x': 67, 'y': 44}, {'station_cd': 1161810, 'x': 63, 'y': 44}, {'station_cd': 1161811, 'x': 62, 'y': 49}, {'station_cd': 1161812, 'x': 62, 'y': 56}, {'station_cd': 1161813, 'x': 64, 'y': 61}, {'station_cd': 1161814, 'x': 66, 'y': 66}, {'station_cd': 1161815, 'x': 68, 'y': 70}, {'station_cd': 1161816, 'x': 68, 'y': 76}, {'station_cd': 1161817, 'x': 70, 'y': 85}, {'station_cd': 1161818, 'x': 71, 'y': 94}, {'station_cd': 1161819, 'x': 72, 'y': 99}, {'station_cd': 1161820, 'x': 68, 'y': 108}, {'station_cd': 1161821, 'x': 70, 'y': 119}]"
11622,JR舞鶴線,"[(1162201, '福知山'), (1162202, '石原'), (1162203, '高津'), (1162204, '綾部'), (1162205, '淵垣'), (1162206, '梅迫'), (1162207, '真倉'), (1162208, '西舞鶴'), (1162209, '東舞鶴')]","328.229,300.381,338.229,310.381","[{'station_cd': 1162201, 'x': 28, 'y': 92}, {'station_cd': 1162202, 'x': 44, 'y': 92}, {'station_cd': 1162203, 'x': 51, 'y': 91}, {'station_cd': 1162204, 'x': 62, 'y': 92}, {'station_cd': 1162205, 'x': 73, 'y': 84}, {'station_cd': 1162206, 'x': 78, 'y': 77}, {'station_cd': 1162207, 'x': 82, 'y': 56}, {'station_cd': 1162208, 'x': 83, 'y': 44}, {'station_cd': 1162209, 'x': 100, 'y': 36}]"
11623,大阪環状線,"[(1162301, '天王寺'), (1162302, '新今宮'), (1162303, '今宮'), (1162304, '芦原橋'), (1162305, '大正'), (1162306, '弁天町'), (1162307, '西九条'), (1162308, '野田'), (1162309, '福島'), (1162310, '大阪'), (1162311, '天満'), (1162312, '桜ノ宮'), (1162313, '京橋'), (1162314, '大阪城公園'), (1162315, '森ノ宮'), (1162316, '玉造'), (1162317, '鶴橋'), (1162318, '桃谷'), (1162319, '寺田町')]","332.671,320.337,342.671,330.337","[{'station_cd': 1162301, 'x': 68, 'y': 75}, {'station_cd': 1162302, 'x': 64, 'y': 73}, {'station_cd': 1162303, 'x': 62, 'y': 72}, {'station_cd': 1162304, 'x': 62, 'y': 70}, {'station_cd': 1162305, 'x': 59, 'y': 67}, {'station_cd': 1162306, 'x': 55, 'y': 66}, {'station_cd': 1162307, 'x': 56, 'y': 61}, {'station_cd': 1162308, 'x': 58, 'y': 59}, {'station_cd': 1162309, 'x': 61, 'y': 56}, {'station_cd': 1162310, 'x': 63, 'y': 55}, {'station_cd': 1162311, 'x': 68, 'y': 54}, {'station_cd': 1162312, 'x': 70, 'y': 54}, {'station_cd': 1162313, 'x': 73, 'y': 58}, {'station_cd': 1162314, 'x': 73, 'y': 60}, {'station_cd': 1162315, 'x': 73, 'y': 63}, {'station_cd': 1162316, 'x': 73, 'y': 65}, {'station_cd': 1162317, 'x': 72, 'y': 68}, {'station_cd': 1162318, 'x': 71, 'y': 71}, {'station_cd': 1162319, 'x': 70, 'y': 74}]"
11624,JRゆめ咲線,"[(1162401, '西九条'), (1162402, '安治川口'), (1162403, 'ユニバーサルシティ'), (1162404, '桜島')]","331.688,320.376,341.688,330.376","[{'station_cd': 1162401, 'x': 69, 'y': 61}, {'station_cd': 1162402, 'x': 63, 'y': 64}, {'station_cd': 1162403, 'x': 61, 'y': 65}, {'station_cd': 1162404, 'x': 59, 'y': 67}]"
11625,JR東西線,"[(1162501, '京橋'), (1162502, '大阪城北詰'), (1162503, '大阪天満宮'), (1162504, '北新地'), (1162505, '新福島'), (1162506, '海老江'), (1162507, '御幣島'), (1162508, '加島'), (1162509, '尼崎')]","332.382,319.290,342.382,329.290","[{'station_cd': 1162501, 'x': 77, 'y': 71}, {'station_cd': 1162502, 'x': 75, 'y': 71}, {'station_cd': 1162503, 'x': 72, 'y': 70}, {'station_cd': 1162504, 'x': 68, 'y': 69}, {'station_cd': 1162505, 'x': 65, 'y': 70}, {'station_cd': 1162506, 'x': 61, 'y': 70}, {'station_cd': 1162507, 'x': 57, 'y': 64}, {'station_cd': 1162508, 'x': 57, 'y': 58}, {'station_cd': 1162509, 'x': 51, 'y': 56}]"
11626,阪和線(天王寺～和歌山),"[(1162601, '天王寺'), (1162602, '美章園'), (1162603, '南田辺'), (1162604, '鶴ケ丘'), (1162605, '長居'), (1162606, '我孫子町'), (1162607, '杉本町'), (1162608, '浅香'), (1162609, '堺市'), (1162610, '三国ケ丘'), (1162611, '百舌鳥'), (1162612, '上野芝'), (1162613, '津久野'), (1162614, '鳳'), (1162615, '富木'), (1162616, '北信太'), (1162617, '信太山'), (1162618, '和泉府中'), (1162619, '久米田'), (1162620, '下松'), (1162621, '東岸和田'), (1162622, '東貝塚'), (1162623, '和泉橋本'), (1162624, '東佐野'), (1162625, '熊取'), (1162626, '日根野'), (1162627, '長滝'), (1162628, '新家'), (1162629, '和泉砂川'), (1162630, '和泉鳥取'), (1162631, '山中渓'), (1162632, '紀伊'), (1162633, '六十谷'), (1162634, '紀伊中ノ島'), (1162635, '和歌山')]","329.705,325.132,339.705,338.304","[{'station_cd': 1162601, 'x': 96, 'y': 10}, {'station_cd': 1162602, 'x': 98, 'y': 13}, {'station_cd': 1162603, 'x': 97, 'y': 16}, {'station_cd': 1162604, 'x': 96, 'y': 18}, {'station_cd': 1162605, 'x': 95, 'y': 20}, {'station_cd': 1162606, 'x': 94, 'y': 22}, {'station_cd': 1162607, 'x': 93, 'y': 24}, {'station_cd': 1162608, 'x': 93, 'y': 27}, {'station_cd': 1162609, 'x': 92, 'y': 29}, {'station_cd': 1162610, 'x': 91, 'y': 32}, {'station_cd': 1162611, 'x': 90, 'y': 34}, {'station_cd': 1162612, 'x': 88, 'y': 36}, {'station_cd': 1162613, 'x': 86, 'y': 38}, {'station_cd': 1162614, 'x': 84, 'y': 41}, {'station_cd': 1162615, 'x': 83, 'y': 43}, {'station_cd': 1162616, 'x': 81, 'y': 46}, {'station_cd': 1162617, 'x': 79, 'y': 49}, {'station_cd': 1162618, 'x': 77, 'y': 52}, {'station_cd': 1162619, 'x': 74, 'y': 58}, {'station_cd': 1162620, 'x': 72, 'y': 60}, {'station_cd': 1162621, 'x': 70, 'y': 62}, {'station_cd': 1162622, 'x': 67, 'y': 64}, {'station_cd': 1162623, 'x': 64, 'y': 67}, {'station_cd': 1162624, 'x': 63, 'y': 70}, {'station_cd': 1162625, 'x': 61, 'y': 73}, {'station_cd': 1162626, 'x': 59, 'y': 77}, {'station_cd': 1162627, 'x': 56, 'y': 79}, {'station_cd': 1162628, 'x': 52, 'y': 81}, {'station_cd': 1162629, 'x': 49, 'y': 85}, {'station_cd': 1162630, 'x': 45, 'y': 89}, {'station_cd': 1162631, 'x': 46, 'y': 94}, {'station_cd': 1162632, 'x': 42, 'y': 109}, {'station_cd': 1162633, 'x': 34, 'y': 110}, {'station_cd': 1162634, 'x': 30, 'y': 115}, {'station_cd': 1162635, 'x': 31, 'y': 118}]"
11627,羽衣線,"[(1162701, '鳳'), (1162702, '東羽衣')]","331.636,324.243,341.636,334.243","[{'station_cd': 1162701, 'x': 66, 'y': 65}, {'station_cd': 1162702, 'x': 62, 'y': 63}]"
11628,JR関西空港線,"[(1162801, '日根野'), (1162802, 'りんくうタウン'), (1162803, '関西空港')]","328.296,327.362,338.296,337.362","[{'station_cd': 1162801, 'x': 75, 'y': 73}, {'station_cd': 1162802, 'x': 67, 'y': 65}, {'station_cd': 1162803, 'x': 53, 'y': 55}]"
11629,JR宝塚線,"[(1162901, '新大阪'), (1162902, '大阪'), (1162924, '塚本'), (1162903, '尼崎'), (1162904, '塚口'), (1162905, '猪名寺'), (1162906, '伊丹'), (1162907, '北伊丹'), (1162908, '川西池田'), (1162909, '中山寺'), (1162910, '宝塚'), (1162911, '生瀬'), (1162912, '西宮名塩'), (1162913, '武田尾'), (1162914, '道場'), (1162915, '三田'), (1162916, '新三田'), (1162917, '広野'), (1162918, '相野'), (1162919, '藍本'), (1162920, '草野'), (1162921, '古市'), (1162922, '南矢代'), (1162923, '篠山口')]","329.356,313.796,339.356,325.126","[{'station_cd': 1162901, 'x': 103, 'y': 112}, {'station_cd': 1162902, 'x': 101, 'y': 122}, {'station_cd': 1162924, 'x': 95, 'y': 118}, {'station_cd': 1162903, 'x': 87, 'y': 112}, {'station_cd': 1162904, 'x': 85, 'y': 106}, {'station_cd': 1162905, 'x': 85, 'y': 102}, {'station_cd': 1162906, 'x': 85, 'y': 96}, {'station_cd': 1162907, 'x': 84, 'y': 90}, {'station_cd': 1162908, 'x': 82, 'y': 82}, {'station_cd': 1162909, 'x': 74, 'y': 84}, {'station_cd': 1162910, 'x': 67, 'y': 85}, {'station_cd': 1162911, 'x': 63, 'y': 83}, {'station_cd': 1162912, 'x': 60, 'y': 80}, {'station_cd': 1162913, 'x': 59, 'y': 71}, {'station_cd': 1162914, 'x': 48, 'y': 67}, {'station_cd': 1162915, 'x': 42, 'y': 60}, {'station_cd': 1162916, 'x': 37, 'y': 53}, {'station_cd': 1162917, 'x': 34, 'y': 47}, {'station_cd': 1162918, 'x': 26, 'y': 40}, {'station_cd': 1162919, 'x': 26, 'y': 31}, {'station_cd': 1162920, 'x': 25, 'y': 24}, {'station_cd': 1162921, 'x': 26, 'y': 17}, {'station_cd': 1162922, 'x': 31, 'y': 12}, {'station_cd': 1162923, 'x': 31, 'y': 6}]"
11630,福知山線(篠山口～福知山),"[(1163001, '篠山口'), (1163002, '丹波大山'), (1163003, '下滝'), (1163004, '谷川'), (1163005, '柏原'), (1163006, '石生'), (1163007, '黒井'), (1163008, '市島'), (1163009, '丹波竹田'), (1163010, '福知山')]","325.247,305.924,335.247,315.924","[{'station_cd': 1163001, 'x': 80, 'y': 108}, {'station_cd': 1163002, 'x': 77, 'y': 102}, {'station_cd': 1163003, 'x': 58, 'y': 95}, {'station_cd': 1163004, 'x': 47, 'y': 96}, {'station_cd': 1163005, 'x': 54, 'y': 81}, {'station_cd': 1163006, 'x': 51, 'y': 72}, {'station_cd': 1163007, 'x': 60, 'y': 66}, {'station_cd': 1163008, 'x': 68, 'y': 53}, {'station_cd': 1163009, 'x': 70, 'y': 40}, {'station_cd': 1163010, 'x': 66, 'y': 21}]"
11631,JR赤穂線,"[(1163101, '相生'), (1163102, '西相生'), (1163103, '坂越'), (1163104, '播州赤穂'), (1163105, '天和'), (1163106, '備前福河'), (1163107, '寒河'), (1163108, '日生'), (1163109, '伊里'), (1163110, '備前片上'), (1163111, '西片上'), (1163112, '伊部'), (1163113, '香登'), (1163114, '長船'), (1163115, '邑久'), (1163116, '大富'), (1163117, '西大寺'), (1163118, '大多羅'), (1163119, '東岡山'), (1163120, '高島'), (1163122, '西川原'), (1163121, '岡山')]","305.466,316.841,317.785,326.841","[{'station_cd': 1163101, 'x': 122, 'y': 45}, {'station_cd': 1163102, 'x': 117, 'y': 50}, {'station_cd': 1163103, 'x': 110, 'y': 59}, {'station_cd': 1163104, 'x': 105, 'y': 62}, {'station_cd': 1163105, 'x': 96, 'y': 63}, {'station_cd': 1163106, 'x': 92, 'y': 64}, {'station_cd': 1163107, 'x': 85, 'y': 64}, {'station_cd': 1163108, 'x': 81, 'y': 66}, {'station_cd': 1163109, 'x': 70, 'y': 64}, {'station_cd': 1163110, 'x': 64, 'y': 62}, {'station_cd': 1163111, 'x': 62, 'y': 62}, {'station_cd': 1163112, 'x': 57, 'y': 64}, {'station_cd': 1163113, 'x': 48, 'y': 66}, {'station_cd': 1163114, 'x': 44, 'y': 74}, {'station_cd': 1163115, 'x': 42, 'y': 83}, {'station_cd': 1163116, 'x': 37, 'y': 85}, {'station_cd': 1163117, 'x': 30, 'y': 84}, {'station_cd': 1163118, 'x': 24, 'y': 83}, {'station_cd': 1163119, 'x': 20, 'y': 77}, {'station_cd': 1163120, 'x': 14, 'y': 77}, {'station_cd': 1163122, 'x': 10, 'y': 78}, {'station_cd': 1163121, 'x': 6, 'y': 81}]"
11632,JR加古川線,"[(1163201, '加古川'), (1163202, '日岡'), (1163203, '神野'), (1163204, '厄神'), (1163205, '市場'), (1163206, '小野町'), (1163207, '粟生'), (1163208, '河合西'), (1163209, '青野ケ原'), (1163210, '社町'), (1163211, '滝野'), (1163212, '滝'), (1163213, '西脇市'), (1163214, '新西脇'), (1163215, '比延'), (1163216, '日本へそ公園'), (1163217, '黒田庄'), (1163218, '本黒田'), (1163219, '船町口'), (1163220, '久下村'), (1163221, '谷川')]","321.720,312.678,331.720,322.678","[{'station_cd': 1163201, 'x': 36, 'y': 118}, {'station_cd': 1163202, 'x': 41, 'y': 115}, {'station_cd': 1163203, 'x': 46, 'y': 111}, {'station_cd': 1163204, 'x': 53, 'y': 110}, {'station_cd': 1163205, 'x': 60, 'y': 101}, {'station_cd': 1163206, 'x': 57, 'y': 96}, {'station_cd': 1163207, 'x': 55, 'y': 88}, {'station_cd': 1163208, 'x': 57, 'y': 80}, {'station_cd': 1163209, 'x': 60, 'y': 74}, {'station_cd': 1163210, 'x': 61, 'y': 66}, {'station_cd': 1163211, 'x': 67, 'y': 59}, {'station_cd': 1163212, 'x': 69, 'y': 56}, {'station_cd': 1163213, 'x': 71, 'y': 48}, {'station_cd': 1163214, 'x': 73, 'y': 46}, {'station_cd': 1163215, 'x': 78, 'y': 42}, {'station_cd': 1163216, 'x': 78, 'y': 38}, {'station_cd': 1163217, 'x': 77, 'y': 30}, {'station_cd': 1163218, 'x': 78, 'y': 19}, {'station_cd': 1163219, 'x': 82, 'y': 16}, {'station_cd': 1163220, 'x': 87, 'y': 12}, {'station_cd': 1163221, 'x': 92, 'y': 10}]"
11633,JR姫新線(姫路～佐用),"[(1163301, '姫路'), (1163302, '播磨高岡'), (1163303, '余部'), (1163304, '太市'), (1163305, '本竜野'), (1163306, '東觜崎'), (1163307, '播磨新宮'), (1163308, '千本'), (1163309, '西栗栖'), (1163310, '三日月'), (1163311, '播磨徳久'), (1163312, '佐用')]","313.287,312.386,323.287,322.386","[{'station_cd': 1163301, 'x': 106, 'y': 98}, {'station_cd': 1163302, 'x': 98, 'y': 93}, {'station_cd': 1163303, 'x': 94, 'y': 87}, {'station_cd': 1163304, 'x': 85, 'y': 84}, {'station_cd': 1163305, 'x': 72, 'y': 84}, {'station_cd': 1163306, 'x': 73, 'y': 75}, {'station_cd': 1163307, 'x': 70, 'y': 62}, {'station_cd': 1163308, 'x': 57, 'y': 54}, {'station_cd': 1163309, 'x': 51, 'y': 50}, {'station_cd': 1163310, 'x': 42, 'y': 38}, {'station_cd': 1163311, 'x': 29, 'y': 35}, {'station_cd': 1163312, 'x': 22, 'y': 30}]"
11634,JR姫新線(佐用～新見),"[(1163401, '佐用'), (1163402, '上月'), (1163403, '美作土居'), (1163404, '美作江見'), (1163405, '楢原'), (1163406, '林野'), (1163407, '勝間田'), (1163408, '西勝間田'), (1163409, '美作大崎'), (1163410, '東津山'), (1163411, '津山'), (1163412, '院庄'), (1163413, '美作千代'), (1163414, '坪井'), (1163415, '美作追分'), (1163416, '美作落合'), (1163417, '古見'), (1163418, '久世'), (1163419, '中国勝山'), (1163420, '月田'), (1163421, '富原'), (1163422, '刑部'), (1163423, '丹治部'), (1163424, '岩山'), (1163425, '新見')]","296.056,308.327,315.937,318.327","[{'station_cd': 1163401, 'x': 122, 'y': 73}, {'station_cd': 1163402, 'x': 117, 'y': 76}, {'station_cd': 1163403, 'x': 109, 'y': 74}, {'station_cd': 1163404, 'x': 104, 'y': 70}, {'station_cd': 1163405, 'x': 100, 'y': 69}, {'station_cd': 1163406, 'x': 95, 'y': 69}, {'station_cd': 1163407, 'x': 91, 'y': 65}, {'station_cd': 1163408, 'x': 88, 'y': 64}, {'station_cd': 1163409, 'x': 85, 'y': 63}, {'station_cd': 1163410, 'x': 80, 'y': 60}, {'station_cd': 1163411, 'x': 77, 'y': 61}, {'station_cd': 1163412, 'x': 71, 'y': 60}, {'station_cd': 1163413, 'x': 64, 'y': 59}, {'station_cd': 1163414, 'x': 60, 'y': 58}, {'station_cd': 1163415, 'x': 53, 'y': 58}, {'station_cd': 1163416, 'x': 45, 'y': 64}, {'station_cd': 1163417, 'x': 45, 'y': 60}, {'station_cd': 1163418, 'x': 43, 'y': 54}, {'station_cd': 1163419, 'x': 37, 'y': 54}, {'station_cd': 1163420, 'x': 33, 'y': 59}, {'station_cd': 1163421, 'x': 26, 'y': 57}, {'station_cd': 1163422, 'x': 20, 'y': 53}, {'station_cd': 1163423, 'x': 19, 'y': 58}, {'station_cd': 1163424, 'x': 13, 'y': 62}, {'station_cd': 1163425, 'x': 6, 'y': 68}]"
11635,JR播但線,"[(1163501, '姫路'), (1163502, '京口'), (1163503, '野里'), (1163504, '砥堀'), (1163505, '仁豊野'), (1163506, '香呂'), (1163507, '溝口'), (1163508, '福崎'), (1163509, '甘地'), (1163510, '鶴居'), (1163511, '新野'), (1163512, '寺前'), (1163513, '長谷'), (1163514, '生野'), (1163515, '新井'), (1163516, '青倉'), (1163517, '竹田'), (1163518, '和田山')]","318.336,305.045,328.336,320.991","[{'station_cd': 1163501, 'x': 50, 'y': 120}, {'station_cd': 1163502, 'x': 52, 'y': 119}, {'station_cd': 1163503, 'x': 53, 'y': 114}, {'station_cd': 1163504, 'x': 56, 'y': 112}, {'station_cd': 1163505, 'x': 56, 'y': 108}, {'station_cd': 1163506, 'x': 58, 'y': 102}, {'station_cd': 1163507, 'x': 59, 'y': 99}, {'station_cd': 1163508, 'x': 60, 'y': 91}, {'station_cd': 1163509, 'x': 62, 'y': 85}, {'station_cd': 1163510, 'x': 61, 'y': 77}, {'station_cd': 1163511, 'x': 61, 'y': 71}, {'station_cd': 1163512, 'x': 59, 'y': 68}, {'station_cd': 1163513, 'x': 60, 'y': 57}, {'station_cd': 1163514, 'x': 67, 'y': 47}, {'station_cd': 1163515, 'x': 69, 'y': 30}, {'station_cd': 1163516, 'x': 71, 'y': 24}, {'station_cd': 1163517, 'x': 75, 'y': 17}, {'station_cd': 1163518, 'x': 78, 'y': 8}]"
11636,JR和歌山線,"[(1163601, '王寺'), (1163602, '畠田'), (1163603, '志都美'), (1163604, '香芝'), (1163605, 'ＪＲ五位堂'), (1163606, '高田'), (1163607, '大和新庄'), (1163608, '御所'), (1163609, '玉手'), (1163610, '掖上'), (1163611, '吉野口'), (1163612, '北宇智'), (1163613, '五条'), (1163614, '大和二見'), (1163615, '隅田'), (1163616, '下兵庫'), (1163617, '橋本'), (1163618, '紀伊山田'), (1163619, '高野口'), (1163620, '中飯降'), (1163621, '妙寺'), (1163622, '大谷'), (1163623, '笠田'), (1163624, '西笠田'), (1163625, '名手'), (1163626, '粉河'), (1163627, '紀伊長田'), (1163628, '打田'), (1163629, '下井阪'), (1163630, '岩出'), (1163631, '船戸'), (1163632, '紀伊小倉'), (1163633, '布施屋'), (1163634, '千旦'), (1163635, '田井ノ瀬'), (1163636, '和歌山')]","330.691,326.572,343.510,338.568","[{'station_cd': 1163601, 'x': 110, 'y': 16}, {'station_cd': 1163602, 'x': 110, 'y': 22}, {'station_cd': 1163603, 'x': 110, 'y': 26}, {'station_cd': 1163604, 'x': 110, 'y': 31}, {'station_cd': 1163605, 'x': 113, 'y': 36}, {'station_cd': 1163606, 'x': 118, 'y': 40}, {'station_cd': 1163607, 'x': 116, 'y': 47}, {'station_cd': 1163608, 'x': 116, 'y': 53}, {'station_cd': 1163609, 'x': 118, 'y': 56}, {'station_cd': 1163610, 'x': 121, 'y': 57}, {'station_cd': 1163611, 'x': 119, 'y': 66}, {'station_cd': 1163612, 'x': 111, 'y': 76}, {'station_cd': 1163613, 'x': 108, 'y': 83}, {'station_cd': 1163614, 'x': 105, 'y': 86}, {'station_cd': 1163615, 'x': 99, 'y': 90}, {'station_cd': 1163616, 'x': 95, 'y': 92}, {'station_cd': 1163617, 'x': 91, 'y': 93}, {'station_cd': 1163618, 'x': 85, 'y': 94}, {'station_cd': 1163619, 'x': 79, 'y': 95}, {'station_cd': 1163620, 'x': 74, 'y': 95}, {'station_cd': 1163621, 'x': 71, 'y': 97}, {'station_cd': 1163622, 'x': 67, 'y': 97}, {'station_cd': 1163623, 'x': 64, 'y': 98}, {'station_cd': 1163624, 'x': 58, 'y': 101}, {'station_cd': 1163625, 'x': 54, 'y': 103}, {'station_cd': 1163626, 'x': 49, 'y': 103}, {'station_cd': 1163627, 'x': 46, 'y': 104}, {'station_cd': 1163628, 'x': 41, 'y': 104}, {'station_cd': 1163629, 'x': 36, 'y': 105}, {'station_cd': 1163630, 'x': 32, 'y': 106}, {'station_cd': 1163631, 'x': 30, 'y': 108}, {'station_cd': 1163632, 'x': 25, 'y': 108}, {'station_cd': 1163633, 'x': 20, 'y': 108}, {'station_cd': 1163634, 'x': 17, 'y': 109}, {'station_cd': 1163635, 'x': 13, 'y': 109}, {'station_cd': 1163636, 'x': 6, 'y': 111}]"
11637,万葉まほろば線,"[(1163701, '奈良'), (1163702, '京終'), (1163703, '帯解'), (1163704, '櫟本'), (1163705, '天理'), (1163706, '長柄'), (1163707, '柳本'), (1163708, '巻向'), (1163709, '三輪'), (1163710, '桜井'), (1163711, '香久山'), (1163712, '畝傍'), (1163713, '金橋'), (1163714, '高田')]","338.598,323.006,348.598,333.006","[{'station_cd': 1163701, 'x': 70, 'y': 34}, {'station_cd': 1163702, 'x': 73, 'y': 38}, {'station_cd': 1163703, 'x': 72, 'y': 47}, {'station_cd': 1163704, 'x': 72, 'y': 55}, {'station_cd': 1163705, 'x': 73, 'y': 62}, {'station_cd': 1163706, 'x': 74, 'y': 72}, {'station_cd': 1163707, 'x': 75, 'y': 77}, {'station_cd': 1163708, 'x': 75, 'y': 82}, {'station_cd': 1163709, 'x': 77, 'y': 89}, {'station_cd': 1163710, 'x': 76, 'y': 94}, {'station_cd': 1163711, 'x': 71, 'y': 94}, {'station_cd': 1163712, 'x': 63, 'y': 95}, {'station_cd': 1163713, 'x': 55, 'y': 94}, {'station_cd': 1163714, 'x': 50, 'y': 91}]"
11639,きのくに線,"[(1163901, '新宮'), (1163902, '三輪崎'), (1163903, '紀伊佐野'), (1163904, '宇久井'), (1163905, '那智'), (1163906, '紀伊天満'), (1163907, '紀伊勝浦'), (1163908, '湯川'), (1163909, '太地'), (1163910, '下里'), (1163911, '紀伊浦神'), (1163912, '紀伊田原'), (1163913, '古座'), (1163914, '紀伊姫'), (1163915, '串本'), (1163916, '紀伊有田'), (1163917, '田並'), (1163918, '田子'), (1163919, '和深'), (1163920, '江住'), (1163921, '見老津'), (1163922, '周参見'), (1163923, '紀伊日置'), (1163924, '椿'), (1163925, '紀伊富田'), (1163926, '白浜'), (1163927, '朝来'), (1163928, '紀伊新庄'), (1163929, '紀伊田辺'), (1163930, '芳養'), (1163931, '南部'), (1163932, '岩代'), (1163933, '切目'), (1163934, '印南'), (1163935, '稲原'), (1163936, '和佐'), (1163937, '道成寺'), (1163938, '御坊'), (1163939, '紀伊内原'), (1163940, '紀伊由良'), (1163941, '広川ビーチ'), (1163942, '湯浅'), (1163943, '藤並'), (1163944, '紀伊宮原'), (1163945, '箕島'), (1163946, '初島'), (1163947, '下津'), (1163948, '加茂郷'), (1163949, '冷水浦'), (1163950, '海南'), (1163951, '黒江'), (1163952, '紀三井寺'), (1163953, '宮前'), (1163954, '和歌山')]","328.424,336.054,348.247,360.485","[{'station_cd': 1163901, 'x': 110, 'y': 86}, {'station_cd': 1163902, 'x': 109, 'y': 91}, {'station_cd': 1163903, 'x': 107, 'y': 92}, {'station_cd': 1163904, 'x': 107, 'y': 95}, {'station_cd': 1163905, 'x': 103, 'y': 97}, {'station_cd': 1163906, 'x': 103, 'y': 98}, {'station_cd': 1163907, 'x': 104, 'y': 100}, {'station_cd': 1163908, 'x': 102, 'y': 102}, {'station_cd': 1163909, 'x': 102, 'y': 105}, {'station_cd': 1163910, 'x': 102, 'y': 106}, {'station_cd': 1163911, 'x': 99, 'y': 109}, {'station_cd': 1163912, 'x': 96, 'y': 112}, {'station_cd': 1163913, 'x': 91, 'y': 115}, {'station_cd': 1163914, 'x': 88, 'y': 118}, {'station_cd': 1163915, 'x': 87, 'y': 121}, {'station_cd': 1163916, 'x': 82, 'y': 118}, {'station_cd': 1163917, 'x': 80, 'y': 118}, {'station_cd': 1163918, 'x': 76, 'y': 118}, {'station_cd': 1163919, 'x': 73, 'y': 116}, {'station_cd': 1163920, 'x': 68, 'y': 115}, {'station_cd': 1163921, 'x': 65, 'y': 113}, {'station_cd': 1163922, 'x': 57, 'y': 108}, {'station_cd': 1163923, 'x': 53, 'y': 103}, {'station_cd': 1163924, 'x': 47, 'y': 99}, {'station_cd': 1163925, 'x': 46, 'y': 92}, {'station_cd': 1163926, 'x': 46, 'y': 89}, {'station_cd': 1163927, 'x': 49, 'y': 86}, {'station_cd': 1163928, 'x': 48, 'y': 82}, {'station_cd': 1163929, 'x': 46, 'y': 80}, {'station_cd': 1163930, 'x': 43, 'y': 78}, {'station_cd': 1163931, 'x': 40, 'y': 75}, {'station_cd': 1163932, 'x': 35, 'y': 73}, {'station_cd': 1163933, 'x': 31, 'y': 70}, {'station_cd': 1163934, 'x': 29, 'y': 67}, {'station_cd': 1163935, 'x': 30, 'y': 62}, {'station_cd': 1163936, 'x': 28, 'y': 55}, {'station_cd': 1163937, 'x': 24, 'y': 53}, {'station_cd': 1163938, 'x': 23, 'y': 53}, {'station_cd': 1163939, 'x': 21, 'y': 51}, {'station_cd': 1163940, 'x': 20, 'y': 44}, {'station_cd': 1163941, 'x': 23, 'y': 38}, {'station_cd': 1163942, 'x': 25, 'y': 35}, {'station_cd': 1163943, 'x': 27, 'y': 32}, {'station_cd': 1163944, 'x': 24, 'y': 29}, {'station_cd': 1163945, 'x': 19, 'y': 27}, {'station_cd': 1163946, 'x': 19, 'y': 25}, {'station_cd': 1163947, 'x': 22, 'y': 24}, {'station_cd': 1163948, 'x': 23, 'y': 22}, {'station_cd': 1163949, 'x': 27, 'y': 20}, {'station_cd': 1163950, 'x': 29, 'y': 18}, {'station_cd': 1163951, 'x': 29, 'y': 15}, {'station_cd': 1163952, 'x': 26, 'y': 13}, {'station_cd': 1163953, 'x': 27, 'y': 9}, {'station_cd': 1163954, 'x': 27, 'y': 6}]"
11640,紀勢本線(和歌山～和歌山市),"[(1164001, '和歌山'), (1164002, '紀和'), (1164003, '和歌山市')]","326.028,332.116,336.028,342.116","[{'station_cd': 1164001, 'x': 67, 'y': 66}, {'station_cd': 1164002, 'x': 65, 'y': 62}, {'station_cd': 1164003, 'x': 61, 'y': 64}]"
11641,おおさか東線,"[(1164115, '大阪'), (1164109, '新大阪'), (1164110, '南吹田'), (1164111, 'JR淡路'), (1164112, '城北公園通'), (1164113, 'JR野江'), (1164114, '鴫野'), (1164101, '放出'), (1164102, '高井田中央'), (1164103, 'ＪＲ河内永和'), (1164104, 'ＪＲ俊徳道'), (1164105, 'ＪＲ長瀬'), (1164108, '衣摺加美北'), (1164106, '新加美'), (1164107, '久宝寺')]","333.501,320.117,343.501,330.117","[{'station_cd': 1164115, 'x': 53, 'y': 57}, {'station_cd': 1164109, 'x': 54, 'y': 46}, {'station_cd': 1164110, 'x': 57, 'y': 41}, {'station_cd': 1164111, 'x': 59, 'y': 44}, {'station_cd': 1164112, 'x': 62, 'y': 51}, {'station_cd': 1164113, 'x': 65, 'y': 57}, {'station_cd': 1164114, 'x': 65, 'y': 62}, {'station_cd': 1164101, 'x': 70, 'y': 64}, {'station_cd': 1164102, 'x': 72, 'y': 67}, {'station_cd': 1164103, 'x': 72, 'y': 72}, {'station_cd': 1164104, 'x': 72, 'y': 74}, {'station_cd': 1164105, 'x': 72, 'y': 77}, {'station_cd': 1164108, 'x': 71, 'y': 81}, {'station_cd': 1164106, 'x': 71, 'y': 86}, {'station_cd': 1164107, 'x': 75, 'y': 87}]"
11701,JR山陰本線(米子～益田),"[(1170101, '米子'), (1170102, '安来'), (1170103, '荒島'), (1170104, '揖屋'), (1170105, '東松江'), (1170106, '松江'), (1170107, '乃木'), (1170108, '玉造温泉'), (1170109, '来待'), (1170110, '宍道'), (1170111, '荘原'), (1170112, '直江'), (1170113, '出雲市'), (1170114, '西出雲'), (1170115, '出雲神西'), (1170116, '江南'), (1170117, '小田'), (1170118, '田儀'), (1170119, '波根'), (1170120, '久手'), (1170121, '大田市'), (1170122, '静間'), (1170123, '五十猛'), (1170124, '仁万'), (1170125, '馬路'), (1170126, '湯里'), (1170127, '温泉津'), (1170128, '石見福光'), (1170129, '黒松'), (1170130, '浅利'), (1170131, '江津'), (1170132, '都野津'), (1170133, '敬川'), (1170134, '波子'), (1170135, '久代'), (1170136, '下府'), (1170137, '浜田'), (1170138, '西浜田'), (1170139, '周布'), (1170140, '折居'), (1170141, '三保三隅'), (1170142, '岡見'), (1170143, '鎌手'), (1170144, '石見津田'), (1170145, '益田')]","262.869,297.390,296.347,323.601","[{'station_cd': 1170101, 'x': 122, 'y': 30}, {'station_cd': 1170102, 'x': 116, 'y': 29}, {'station_cd': 1170103, 'x': 112, 'y': 29}, {'station_cd': 1170104, 'x': 108, 'y': 29}, {'station_cd': 1170105, 'x': 106, 'y': 27}, {'station_cd': 1170106, 'x': 101, 'y': 25}, {'station_cd': 1170107, 'x': 100, 'y': 26}, {'station_cd': 1170108, 'x': 97, 'y': 28}, {'station_cd': 1170109, 'x': 93, 'y': 29}, {'station_cd': 1170110, 'x': 89, 'y': 30}, {'station_cd': 1170111, 'x': 86, 'y': 31}, {'station_cd': 1170112, 'x': 82, 'y': 32}, {'station_cd': 1170113, 'x': 78, 'y': 34}, {'station_cd': 1170114, 'x': 75, 'y': 37}, {'station_cd': 1170115, 'x': 73, 'y': 38}, {'station_cd': 1170116, 'x': 72, 'y': 39}, {'station_cd': 1170117, 'x': 68, 'y': 42}, {'station_cd': 1170118, 'x': 65, 'y': 42}, {'station_cd': 1170119, 'x': 60, 'y': 46}, {'station_cd': 1170120, 'x': 58, 'y': 47}, {'station_cd': 1170121, 'x': 58, 'y': 50}, {'station_cd': 1170122, 'x': 55, 'y': 50}, {'station_cd': 1170123, 'x': 53, 'y': 50}, {'station_cd': 1170124, 'x': 50, 'y': 55}, {'station_cd': 1170125, 'x': 49, 'y': 57}, {'station_cd': 1170126, 'x': 48, 'y': 59}, {'station_cd': 1170127, 'x': 46, 'y': 61}, {'station_cd': 1170128, 'x': 44, 'y': 62}, {'station_cd': 1170129, 'x': 43, 'y': 64}, {'station_cd': 1170130, 'x': 40, 'y': 66}, {'station_cd': 1170131, 'x': 36, 'y': 68}, {'station_cd': 1170132, 'x': 33, 'y': 71}, {'station_cd': 1170133, 'x': 32, 'y': 72}, {'station_cd': 1170134, 'x': 30, 'y': 73}, {'station_cd': 1170135, 'x': 29, 'y': 75}, {'station_cd': 1170136, 'x': 27, 'y': 77}, {'station_cd': 1170137, 'x': 25, 'y': 79}, {'station_cd': 1170138, 'x': 22, 'y': 83}, {'station_cd': 1170139, 'x': 20, 'y': 84}, {'station_cd': 1170140, 'x': 17, 'y': 87}, {'station_cd': 1170141, 'x': 15, 'y': 90}, {'station_cd': 1170142, 'x': 12, 'y': 92}, {'station_cd': 1170143, 'x': 9, 'y': 94}, {'station_cd': 1170144, 'x': 8, 'y': 97}, {'station_cd': 1170145, 'x': 6, 'y': 102}]"
11702,JR山陰本線(益田～下関),"[(1170201, '益田'), (1170202, '戸田小浜'), (1170203, '飯浦'), (1170204, '江崎'), (1170205, '須佐'), (1170206, '宇田郷'), (1170207, '木与'), (1170208, '奈古'), (1170209, '長門大井'), (1170210, '越ケ浜'), (1170211, '東萩'), (1170212, '萩'), (1170213, '玉江'), (1170214, '三見'), (1170215, '飯井'), (1170216, '長門三隅'), (1170217, '長門市'), (1170218, '黄波戸'), (1170219, '長門古市'), (1170220, '人丸'), (1170221, '伊上'), (1170222, '長門粟野'), (1170223, '阿川'), (1170224, '特牛'), (1170225, '滝部'), (1170226, '長門二見'), (1170227, '宇賀本郷'), (1170228, '湯玉'), (1170229, '小串'), (1170230, '川棚温泉'), (1170231, '黒井村'), (1170232, '梅ケ峠'), (1170233, '吉見'), (1170234, '福江'), (1170235, '安岡'), (1170240, '梶栗郷台地'), (1170236, '綾羅木'), (1170237, '幡生'), (1170238, '下関'), (1170239, '門司')]","244.195,318.040,265.353,343.080","[{'station_cd': 1170201, 'x': 113, 'y': 12}, {'station_cd': 1170202, 'x': 103, 'y': 12}, {'station_cd': 1170203, 'x': 99, 'y': 13}, {'station_cd': 1170204, 'x': 95, 'y': 17}, {'station_cd': 1170205, 'x': 89, 'y': 19}, {'station_cd': 1170206, 'x': 83, 'y': 25}, {'station_cd': 1170207, 'x': 78, 'y': 31}, {'station_cd': 1170208, 'x': 75, 'y': 35}, {'station_cd': 1170209, 'x': 73, 'y': 39}, {'station_cd': 1170210, 'x': 70, 'y': 43}, {'station_cd': 1170211, 'x': 69, 'y': 46}, {'station_cd': 1170212, 'x': 68, 'y': 50}, {'station_cd': 1170213, 'x': 65, 'y': 48}, {'station_cd': 1170214, 'x': 60, 'y': 49}, {'station_cd': 1170215, 'x': 57, 'y': 51}, {'station_cd': 1170216, 'x': 51, 'y': 52}, {'station_cd': 1170217, 'x': 45, 'y': 51}, {'station_cd': 1170218, 'x': 41, 'y': 49}, {'station_cd': 1170219, 'x': 37, 'y': 48}, {'station_cd': 1170220, 'x': 32, 'y': 50}, {'station_cd': 1170221, 'x': 28, 'y': 50}, {'station_cd': 1170222, 'x': 23, 'y': 52}, {'station_cd': 1170223, 'x': 19, 'y': 55}, {'station_cd': 1170224, 'x': 18, 'y': 59}, {'station_cd': 1170225, 'x': 21, 'y': 62}, {'station_cd': 1170226, 'x': 17, 'y': 67}, {'station_cd': 1170227, 'x': 19, 'y': 70}, {'station_cd': 1170228, 'x': 19, 'y': 73}, {'station_cd': 1170229, 'x': 18, 'y': 78}, {'station_cd': 1170230, 'x': 18, 'y': 82}, {'station_cd': 1170231, 'x': 17, 'y': 84}, {'station_cd': 1170232, 'x': 15, 'y': 88}, {'station_cd': 1170233, 'x': 16, 'y': 92}, {'station_cd': 1170234, 'x': 17, 'y': 96}, {'station_cd': 1170235, 'x': 17, 'y': 99}, {'station_cd': 1170240, 'x': 18, 'y': 101}, {'station_cd': 1170236, 'x': 18, 'y': 102}, {'station_cd': 1170237, 'x': 18, 'y': 105}, {'station_cd': 1170238, 'x': 17, 'y': 109}, {'station_cd': 1170239, 'x': 18, 'y': 116}]"
11703,JR伯備線,"[(1170301, '岡山'), (1170302, '北長瀬'), (1170303, '庭瀬'), (1170304, '中庄'), (1170305, '倉敷'), (1170306, '清音'), (1170307, '総社'), (1170308, '豪渓'), (1170309, '日羽'), (1170310, '美袋'), (1170311, '備中広瀬'), (1170312, '備中高梁'), (1170313, '木野山'), (1170314, '備中川面'), (1170315, '方谷'), (1170316, '井倉'), (1170317, '石蟹'), (1170318, '新見'), (1170319, '備中神代'), (1170320, '足立'), (1170321, '新郷'), (1170322, '上石見'), (1170323, '生山'), (1170324, '上菅'), (1170325, '黒坂'), (1170326, '根雨'), (1170327, '武庫'), (1170328, '江尾'), (1170329, '伯耆溝口'), (1170330, '岸本'), (1170331, '伯耆大山'), (1170332, '東山公園'), (1170333, '米子')]","293.426,300.279,307.081,326.507","[{'station_cd': 1170301, 'x': 92, 'y': 113}, {'station_cd': 1170302, 'x': 89, 'y': 115}, {'station_cd': 1170303, 'x': 86, 'y': 116}, {'station_cd': 1170304, 'x': 81, 'y': 118}, {'station_cd': 1170305, 'x': 77, 'y': 121}, {'station_cd': 1170306, 'x': 74, 'y': 115}, {'station_cd': 1170307, 'x': 75, 'y': 111}, {'station_cd': 1170308, 'x': 73, 'y': 107}, {'station_cd': 1170309, 'x': 70, 'y': 105}, {'station_cd': 1170310, 'x': 67, 'y': 104}, {'station_cd': 1170311, 'x': 62, 'y': 99}, {'station_cd': 1170312, 'x': 63, 'y': 95}, {'station_cd': 1170313, 'x': 63, 'y': 90}, {'station_cd': 1170314, 'x': 60, 'y': 86}, {'station_cd': 1170315, 'x': 57, 'y': 83}, {'station_cd': 1170316, 'x': 54, 'y': 75}, {'station_cd': 1170317, 'x': 50, 'y': 71}, {'station_cd': 1170318, 'x': 48, 'y': 67}, {'station_cd': 1170319, 'x': 42, 'y': 66}, {'station_cd': 1170320, 'x': 41, 'y': 59}, {'station_cd': 1170321, 'x': 40, 'y': 53}, {'station_cd': 1170322, 'x': 38, 'y': 49}, {'station_cd': 1170323, 'x': 35, 'y': 41}, {'station_cd': 1170324, 'x': 37, 'y': 38}, {'station_cd': 1170325, 'x': 41, 'y': 37}, {'station_cd': 1170326, 'x': 47, 'y': 32}, {'station_cd': 1170327, 'x': 51, 'y': 29}, {'station_cd': 1170328, 'x': 51, 'y': 27}, {'station_cd': 1170329, 'x': 47, 'y': 18}, {'station_cd': 1170330, 'x': 44, 'y': 12}, {'station_cd': 1170331, 'x': 42, 'y': 6}, {'station_cd': 1170332, 'x': 39, 'y': 6}, {'station_cd': 1170333, 'x': 37, 'y': 7}]"
11704,JR因美線,"[(1170401, '鳥取'), (1170402, '津ノ井'), (1170403, '東郡家'), (1170404, '郡家'), (1170405, '河原'), (1170406, '国英'), (1170407, '鷹狩'), (1170408, '用瀬'), (1170409, '因幡社'), (1170410, '智頭'), (1170411, '土師'), (1170412, '那岐'), (1170413, '美作河井'), (1170414, '知和'), (1170415, '美作加茂'), (1170416, '三浦'), (1170417, '美作滝尾'), (1170418, '高野'), (1170419, '東津山'), (1170420, '津山')]","305.640,299.990,315.640,313.803","[{'station_cd': 1170401, 'x': 83, 'y': 9}, {'station_cd': 1170402, 'x': 87, 'y': 17}, {'station_cd': 1170403, 'x': 89, 'y': 26}, {'station_cd': 1170404, 'x': 87, 'y': 30}, {'station_cd': 1170405, 'x': 82, 'y': 33}, {'station_cd': 1170406, 'x': 80, 'y': 40}, {'station_cd': 1170407, 'x': 78, 'y': 44}, {'station_cd': 1170408, 'x': 78, 'y': 47}, {'station_cd': 1170409, 'x': 76, 'y': 55}, {'station_cd': 1170410, 'x': 81, 'y': 68}, {'station_cd': 1170411, 'x': 81, 'y': 76}, {'station_cd': 1170412, 'x': 78, 'y': 81}, {'station_cd': 1170413, 'x': 59, 'y': 81}, {'station_cd': 1170414, 'x': 54, 'y': 84}, {'station_cd': 1170415, 'x': 51, 'y': 90}, {'station_cd': 1170416, 'x': 53, 'y': 98}, {'station_cd': 1170417, 'x': 52, 'y': 102}, {'station_cd': 1170418, 'x': 51, 'y': 113}, {'station_cd': 1170419, 'x': 44, 'y': 118}, {'station_cd': 1170420, 'x': 39, 'y': 119}]"
11705,JR境線,"[(1170501, '米子'), (1170502, '博労町'), (1170503, '富士見町'), (1170504, '後藤'), (1170505, '三本松口'), (1170506, '河崎口'), (1170507, '弓ケ浜'), (1170508, '和田浜'), (1170509, '大篠津町'), (1170510, '米子空港'), (1170511, '中浜'), (1170512, '高松町'), (1170513, '余子'), (1170514, '上道'), (1170515, '馬場崎町'), (1170516, '境港')]","288.727,294.933,298.727,304.933","[{'station_cd': 1170501, 'x': 78, 'y': 87}, {'station_cd': 1170502, 'x': 79, 'y': 84}, {'station_cd': 1170503, 'x': 78, 'y': 83}, {'station_cd': 1170504, 'x': 77, 'y': 81}, {'station_cd': 1170505, 'x': 74, 'y': 78}, {'station_cd': 1170506, 'x': 70, 'y': 74}, {'station_cd': 1170507, 'x': 66, 'y': 70}, {'station_cd': 1170508, 'x': 60, 'y': 65}, {'station_cd': 1170509, 'x': 58, 'y': 62}, {'station_cd': 1170510, 'x': 55, 'y': 57}, {'station_cd': 1170511, 'x': 55, 'y': 56}, {'station_cd': 1170512, 'x': 54, 'y': 52}, {'station_cd': 1170513, 'x': 53, 'y': 50}, {'station_cd': 1170514, 'x': 51, 'y': 46}, {'station_cd': 1170515, 'x': 50, 'y': 44}, {'station_cd': 1170516, 'x': 49, 'y': 41}]"
11706,JR木次線,"[(1170601, '宍道'), (1170602, '南宍道'), (1170603, '加茂中'), (1170604, '幡屋'), (1170605, '出雲大東'), (1170606, '南大東'), (1170607, '木次'), (1170608, '日登'), (1170609, '下久野'), (1170610, '出雲八代'), (1170611, '出雲三成'), (1170612, '亀嵩'), (1170613, '出雲横田'), (1170614, '八川'), (1170615, '出雲坂根'), (1170616, '三井野原'), (1170617, '油木'), (1170618, '備後落合')]","283.441,300.996,293.441,313.764","[{'station_cd': 1170601, 'x': 42, 'y': 6}, {'station_cd': 1170602, 'x': 44, 'y': 14}, {'station_cd': 1170603, 'x': 42, 'y': 23}, {'station_cd': 1170604, 'x': 48, 'y': 26}, {'station_cd': 1170605, 'x': 51, 'y': 29}, {'station_cd': 1170606, 'x': 45, 'y': 34}, {'station_cd': 1170607, 'x': 40, 'y': 37}, {'station_cd': 1170608, 'x': 46, 'y': 43}, {'station_cd': 1170609, 'x': 58, 'y': 47}, {'station_cd': 1170610, 'x': 59, 'y': 57}, {'station_cd': 1170611, 'x': 61, 'y': 66}, {'station_cd': 1170612, 'x': 70, 'y': 64}, {'station_cd': 1170613, 'x': 77, 'y': 72}, {'station_cd': 1170614, 'x': 77, 'y': 80}, {'station_cd': 1170615, 'x': 83, 'y': 94}, {'station_cd': 1170616, 'x': 82, 'y': 97}, {'station_cd': 1170617, 'x': 82, 'y': 110}, {'station_cd': 1170618, 'x': 88, 'y': 122}]"
11707,JR三江線,"[(1170701, '江津'), (1170702, '江津本町'), (1170703, '千金'), (1170704, '川平'), (1170705, '川戸'), (1170706, '田津'), (1170707, '石見川越'), (1170708, '鹿賀'), (1170709, '因原'), (1170710, '石見川本'), (1170711, '木路原'), (1170712, '竹'), (1170713, '乙原'), (1170714, '石見簗瀬'), (1170715, '明塚'), (1170716, '粕淵'), (1170717, '浜原'), (1170718, '沢谷'), (1170719, '潮'), (1170720, '石見松原'), (1170721, '石見都賀'), (1170722, '宇都井'), (1170723, '伊賀和志'), (1170724, '口羽'), (1170725, '江平'), (1170726, '作木口'), (1170727, '香淀'), (1170728, '式敷'), (1170729, '信木'), (1170730, '所木'), (1170731, '船佐'), (1170732, '長谷'), (1170733, '粟屋'), (1170734, '尾関山'), (1170735, '三次')]","271.514,309.145,285.621,319.145","[{'station_cd': 1170701, 'x': 7, 'y': 41}, {'station_cd': 1170702, 'x': 8, 'y': 43}, {'station_cd': 1170703, 'x': 12, 'y': 44}, {'station_cd': 1170704, 'x': 18, 'y': 46}, {'station_cd': 1170705, 'x': 27, 'y': 56}, {'station_cd': 1170706, 'x': 36, 'y': 59}, {'station_cd': 1170707, 'x': 42, 'y': 59}, {'station_cd': 1170708, 'x': 47, 'y': 56}, {'station_cd': 1170709, 'x': 52, 'y': 56}, {'station_cd': 1170710, 'x': 56, 'y': 50}, {'station_cd': 1170711, 'x': 59, 'y': 48}, {'station_cd': 1170712, 'x': 63, 'y': 45}, {'station_cd': 1170713, 'x': 66, 'y': 42}, {'station_cd': 1170714, 'x': 69, 'y': 38}, {'station_cd': 1170715, 'x': 73, 'y': 36}, {'station_cd': 1170716, 'x': 74, 'y': 31}, {'station_cd': 1170717, 'x': 76, 'y': 34}, {'station_cd': 1170718, 'x': 82, 'y': 35}, {'station_cd': 1170719, 'x': 81, 'y': 45}, {'station_cd': 1170720, 'x': 78, 'y': 51}, {'station_cd': 1170721, 'x': 83, 'y': 60}, {'station_cd': 1170722, 'x': 80, 'y': 73}, {'station_cd': 1170723, 'x': 86, 'y': 76}, {'station_cd': 1170724, 'x': 88, 'y': 79}, {'station_cd': 1170725, 'x': 93, 'y': 82}, {'station_cd': 1170726, 'x': 94, 'y': 86}, {'station_cd': 1170727, 'x': 95, 'y': 94}, {'station_cd': 1170728, 'x': 95, 'y': 97}, {'station_cd': 1170729, 'x': 98, 'y': 98}, {'station_cd': 1170730, 'x': 102, 'y': 99}, {'station_cd': 1170731, 'x': 105, 'y': 99}, {'station_cd': 1170732, 'x': 108, 'y': 101}, {'station_cd': 1170733, 'x': 113, 'y': 99}, {'station_cd': 1170734, 'x': 118, 'y': 99}, {'station_cd': 1170735, 'x': 121, 'y': 102}]"
11708,JR山口線,"[(1170801, '新山口'), (1170802, '周防下郷'), (1170803, '上郷'), (1170804, '仁保津'), (1170805, '大歳'), (1170806, '矢原'), (1170807, '湯田温泉'), (1170808, '山口'), (1170809, '上山口'), (1170810, '宮野'), (1170811, '仁保'), (1170812, '篠目'), (1170813, '長門峡'), (1170814, '渡川'), (1170815, '三谷'), (1170816, '名草'), (1170817, '地福'), (1170818, '鍋倉'), (1170819, '徳佐'), (1170820, '船平山'), (1170821, '津和野'), (1170822, '青野山'), (1170823, '日原'), (1170824, '青原'), (1170825, '東青原'), (1170826, '石見横田'), (1170827, '本俣賀'), (1170828, '益田')]","254.743,318.994,264.850,337.531","[{'station_cd': 1170801, 'x': 32, 'y': 118}, {'station_cd': 1170802, 'x': 33, 'y': 117}, {'station_cd': 1170803, 'x': 33, 'y': 114}, {'station_cd': 1170804, 'x': 35, 'y': 111}, {'station_cd': 1170805, 'x': 38, 'y': 108}, {'station_cd': 1170806, 'x': 39, 'y': 108}, {'station_cd': 1170807, 'x': 41, 'y': 106}, {'station_cd': 1170808, 'x': 44, 'y': 104}, {'station_cd': 1170809, 'x': 45, 'y': 102}, {'station_cd': 1170810, 'x': 47, 'y': 100}, {'station_cd': 1170811, 'x': 52, 'y': 96}, {'station_cd': 1170812, 'x': 56, 'y': 84}, {'station_cd': 1170813, 'x': 58, 'y': 79}, {'station_cd': 1170814, 'x': 62, 'y': 76}, {'station_cd': 1170815, 'x': 65, 'y': 73}, {'station_cd': 1170816, 'x': 69, 'y': 70}, {'station_cd': 1170817, 'x': 72, 'y': 69}, {'station_cd': 1170818, 'x': 75, 'y': 66}, {'station_cd': 1170819, 'x': 78, 'y': 62}, {'station_cd': 1170820, 'x': 80, 'y': 58}, {'station_cd': 1170821, 'x': 86, 'y': 49}, {'station_cd': 1170822, 'x': 90, 'y': 47}, {'station_cd': 1170823, 'x': 94, 'y': 38}, {'station_cd': 1170824, 'x': 90, 'y': 32}, {'station_cd': 1170825, 'x': 90, 'y': 27}, {'station_cd': 1170826, 'x': 91, 'y': 21}, {'station_cd': 1170827, 'x': 94, 'y': 15}, {'station_cd': 1170828, 'x': 96, 'y': 10}]"
11709,JR宇野線,"[(1170901, '岡山'), (1170902, '大元'), (1170903, '備前西市'), (1170904, '妹尾'), (1170905, '備中箕島'), (1170906, '早島'), (1170907, '久々原'), (1170908, '茶屋町'), (1170909, '彦崎'), (1170910, '備前片岡'), (1170911, '迫川'), (1170912, '常山'), (1170913, '八浜'), (1170914, '備前田井'), (1170915, '宇野')]","300.405,320.854,310.405,330.854","[{'station_cd': 1170901, 'x': 72, 'y': 34}, {'station_cd': 1170902, 'x': 70, 'y': 41}, {'station_cd': 1170903, 'x': 67, 'y': 46}, {'station_cd': 1170904, 'x': 59, 'y': 54}, {'station_cd': 1170905, 'x': 54, 'y': 54}, {'station_cd': 1170906, 'x': 50, 'y': 55}, {'station_cd': 1170907, 'x': 48, 'y': 59}, {'station_cd': 1170908, 'x': 48, 'y': 64}, {'station_cd': 1170909, 'x': 50, 'y': 73}, {'station_cd': 1170910, 'x': 57, 'y': 77}, {'station_cd': 1170911, 'x': 61, 'y': 80}, {'station_cd': 1170912, 'x': 64, 'y': 82}, {'station_cd': 1170913, 'x': 71, 'y': 82}, {'station_cd': 1170914, 'x': 77, 'y': 88}, {'station_cd': 1170915, 'x': 80, 'y': 96}]"
11710,瀬戸大橋線,"[(1171001, '茶屋町'), (1171002, '植松'), (1171003, '木見'), (1171004, '上の町'), (1171005, '児島'), (1171006, '宇多津')]","298.885,324.628,308.885,334.628","[{'station_cd': 1171001, 'x': 67, 'y': 16}, {'station_cd': 1171002, 'x': 67, 'y': 25}, {'station_cd': 1171003, 'x': 66, 'y': 33}, {'station_cd': 1171004, 'x': 64, 'y': 46}, {'station_cd': 1171005, 'x': 62, 'y': 56}, {'station_cd': 1171006, 'x': 62, 'y': 112}]"
11713,JR吉備線,"[(1171301, '岡山'), (1171302, '備前三門'), (1171303, '大安寺'), (1171304, '備前一宮'), (1171305, '吉備津'), (1171306, '備中高松'), (1171307, '足守'), (1171308, '服部'), (1171309, '東総社'), (1171310, '総社')]","299.229,318.001,309.229,328.001","[{'station_cd': 1171301, 'x': 87, 'y': 70}, {'station_cd': 1171302, 'x': 82, 'y': 70}, {'station_cd': 1171303, 'x': 79, 'y': 71}, {'station_cd': 1171304, 'x': 73, 'y': 65}, {'station_cd': 1171305, 'x': 69, 'y': 66}, {'station_cd': 1171306, 'x': 63, 'y': 62}, {'station_cd': 1171307, 'x': 58, 'y': 57}, {'station_cd': 1171308, 'x': 51, 'y': 59}, {'station_cd': 1171309, 'x': 44, 'y': 64}, {'station_cd': 1171310, 'x': 41, 'y': 65}]"
11714,JR芸備線,"[(1171401, '新見'), (1171402, '布原'), (1171403, '備中神代'), (1171404, '坂根'), (1171405, '市岡'), (1171406, '矢神'), (1171407, '野馳'), (1171408, '東城'), (1171409, '備後八幡'), (1171410, '内名'), (1171411, '小奴可'), (1171412, '道後山'), (1171413, '備後落合'), (1171414, '比婆山'), (1171415, '備後西城'), (1171416, '平子'), (1171417, '高'), (1171418, '備後庄原'), (1171419, '備後三日市'), (1171420, '七塚'), (1171421, '山ノ内'), (1171422, '下和知'), (1171423, '塩町'), (1171424, '神杉'), (1171425, '八次'), (1171426, '三次'), (1171427, '西三次'), (1171428, '志和地'), (1171429, '上川立'), (1171430, '甲立'), (1171431, '吉田口'), (1171432, '向原'), (1171433, '井原市'), (1171434, '志和口'), (1171435, '上三田'), (1171436, '中三田'), (1171437, '白木山'), (1171438, '狩留家'), (1171439, '上深川'), (1171440, '中深川'), (1171441, '下深川'), (1171442, '玖村'), (1171443, '安芸矢口'), (1171444, '戸坂'), (1171445, '矢賀'), (1171446, '広島')]","275.982,311.103,297.975,331.295","[{'station_cd': 1171401, 'x': 122, 'y': 22}, {'station_cd': 1171402, 'x': 118, 'y': 22}, {'station_cd': 1171403, 'x': 116, 'y': 20}, {'station_cd': 1171404, 'x': 112, 'y': 24}, {'station_cd': 1171405, 'x': 109, 'y': 25}, {'station_cd': 1171406, 'x': 108, 'y': 28}, {'station_cd': 1171407, 'x': 106, 'y': 33}, {'station_cd': 1171408, 'x': 100, 'y': 34}, {'station_cd': 1171409, 'x': 96, 'y': 28}, {'station_cd': 1171410, 'x': 96, 'y': 24}, {'station_cd': 1171411, 'x': 94, 'y': 19}, {'station_cd': 1171412, 'x': 90, 'y': 16}, {'station_cd': 1171413, 'x': 86, 'y': 17}, {'station_cd': 1171414, 'x': 83, 'y': 23}, {'station_cd': 1171415, 'x': 83, 'y': 27}, {'station_cd': 1171416, 'x': 80, 'y': 31}, {'station_cd': 1171417, 'x': 77, 'y': 37}, {'station_cd': 1171418, 'x': 70, 'y': 39}, {'station_cd': 1171419, 'x': 68, 'y': 40}, {'station_cd': 1171420, 'x': 67, 'y': 41}, {'station_cd': 1171421, 'x': 63, 'y': 44}, {'station_cd': 1171422, 'x': 60, 'y': 49}, {'station_cd': 1171423, 'x': 58, 'y': 52}, {'station_cd': 1171424, 'x': 57, 'y': 51}, {'station_cd': 1171425, 'x': 54, 'y': 47}, {'station_cd': 1171426, 'x': 51, 'y': 47}, {'station_cd': 1171427, 'x': 50, 'y': 48}, {'station_cd': 1171428, 'x': 45, 'y': 57}, {'station_cd': 1171429, 'x': 43, 'y': 59}, {'station_cd': 1171430, 'x': 40, 'y': 64}, {'station_cd': 1171431, 'x': 38, 'y': 69}, {'station_cd': 1171432, 'x': 35, 'y': 76}, {'station_cd': 1171433, 'x': 30, 'y': 81}, {'station_cd': 1171434, 'x': 28, 'y': 86}, {'station_cd': 1171435, 'x': 26, 'y': 88}, {'station_cd': 1171436, 'x': 22, 'y': 92}, {'station_cd': 1171437, 'x': 19, 'y': 94}, {'station_cd': 1171438, 'x': 18, 'y': 96}, {'station_cd': 1171439, 'x': 16, 'y': 98}, {'station_cd': 1171440, 'x': 13, 'y': 97}, {'station_cd': 1171441, 'x': 12, 'y': 95}, {'station_cd': 1171442, 'x': 10, 'y': 96}, {'station_cd': 1171443, 'x': 8, 'y': 99}, {'station_cd': 1171444, 'x': 8, 'y': 103}, {'station_cd': 1171445, 'x': 8, 'y': 110}, {'station_cd': 1171446, 'x': 6, 'y': 110}]"
11715,JR津山線,"[(1171501, '津山'), (1171502, '津山口'), (1171503, '佐良山'), (1171504, '亀甲'), (1171505, '小原'), (1171506, '誕生寺'), (1171507, '弓削'), (1171508, '神目'), (1171509, '福渡'), (1171510, '建部'), (1171511, '金川'), (1171512, '野々口'), (1171513, '牧山'), (1171514, '玉柏'), (1171515, '備前原'), (1171516, '法界院'), (1171517, '岡山')]","301.795,312.148,311.795,324.166","[{'station_cd': 1171501, 'x': 76, 'y': 7}, {'station_cd': 1171502, 'x': 72, 'y': 7}, {'station_cd': 1171503, 'x': 67, 'y': 13}, {'station_cd': 1171504, 'x': 67, 'y': 23}, {'station_cd': 1171505, 'x': 67, 'y': 32}, {'station_cd': 1171506, 'x': 66, 'y': 37}, {'station_cd': 1171507, 'x': 66, 'y': 45}, {'station_cd': 1171508, 'x': 61, 'y': 53}, {'station_cd': 1171509, 'x': 54, 'y': 60}, {'station_cd': 1171510, 'x': 53, 'y': 69}, {'station_cd': 1171511, 'x': 60, 'y': 84}, {'station_cd': 1171512, 'x': 59, 'y': 90}, {'station_cd': 1171513, 'x': 65, 'y': 99}, {'station_cd': 1171514, 'x': 66, 'y': 107}, {'station_cd': 1171515, 'x': 62, 'y': 110}, {'station_cd': 1171516, 'x': 58, 'y': 116}, {'station_cd': 1171517, 'x': 56, 'y': 121}]"
11716,JR呉線,"[(1171601, '糸崎'), (1171602, '三原'), (1171603, '須波'), (1171604, '安芸幸崎'), (1171605, '忠海'), (1171606, '安芸長浜'), (1171607, '大乗'), (1171608, '竹原'), (1171609, '吉名'), (1171610, '安芸津'), (1171611, '風早'), (1171612, '安浦'), (1171613, '安登'), (1171614, '安芸川尻'), (1171615, '仁方'), (1171616, '広'), (1171617, '新広'), (1171618, '安芸阿賀'), (1171619, '呉'), (1171620, '川原石'), (1171621, '吉浦'), (1171622, 'かるが浜'), (1171623, '天応'), (1171624, '呉ポートピア'), (1171625, '小屋浦'), (1171626, '水尻'), (1171627, '坂'), (1171628, '矢野'), (1171629, '海田市'), (1171630, '向洋'), (1171631, '天神川'), (1171632, '広島')]","276.248,326.892,290.208,336.892","[{'station_cd': 1171601, 'x': 122, 'y': 47}, {'station_cd': 1171602, 'x': 118, 'y': 45}, {'station_cd': 1171603, 'x': 118, 'y': 53}, {'station_cd': 1171604, 'x': 110, 'y': 60}, {'station_cd': 1171605, 'x': 101, 'y': 60}, {'station_cd': 1171606, 'x': 96, 'y': 59}, {'station_cd': 1171607, 'x': 93, 'y': 58}, {'station_cd': 1171608, 'x': 86, 'y': 58}, {'station_cd': 1171609, 'x': 78, 'y': 63}, {'station_cd': 1171610, 'x': 69, 'y': 63}, {'station_cd': 1171611, 'x': 65, 'y': 66}, {'station_cd': 1171612, 'x': 55, 'y': 70}, {'station_cd': 1171613, 'x': 51, 'y': 78}, {'station_cd': 1171614, 'x': 46, 'y': 83}, {'station_cd': 1171615, 'x': 39, 'y': 85}, {'station_cd': 1171616, 'x': 34, 'y': 83}, {'station_cd': 1171617, 'x': 31, 'y': 82}, {'station_cd': 1171618, 'x': 29, 'y': 81}, {'station_cd': 1171619, 'x': 21, 'y': 78}, {'station_cd': 1171620, 'x': 18, 'y': 77}, {'station_cd': 1171621, 'x': 15, 'y': 74}, {'station_cd': 1171622, 'x': 14, 'y': 73}, {'station_cd': 1171623, 'x': 14, 'y': 68}, {'station_cd': 1171624, 'x': 13, 'y': 66}, {'station_cd': 1171625, 'x': 12, 'y': 63}, {'station_cd': 1171626, 'x': 11, 'y': 58}, {'station_cd': 1171627, 'x': 13, 'y': 54}, {'station_cd': 1171628, 'x': 17, 'y': 50}, {'station_cd': 1171629, 'x': 17, 'y': 45}, {'station_cd': 1171630, 'x': 12, 'y': 44}, {'station_cd': 1171631, 'x': 11, 'y': 40}, {'station_cd': 1171632, 'x': 7, 'y': 38}]"
11717,JR可部線,"[(1171701, '広島'), (1171716, '新白島'), (1171702, '横川'), (1171703, '三滝'), (1171704, '安芸長束'), (1171705, '下祇園'), (1171706, '古市橋'), (1171707, '大町'), (1171708, '緑井'), (1171709, '七軒茶屋'), (1171710, '梅林'), (1171711, '上八木'), (1171712, '中島'), (1171713, '可部'), (1171714, '河戸帆待川'), (1171715, 'あき亀山')]","272.108,322.417,282.108,332.417","[{'station_cd': 1171701, 'x': 62, 'y': 85}, {'station_cd': 1171716, 'x': 59, 'y': 81}, {'station_cd': 1171702, 'x': 56, 'y': 80}, {'station_cd': 1171703, 'x': 55, 'y': 78}, {'station_cd': 1171704, 'x': 58, 'y': 74}, {'station_cd': 1171705, 'x': 59, 'y': 70}, {'station_cd': 1171706, 'x': 61, 'y': 66}, {'station_cd': 1171707, 'x': 62, 'y': 62}, {'station_cd': 1171708, 'x': 63, 'y': 60}, {'station_cd': 1171709, 'x': 64, 'y': 59}, {'station_cd': 1171710, 'x': 68, 'y': 56}, {'station_cd': 1171711, 'x': 71, 'y': 53}, {'station_cd': 1171712, 'x': 73, 'y': 49}, {'station_cd': 1171713, 'x': 72, 'y': 45}, {'station_cd': 1171714, 'x': 71, 'y': 43}, {'station_cd': 1171715, 'x': 68, 'y': 43}]"
11720,JR福塩線,"[(1172001, '福山'), (1172002, '備後本庄'), (1172003, '横尾'), (1172004, '神辺'), (1172005, '湯田村'), (1172006, '道上'), (1172007, '万能倉'), (1172008, '駅家'), (1172009, '近田'), (1172010, '戸手'), (1172011, '上戸手'), (1172012, '新市'), (1172013, '高木'), (1172014, '鵜飼'), (1172015, '府中'), (1172016, '下川辺'), (1172017, '中畑'), (1172018, '河佐'), (1172019, '備後三川'), (1172020, '備後矢野'), (1172021, '上下'), (1172022, '甲奴'), (1172023, '梶田'), (1172024, '備後安田'), (1172025, '吉舎'), (1172026, '三良坂'), (1172027, '塩町'), (1172028, '神杉'), (1172029, '八次'), (1172030, '三次')]","284.118,317.845,295.828,328.190","[{'station_cd': 1172001, 'x': 116, 'y': 115}, {'station_cd': 1172002, 'x': 113, 'y': 114}, {'station_cd': 1172003, 'x': 117, 'y': 105}, {'station_cd': 1172004, 'x': 121, 'y': 101}, {'station_cd': 1172005, 'x': 119, 'y': 96}, {'station_cd': 1172006, 'x': 117, 'y': 96}, {'station_cd': 1172007, 'x': 112, 'y': 96}, {'station_cd': 1172008, 'x': 109, 'y': 96}, {'station_cd': 1172009, 'x': 106, 'y': 97}, {'station_cd': 1172010, 'x': 103, 'y': 97}, {'station_cd': 1172011, 'x': 99, 'y': 95}, {'station_cd': 1172012, 'x': 97, 'y': 94}, {'station_cd': 1172013, 'x': 93, 'y': 91}, {'station_cd': 1172014, 'x': 91, 'y': 90}, {'station_cd': 1172015, 'x': 90, 'y': 88}, {'station_cd': 1172016, 'x': 83, 'y': 93}, {'station_cd': 1172017, 'x': 80, 'y': 84}, {'station_cd': 1172018, 'x': 74, 'y': 82}, {'station_cd': 1172019, 'x': 62, 'y': 69}, {'station_cd': 1172020, 'x': 66, 'y': 59}, {'station_cd': 1172021, 'x': 64, 'y': 49}, {'station_cd': 1172022, 'x': 56, 'y': 46}, {'station_cd': 1172023, 'x': 52, 'y': 43}, {'station_cd': 1172024, 'x': 46, 'y': 34}, {'station_cd': 1172025, 'x': 37, 'y': 37}, {'station_cd': 1172026, 'x': 30, 'y': 25}, {'station_cd': 1172027, 'x': 20, 'y': 22}, {'station_cd': 1172028, 'x': 18, 'y': 20}, {'station_cd': 1172029, 'x': 13, 'y': 13}, {'station_cd': 1172030, 'x': 8, 'y': 13}]"
11721,JR宇部線,"[(1172101, '新山口'), (1172102, '上嘉川'), (1172103, '深溝'), (1172104, '周防佐山'), (1172105, '岩倉'), (1172106, '阿知須'), (1172107, '岐波'), (1172108, '丸尾'), (1172109, '床波'), (1172110, '常盤'), (1172111, '草江'), (1172112, '宇部岬'), (1172113, '東新川'), (1172114, '琴芝'), (1172115, '宇部新川'), (1172116, '居能'), (1172117, '岩鼻'), (1172118, '宇部')]","248.406,333.191,258.406,343.191","[{'station_cd': 1172101, 'x': 87, 'y': 37}, {'station_cd': 1172102, 'x': 82, 'y': 44}, {'station_cd': 1172103, 'x': 80, 'y': 53}, {'station_cd': 1172104, 'x': 78, 'y': 57}, {'station_cd': 1172105, 'x': 77, 'y': 62}, {'station_cd': 1172106, 'x': 76, 'y': 66}, {'station_cd': 1172107, 'x': 74, 'y': 73}, {'station_cd': 1172108, 'x': 71, 'y': 80}, {'station_cd': 1172109, 'x': 63, 'y': 86}, {'station_cd': 1172110, 'x': 59, 'y': 90}, {'station_cd': 1172111, 'x': 55, 'y': 91}, {'station_cd': 1172112, 'x': 51, 'y': 91}, {'station_cd': 1172113, 'x': 50, 'y': 86}, {'station_cd': 1172114, 'x': 49, 'y': 85}, {'station_cd': 1172115, 'x': 47, 'y': 83}, {'station_cd': 1172116, 'x': 43, 'y': 79}, {'station_cd': 1172117, 'x': 42, 'y': 75}, {'station_cd': 1172118, 'x': 42, 'y': 66}]"
11722,JR美祢線,"[(1172201, '厚狭'), (1172202, '湯ノ峠'), (1172203, '厚保'), (1172204, '四郎ケ原'), (1172205, '南大嶺'), (1172206, '美祢'), (1172207, '重安'), (1172208, '於福'), (1172209, '渋木'), (1172210, '長門湯本'), (1172211, '板持'), (1172212, '長門市'), (1172213, '仙崎')]","245.971,327.123,255.971,337.431","[{'station_cd': 1172201, 'x': 57, 'y': 121}, {'station_cd': 1172202, 'x': 61, 'y': 110}, {'station_cd': 1172203, 'x': 57, 'y': 100}, {'station_cd': 1172204, 'x': 58, 'y': 92}, {'station_cd': 1172205, 'x': 64, 'y': 84}, {'station_cd': 1172206, 'x': 69, 'y': 82}, {'station_cd': 1172207, 'x': 71, 'y': 74}, {'station_cd': 1172208, 'x': 71, 'y': 59}, {'station_cd': 1172209, 'x': 68, 'y': 33}, {'station_cd': 1172210, 'x': 62, 'y': 25}, {'station_cd': 1172211, 'x': 64, 'y': 18}, {'station_cd': 1172212, 'x': 66, 'y': 11}, {'station_cd': 1172213, 'x': 69, 'y': 7}]"
11723,JR小野田線,"[(1172301, '宇部新川'), (1172302, '居能'), (1172303, '妻崎'), (1172304, '長門長沢'), (1172305, '雀田'), (1172306, '小野田港'), (1172307, '南小野田'), (1172308, '南中川'), (1172309, '目出'), (1172310, '小野田'), (1172311, '浜河内'), (1172312, '長門本山')]","246.356,334.131,256.356,344.131","[{'station_cd': 1172301, 'x': 73, 'y': 71}, {'station_cd': 1172302, 'x': 69, 'y': 67}, {'station_cd': 1172303, 'x': 63, 'y': 66}, {'station_cd': 1172304, 'x': 61, 'y': 67}, {'station_cd': 1172305, 'x': 59, 'y': 69}, {'station_cd': 1172306, 'x': 56, 'y': 65}, {'station_cd': 1172307, 'x': 56, 'y': 63}, {'station_cd': 1172308, 'x': 57, 'y': 59}, {'station_cd': 1172309, 'x': 58, 'y': 56}, {'station_cd': 1172310, 'x': 59, 'y': 52}, {'station_cd': 1172311, 'x': 57, 'y': 72}, {'station_cd': 1172312, 'x': 55, 'y': 75}]"
11724,JR岩徳線,"[(1172401, '岩国'), (1172402, '西岩国'), (1172403, '川西'), (1172404, '柱野'), (1172405, '欽明路'), (1172406, '玖珂'), (1172407, '周防高森'), (1172408, '米川'), (1172409, '高水'), (1172410, '勝間'), (1172411, '大河内'), (1172412, '周防久保'), (1172413, '生野屋'), (1172414, '周防花岡'), (1172415, '櫛ケ浜'), (1172416, '徳山')]","262.576,331.719,272.576,341.719","[{'station_cd': 1172401, 'x': 119, 'y': 42}, {'station_cd': 1172402, 'x': 111, 'y': 45}, {'station_cd': 1172403, 'x': 106, 'y': 47}, {'station_cd': 1172404, 'x': 100, 'y': 51}, {'station_cd': 1172405, 'x': 86, 'y': 64}, {'station_cd': 1172406, 'x': 81, 'y': 66}, {'station_cd': 1172407, 'x': 72, 'y': 68}, {'station_cd': 1172408, 'x': 64, 'y': 73}, {'station_cd': 1172409, 'x': 53, 'y': 79}, {'station_cd': 1172410, 'x': 48, 'y': 84}, {'station_cd': 1172411, 'x': 43, 'y': 87}, {'station_cd': 1172412, 'x': 39, 'y': 88}, {'station_cd': 1172413, 'x': 31, 'y': 85}, {'station_cd': 1172414, 'x': 26, 'y': 84}, {'station_cd': 1172415, 'x': 16, 'y': 86}, {'station_cd': 1172416, 'x': 9, 'y': 78}]"
11801,JR土讃線,"[(1180101, '多度津'), (1180102, '金蔵寺'), (1180103, '善通寺'), (1180104, '琴平'), (1180105, '塩入'), (1180106, '黒川'), (1180107, '讃岐財田'), (1180108, '坪尻'), (1180109, '箸蔵'), (1180110, '佃'), (1180111, '阿波池田'), (1180112, '三縄'), (1180113, '祖谷口'), (1180114, '阿波川口'), (1180115, '小歩危'), (1180116, '大歩危'), (1180117, '土佐岩原'), (1180118, '豊永'), (1180119, '大田口'), (1180120, '土佐穴内'), (1180121, '大杉'), (1180122, '土佐北川'), (1180123, '角茂谷'), (1180124, '繁藤'), (1180125, '新改'), (1180126, '土佐山田'), (1180127, '山田西町'), (1180128, '土佐長岡'), (1180129, '後免'), (1180130, '土佐大津'), (1180131, '布師田'), (1180132, '土佐一宮'), (1180133, '薊野'), (1180134, '高知'), (1180135, '入明'), (1180136, '円行寺口'), (1180137, '旭'), (1180138, '高知商業前'), (1180139, '朝倉'), (1180140, '枝川'), (1180141, '伊野'), (1180142, '波川'), (1180161, '小村神社前'), (1180143, '日下'), (1180144, '岡花'), (1180145, '土佐加茂'), (1180146, '西佐川'), (1180147, '佐川'), (1180148, '襟野々'), (1180149, '斗賀野'), (1180150, '吾桑'), (1180151, '多ノ郷'), (1180152, '大間'), (1180153, '須崎'), (1180154, '土佐新荘'), (1180155, '安和'), (1180156, '土佐久礼'), (1180157, '影野'), (1180158, '六反地'), (1180159, '仁井田'), (1180160, '窪川')]","288.811,331.943,305.338,365.367","[{'station_cd': 1180101, 'x': 85, 'y': 9}, {'station_cd': 1180102, 'x': 87, 'y': 12}, {'station_cd': 1180103, 'x': 87, 'y': 14}, {'station_cd': 1180104, 'x': 90, 'y': 18}, {'station_cd': 1180105, 'x': 92, 'y': 22}, {'station_cd': 1180106, 'x': 90, 'y': 24}, {'station_cd': 1180107, 'x': 89, 'y': 26}, {'station_cd': 1180108, 'x': 90, 'y': 32}, {'station_cd': 1180109, 'x': 92, 'y': 34}, {'station_cd': 1180110, 'x': 92, 'y': 35}, {'station_cd': 1180111, 'x': 88, 'y': 35}, {'station_cd': 1180112, 'x': 87, 'y': 37}, {'station_cd': 1180113, 'x': 86, 'y': 41}, {'station_cd': 1180114, 'x': 84, 'y': 42}, {'station_cd': 1180115, 'x': 84, 'y': 46}, {'station_cd': 1180116, 'x': 85, 'y': 51}, {'station_cd': 1180117, 'x': 86, 'y': 57}, {'station_cd': 1180118, 'x': 84, 'y': 59}, {'station_cd': 1180119, 'x': 82, 'y': 61}, {'station_cd': 1180120, 'x': 79, 'y': 61}, {'station_cd': 1180121, 'x': 77, 'y': 63}, {'station_cd': 1180122, 'x': 78, 'y': 68}, {'station_cd': 1180123, 'x': 79, 'y': 70}, {'station_cd': 1180124, 'x': 79, 'y': 72}, {'station_cd': 1180125, 'x': 79, 'y': 75}, {'station_cd': 1180126, 'x': 78, 'y': 79}, {'station_cd': 1180127, 'x': 77, 'y': 80}, {'station_cd': 1180128, 'x': 76, 'y': 81}, {'station_cd': 1180129, 'x': 75, 'y': 82}, {'station_cd': 1180130, 'x': 72, 'y': 82}, {'station_cd': 1180131, 'x': 71, 'y': 82}, {'station_cd': 1180132, 'x': 70, 'y': 82}, {'station_cd': 1180133, 'x': 68, 'y': 82}, {'station_cd': 1180134, 'x': 67, 'y': 83}, {'station_cd': 1180135, 'x': 66, 'y': 83}, {'station_cd': 1180136, 'x': 65, 'y': 83}, {'station_cd': 1180137, 'x': 64, 'y': 84}, {'station_cd': 1180138, 'x': 64, 'y': 84}, {'station_cd': 1180139, 'x': 63, 'y': 84}, {'station_cd': 1180140, 'x': 60, 'y': 84}, {'station_cd': 1180141, 'x': 58, 'y': 84}, {'station_cd': 1180142, 'x': 57, 'y': 85}, {'station_cd': 1180161, 'x': 56, 'y': 85}, {'station_cd': 1180143, 'x': 54, 'y': 86}, {'station_cd': 1180144, 'x': 52, 'y': 86}, {'station_cd': 1180145, 'x': 50, 'y': 86}, {'station_cd': 1180146, 'x': 47, 'y': 87}, {'station_cd': 1180147, 'x': 48, 'y': 89}, {'station_cd': 1180148, 'x': 48, 'y': 90}, {'station_cd': 1180149, 'x': 47, 'y': 91}, {'station_cd': 1180150, 'x': 48, 'y': 96}, {'station_cd': 1180151, 'x': 48, 'y': 98}, {'station_cd': 1180152, 'x': 47, 'y': 99}, {'station_cd': 1180153, 'x': 48, 'y': 100}, {'station_cd': 1180154, 'x': 46, 'y': 101}, {'station_cd': 1180155, 'x': 45, 'y': 103}, {'station_cd': 1180156, 'x': 42, 'y': 107}, {'station_cd': 1180157, 'x': 38, 'y': 112}, {'station_cd': 1180158, 'x': 38, 'y': 113}, {'station_cd': 1180159, 'x': 37, 'y': 115}, {'station_cd': 1180160, 'x': 35, 'y': 119}]"
11802,JR高徳線,"[(1180201, '高松'), (1180202, '昭和町'), (1180203, '栗林公園北口'), (1180204, '栗林'), (1180205, '木太町'), (1180206, '屋島'), (1180207, '古高松南'), (1180208, '八栗口'), (1180209, '讃岐牟礼'), (1180210, '志度'), (1180211, 'オレンジタウン'), (1180212, '造田'), (1180213, '神前'), (1180214, '讃岐津田'), (1180215, '鶴羽'), (1180216, '丹生'), (1180217, '三本松'), (1180218, '讃岐白鳥'), (1180219, '引田'), (1180220, '讃岐相生'), (1180221, '阿波大宮'), (1180222, '板野'), (1180223, '阿波川端'), (1180224, '板東'), (1180225, '池谷'), (1180226, '勝瑞'), (1180227, '吉成'), (1180228, '佐古'), (1180229, '徳島')]","307.441,331.622,319.051,341.622","[{'station_cd': 1180201, 'x': 11, 'y': 18}, {'station_cd': 1180202, 'x': 7, 'y': 20}, {'station_cd': 1180203, 'x': 10, 'y': 23}, {'station_cd': 1180204, 'x': 12, 'y': 24}, {'station_cd': 1180205, 'x': 18, 'y': 24}, {'station_cd': 1180206, 'x': 24, 'y': 23}, {'station_cd': 1180207, 'x': 27, 'y': 22}, {'station_cd': 1180208, 'x': 30, 'y': 23}, {'station_cd': 1180209, 'x': 33, 'y': 24}, {'station_cd': 1180210, 'x': 38, 'y': 29}, {'station_cd': 1180211, 'x': 40, 'y': 35}, {'station_cd': 1180212, 'x': 41, 'y': 41}, {'station_cd': 1180213, 'x': 46, 'y': 41}, {'station_cd': 1180214, 'x': 55, 'y': 40}, {'station_cd': 1180215, 'x': 60, 'y': 43}, {'station_cd': 1180216, 'x': 66, 'y': 51}, {'station_cd': 1180217, 'x': 74, 'y': 53}, {'station_cd': 1180218, 'x': 81, 'y': 56}, {'station_cd': 1180219, 'x': 88, 'y': 62}, {'station_cd': 1180220, 'x': 93, 'y': 66}, {'station_cd': 1180221, 'x': 98, 'y': 77}, {'station_cd': 1180222, 'x': 102, 'y': 88}, {'station_cd': 1180223, 'x': 106, 'y': 86}, {'station_cd': 1180224, 'x': 111, 'y': 85}, {'station_cd': 1180225, 'x': 116, 'y': 86}, {'station_cd': 1180226, 'x': 116, 'y': 93}, {'station_cd': 1180227, 'x': 116, 'y': 96}, {'station_cd': 1180228, 'x': 118, 'y': 108}, {'station_cd': 1180229, 'x': 120, 'y': 110}]"
11803,よしの川ブルーライン,"[(1180301, '徳島'), (1180302, '佐古'), (1180303, '蔵本'), (1180304, '鮎喰'), (1180305, '府中'), (1180306, '石井'), (1180307, '下浦'), (1180308, '牛島'), (1180309, '麻植塚'), (1180310, '鴨島'), (1180311, '西麻植'), (1180312, '阿波川島'), (1180313, '学'), (1180314, '山瀬'), (1180315, '阿波山川'), (1180316, '川田'), (1180317, '穴吹'), (1180318, '小島'), (1180319, '貞光'), (1180320, '阿波半田'), (1180321, '江口'), (1180322, '三加茂'), (1180323, '阿波加茂'), (1180324, '辻'), (1180325, '佃'), (1180326, '阿波池田')]","302.638,335.888,319.119,345.888","[{'station_cd': 1180301, 'x': 122, 'y': 63}, {'station_cd': 1180302, 'x': 120, 'y': 62}, {'station_cd': 1180303, 'x': 117, 'y': 62}, {'station_cd': 1180304, 'x': 115, 'y': 62}, {'station_cd': 1180305, 'x': 112, 'y': 63}, {'station_cd': 1180306, 'x': 105, 'y': 63}, {'station_cd': 1180307, 'x': 102, 'y': 64}, {'station_cd': 1180308, 'x': 98, 'y': 61}, {'station_cd': 1180309, 'x': 95, 'y': 61}, {'station_cd': 1180310, 'x': 92, 'y': 62}, {'station_cd': 1180311, 'x': 89, 'y': 62}, {'station_cd': 1180312, 'x': 86, 'y': 64}, {'station_cd': 1180313, 'x': 81, 'y': 64}, {'station_cd': 1180314, 'x': 76, 'y': 63}, {'station_cd': 1180315, 'x': 73, 'y': 64}, {'station_cd': 1180316, 'x': 68, 'y': 63}, {'station_cd': 1180317, 'x': 62, 'y': 63}, {'station_cd': 1180318, 'x': 53, 'y': 64}, {'station_cd': 1180319, 'x': 45, 'y': 66}, {'station_cd': 1180320, 'x': 42, 'y': 65}, {'station_cd': 1180321, 'x': 32, 'y': 65}, {'station_cd': 1180322, 'x': 28, 'y': 66}, {'station_cd': 1180323, 'x': 25, 'y': 65}, {'station_cd': 1180324, 'x': 17, 'y': 66}, {'station_cd': 1180325, 'x': 14, 'y': 65}, {'station_cd': 1180326, 'x': 6, 'y': 66}]"
11804,JR牟岐線,"[(1180401, '徳島'), (1180402, '阿波富田'), (1180403, '二軒屋'), (1180404, '文化の森'), (1180405, '地蔵橋'), (1180406, '中田'), (1180407, '南小松島'), (1180408, '阿波赤石'), (1180409, '立江'), (1180410, '羽ノ浦'), (1180411, '西原'), (1180412, '阿波中島'), (1180413, '阿南'), (1180414, '見能林'), (1180415, '阿波橘'), (1180416, '桑野'), (1180417, '新野'), (1180418, '阿波福井'), (1180419, '由岐'), (1180420, '田井ノ浜'), (1180421, '木岐'), (1180422, '北河内'), (1180423, '日和佐'), (1180424, '山河内'), (1180425, '辺川'), (1180426, '牟岐'), (1180427, '鯖瀬'), (1180428, '浅川'), (1180429, '阿波海南')]","312.384,339.867,322.384,354.647","[{'station_cd': 1180401, 'x': 73, 'y': 8}, {'station_cd': 1180402, 'x': 73, 'y': 11}, {'station_cd': 1180403, 'x': 72, 'y': 13}, {'station_cd': 1180404, 'x': 71, 'y': 15}, {'station_cd': 1180405, 'x': 72, 'y': 20}, {'station_cd': 1180406, 'x': 75, 'y': 24}, {'station_cd': 1180407, 'x': 78, 'y': 25}, {'station_cd': 1180408, 'x': 81, 'y': 31}, {'station_cd': 1180409, 'x': 82, 'y': 34}, {'station_cd': 1180410, 'x': 85, 'y': 37}, {'station_cd': 1180411, 'x': 88, 'y': 40}, {'station_cd': 1180412, 'x': 92, 'y': 42}, {'station_cd': 1180413, 'x': 91, 'y': 47}, {'station_cd': 1180414, 'x': 92, 'y': 51}, {'station_cd': 1180415, 'x': 89, 'y': 54}, {'station_cd': 1180416, 'x': 82, 'y': 57}, {'station_cd': 1180417, 'x': 80, 'y': 64}, {'station_cd': 1180418, 'x': 81, 'y': 69}, {'station_cd': 1180419, 'x': 78, 'y': 80}, {'station_cd': 1180420, 'x': 77, 'y': 81}, {'station_cd': 1180421, 'x': 74, 'y': 82}, {'station_cd': 1180422, 'x': 68, 'y': 88}, {'station_cd': 1180423, 'x': 67, 'y': 91}, {'station_cd': 1180424, 'x': 59, 'y': 94}, {'station_cd': 1180425, 'x': 50, 'y': 98}, {'station_cd': 1180426, 'x': 47, 'y': 103}, {'station_cd': 1180427, 'x': 42, 'y': 109}, {'station_cd': 1180428, 'x': 37, 'y': 114}, {'station_cd': 1180429, 'x': 35, 'y': 119}]"
11805,JR鳴門線,"[(1180501, '鳴門'), (1180502, '撫養'), (1180503, '金比羅前'), (1180504, '教会前'), (1180505, '立道'), (1180506, '阿波大谷'), (1180507, '池谷')]","313.766,333.287,323.766,343.287","[{'station_cd': 1180501, 'x': 74, 'y': 60}, {'station_cd': 1180502, 'x': 72, 'y': 62}, {'station_cd': 1180503, 'x': 68, 'y': 63}, {'station_cd': 1180504, 'x': 66, 'y': 64}, {'station_cd': 1180505, 'x': 61, 'y': 65}, {'station_cd': 1180506, 'x': 57, 'y': 66}, {'station_cd': 1180507, 'x': 54, 'y': 68}]"
11806,JR予讃線,"[(1180601, '高松'), (1180602, '香西'), (1180603, '鬼無'), (1180604, '端岡'), (1180605, '国分'), (1180606, '讃岐府中'), (1180607, '鴨川'), (1180608, '八十場'), (1180609, '坂出'), (1180610, '宇多津'), (1180611, '丸亀'), (1180612, '讃岐塩屋'), (1180613, '多度津'), (1180614, '海岸寺'), (1180615, '津島ノ宮'), (1180616, '詫間'), (1180617, 'みの'), (1180618, '高瀬'), (1180619, '比地大'), (1180620, '本山'), (1180621, '観音寺'), (1180622, '豊浜'), (1180623, '箕浦'), (1180624, '川之江'), (1180625, '伊予三島'), (1180626, '伊予寒川'), (1180627, '赤星'), (1180628, '伊予土居'), (1180629, '関川'), (1180630, '多喜浜'), (1180631, '新居浜'), (1180632, '中萩'), (1180633, '伊予西条'), (1180634, '石鎚山'), (1180635, '伊予氷見'), (1180636, '伊予小松'), (1180637, '玉之江'), (1180638, '壬生川'), (1180639, '伊予三芳'), (1180640, '伊予桜井'), (1180641, '伊予富田'), (1180642, '今治'), (1180643, '波止浜'), (1180644, '波方'), (1180645, '大西'), (1180646, '伊予亀岡'), (1180647, '菊間'), (1180648, '浅海'), (1180649, '大浦'), (1180650, '伊予北条'), (1180651, '柳原'), (1180652, '粟井'), (1180653, '光洋台'), (1180654, '堀江'), (1180655, '伊予和気'), (1180656, '三津浜'), (1180657, '松山')]","280.403,329.912,309.753,347.456","[{'station_cd': 1180601, 'x': 122, 'y': 37}, {'station_cd': 1180602, 'x': 119, 'y': 38}, {'station_cd': 1180603, 'x': 117, 'y': 40}, {'station_cd': 1180604, 'x': 115, 'y': 42}, {'station_cd': 1180605, 'x': 113, 'y': 42}, {'station_cd': 1180606, 'x': 111, 'y': 43}, {'station_cd': 1180607, 'x': 110, 'y': 41}, {'station_cd': 1180608, 'x': 108, 'y': 40}, {'station_cd': 1180609, 'x': 105, 'y': 40}, {'station_cd': 1180610, 'x': 102, 'y': 41}, {'station_cd': 1180611, 'x': 100, 'y': 42}, {'station_cd': 1180612, 'x': 98, 'y': 43}, {'station_cd': 1180613, 'x': 97, 'y': 45}, {'station_cd': 1180614, 'x': 94, 'y': 47}, {'station_cd': 1180615, 'x': 92, 'y': 49}, {'station_cd': 1180616, 'x': 91, 'y': 50}, {'station_cd': 1180617, 'x': 92, 'y': 52}, {'station_cd': 1180618, 'x': 92, 'y': 55}, {'station_cd': 1180619, 'x': 91, 'y': 57}, {'station_cd': 1180620, 'x': 90, 'y': 60}, {'station_cd': 1180621, 'x': 87, 'y': 62}, {'station_cd': 1180622, 'x': 86, 'y': 67}, {'station_cd': 1180623, 'x': 84, 'y': 71}, {'station_cd': 1180624, 'x': 80, 'y': 75}, {'station_cd': 1180625, 'x': 77, 'y': 79}, {'station_cd': 1180626, 'x': 73, 'y': 80}, {'station_cd': 1180627, 'x': 70, 'y': 80}, {'station_cd': 1180628, 'x': 67, 'y': 81}, {'station_cd': 1180629, 'x': 64, 'y': 81}, {'station_cd': 1180630, 'x': 58, 'y': 79}, {'station_cd': 1180631, 'x': 56, 'y': 81}, {'station_cd': 1180632, 'x': 52, 'y': 84}, {'station_cd': 1180633, 'x': 46, 'y': 85}, {'station_cd': 1180634, 'x': 43, 'y': 87}, {'station_cd': 1180635, 'x': 41, 'y': 87}, {'station_cd': 1180636, 'x': 40, 'y': 86}, {'station_cd': 1180637, 'x': 38, 'y': 84}, {'station_cd': 1180638, 'x': 37, 'y': 82}, {'station_cd': 1180639, 'x': 35, 'y': 79}, {'station_cd': 1180640, 'x': 33, 'y': 72}, {'station_cd': 1180641, 'x': 31, 'y': 69}, {'station_cd': 1180642, 'x': 30, 'y': 66}, {'station_cd': 1180643, 'x': 27, 'y': 61}, {'station_cd': 1180644, 'x': 25, 'y': 61}, {'station_cd': 1180645, 'x': 24, 'y': 65}, {'station_cd': 1180646, 'x': 19, 'y': 66}, {'station_cd': 1180647, 'x': 16, 'y': 68}, {'station_cd': 1180648, 'x': 13, 'y': 71}, {'station_cd': 1180649, 'x': 10, 'y': 72}, {'station_cd': 1180650, 'x': 10, 'y': 75}, {'station_cd': 1180651, 'x': 10, 'y': 78}, {'station_cd': 1180652, 'x': 10, 'y': 79}, {'station_cd': 1180653, 'x': 9, 'y': 81}, {'station_cd': 1180654, 'x': 8, 'y': 83}, {'station_cd': 1180655, 'x': 7, 'y': 85}, {'station_cd': 1180656, 'x': 6, 'y': 89}, {'station_cd': 1180657, 'x': 8, 'y': 91}]"
11807,JR予讃・内子線,"[(1180701, '松山'), (1180702, '市坪'), (1180703, '北伊予'), (1180741, '南伊予'), (1180704, '伊予横田'), (1180705, '鳥ノ木'), (1180706, '伊予市'), (1180707, '向井原'), (1180708, '伊予大平'), (1180709, '伊予中山'), (1180710, '伊予立川'), (1180711, '内子'), (1180712, '五十崎'), (1180713, '喜多山'), (1180714, '新谷'), (1180715, '高野川'), (1180716, '伊予上灘'), (1180717, '下灘'), (1180718, '串'), (1180719, '喜多灘'), (1180720, '伊予長浜'), (1180721, '伊予出石'), (1180722, '伊予白滝'), (1180723, '八多喜'), (1180724, '春賀'), (1180725, '五郎'), (1180726, '伊予大洲'), (1180727, '西大洲'), (1180728, '伊予平野'), (1180729, '千丈'), (1180730, '八幡浜'), (1180731, '双岩'), (1180732, '伊予石城'), (1180733, '上宇和'), (1180734, '卯之町'), (1180735, '下宇和'), (1180736, '立間'), (1180737, '伊予吉田'), (1180738, '高光'), (1180739, '北宇和島'), (1180740, '宇和島')]","273.858,343.648,283.858,362.890","[{'station_cd': 1180701, 'x': 86, 'y': 9}, {'station_cd': 1180702, 'x': 86, 'y': 14}, {'station_cd': 1180703, 'x': 86, 'y': 18}, {'station_cd': 1180741, 'x': 84, 'y': 20}, {'station_cd': 1180704, 'x': 83, 'y': 21}, {'station_cd': 1180705, 'x': 81, 'y': 22}, {'station_cd': 1180706, 'x': 79, 'y': 24}, {'station_cd': 1180707, 'x': 78, 'y': 27}, {'station_cd': 1180708, 'x': 80, 'y': 31}, {'station_cd': 1180709, 'x': 80, 'y': 43}, {'station_cd': 1180710, 'x': 75, 'y': 52}, {'station_cd': 1180711, 'x': 71, 'y': 61}, {'station_cd': 1180712, 'x': 70, 'y': 63}, {'station_cd': 1180713, 'x': 66, 'y': 64}, {'station_cd': 1180714, 'x': 65, 'y': 64}, {'station_cd': 1180715, 'x': 73, 'y': 33}, {'station_cd': 1180716, 'x': 70, 'y': 36}, {'station_cd': 1180717, 'x': 64, 'y': 41}, {'station_cd': 1180718, 'x': 60, 'y': 43}, {'station_cd': 1180719, 'x': 56, 'y': 44}, {'station_cd': 1180720, 'x': 50, 'y': 48}, {'station_cd': 1180721, 'x': 52, 'y': 51}, {'station_cd': 1180722, 'x': 55, 'y': 55}, {'station_cd': 1180723, 'x': 57, 'y': 58}, {'station_cd': 1180724, 'x': 59, 'y': 59}, {'station_cd': 1180725, 'x': 61, 'y': 62}, {'station_cd': 1180726, 'x': 57, 'y': 66}, {'station_cd': 1180727, 'x': 55, 'y': 68}, {'station_cd': 1180728, 'x': 54, 'y': 70}, {'station_cd': 1180729, 'x': 46, 'y': 75}, {'station_cd': 1180730, 'x': 43, 'y': 76}, {'station_cd': 1180731, 'x': 46, 'y': 83}, {'station_cd': 1180732, 'x': 47, 'y': 89}, {'station_cd': 1180733, 'x': 51, 'y': 91}, {'station_cd': 1180734, 'x': 52, 'y': 95}, {'station_cd': 1180735, 'x': 55, 'y': 97}, {'station_cd': 1180736, 'x': 56, 'y': 107}, {'station_cd': 1180737, 'x': 56, 'y': 112}, {'station_cd': 1180738, 'x': 60, 'y': 115}, {'station_cd': 1180739, 'x': 60, 'y': 118}, {'station_cd': 1180740, 'x': 59, 'y': 121}]"
11808,しまんとグリーンライン,"[(1180801, '窪川'), (1180802, '若井'), (1180803, '家地川'), (1180804, '打井川'), (1180805, '土佐大正'), (1180806, '土佐昭和'), (1180807, '十川'), (1180808, '半家'), (1180809, '江川崎'), (1180810, '西ケ方'), (1180811, '真土'), (1180812, '吉野生'), (1180813, '松丸'), (1180814, '出目'), (1180815, '近永'), (1180816, '深田'), (1180817, '大内'), (1180818, '二名'), (1180819, '伊予宮野下'), (1180820, '務田'), (1180821, '北宇和島'), (1180822, '宇和島')]","277.549,357.130,290.181,367.130","[{'station_cd': 1180801, 'x': 122, 'y': 72}, {'station_cd': 1180802, 'x': 115, 'y': 78}, {'station_cd': 1180803, 'x': 109, 'y': 85}, {'station_cd': 1180804, 'x': 100, 'y': 81}, {'station_cd': 1180805, 'x': 89, 'y': 75}, {'station_cd': 1180806, 'x': 73, 'y': 66}, {'station_cd': 1180807, 'x': 65, 'y': 62}, {'station_cd': 1180808, 'x': 51, 'y': 70}, {'station_cd': 1180809, 'x': 50, 'y': 77}, {'station_cd': 1180810, 'x': 47, 'y': 74}, {'station_cd': 1180811, 'x': 42, 'y': 63}, {'station_cd': 1180812, 'x': 39, 'y': 63}, {'station_cd': 1180813, 'x': 35, 'y': 62}, {'station_cd': 1180814, 'x': 32, 'y': 55}, {'station_cd': 1180815, 'x': 28, 'y': 53}, {'station_cd': 1180816, 'x': 25, 'y': 50}, {'station_cd': 1180817, 'x': 22, 'y': 44}, {'station_cd': 1180818, 'x': 19, 'y': 43}, {'station_cd': 1180819, 'x': 14, 'y': 43}, {'station_cd': 1180820, 'x': 13, 'y': 45}, {'station_cd': 1180821, 'x': 7, 'y': 57}, {'station_cd': 1180822, 'x': 6, 'y': 60}]"
11901,JR博多南線,"[(1190101, '博多'), (1190102, '博多南')]","230.518,344.812,240.518,354.812","[{'station_cd': 1190101, 'x': 62, 'y': 51}, {'station_cd': 1190102, 'x': 66, 'y': 77}]"
11902,JR鹿児島本線(下関・門司港～博多),"[(1190201, '下関'), (1190202, '門司港'), (1190203, '小森江'), (1190204, '門司'), (1190205, '小倉'), (1190206, '西小倉'), (1190207, '九州工大前'), (1190208, '戸畑'), (1190209, '枝光'), (1190210, 'スペースワールド'), (1190211, '八幡'), (1190212, '黒崎'), (1190213, '陣原'), (1190214, '折尾'), (1190215, '水巻'), (1190216, '遠賀川'), (1190217, '海老津'), (1190218, '教育大前'), (1190219, '赤間'), (1190220, '東郷'), (1190221, '東福間'), (1190222, '福間'), (1190223, '千鳥'), (1190224, '古賀'), (1190232, 'ししぶ'), (1190233, '新宮中央'), (1190225, '福工大前'), (1190226, '九産大前'), (1190227, '香椎'), (1190228, '千早'), (1190229, '箱崎'), (1190230, '吉塚'), (1190231, '博多')]","234.823,338.245,246.962,350.053","[{'station_cd': 1190201, 'x': 114, 'y': 14}, {'station_cd': 1190202, 'x': 122, 'y': 16}, {'station_cd': 1190203, 'x': 117, 'y': 25}, {'station_cd': 1190204, 'x': 116, 'y': 28}, {'station_cd': 1190205, 'x': 105, 'y': 33}, {'station_cd': 1190206, 'x': 103, 'y': 32}, {'station_cd': 1190207, 'x': 96, 'y': 28}, {'station_cd': 1190208, 'x': 92, 'y': 29}, {'station_cd': 1190209, 'x': 90, 'y': 34}, {'station_cd': 1190210, 'x': 89, 'y': 36}, {'station_cd': 1190211, 'x': 87, 'y': 37}, {'station_cd': 1190212, 'x': 80, 'y': 37}, {'station_cd': 1190213, 'x': 75, 'y': 36}, {'station_cd': 1190214, 'x': 69, 'y': 37}, {'station_cd': 1190215, 'x': 65, 'y': 40}, {'station_cd': 1190216, 'x': 61, 'y': 41}, {'station_cd': 1190217, 'x': 50, 'y': 43}, {'station_cd': 1190218, 'x': 43, 'y': 51}, {'station_cd': 1190219, 'x': 39, 'y': 51}, {'station_cd': 1190220, 'x': 30, 'y': 55}, {'station_cd': 1190221, 'x': 26, 'y': 60}, {'station_cd': 1190222, 'x': 21, 'y': 63}, {'station_cd': 1190223, 'x': 19, 'y': 67}, {'station_cd': 1190224, 'x': 16, 'y': 72}, {'station_cd': 1190232, 'x': 15, 'y': 75}, {'station_cd': 1190233, 'x': 13, 'y': 78}, {'station_cd': 1190225, 'x': 11, 'y': 81}, {'station_cd': 1190226, 'x': 11, 'y': 89}, {'station_cd': 1190227, 'x': 11, 'y': 93}, {'station_cd': 1190228, 'x': 10, 'y': 96}, {'station_cd': 1190229, 'x': 7, 'y': 105}, {'station_cd': 1190230, 'x': 7, 'y': 108}, {'station_cd': 1190231, 'x': 6, 'y': 113}]"
11903,JR鹿児島本線(博多～八代),"[(1190301, '博多'), (1190302, '竹下'), (1190303, '笹原'), (1190304, '南福岡'), (1190305, '春日'), (1190306, '大野城'), (1190307, '水城'), (1190308, '都府楼南'), (1190309, '二日市'), (1190310, '天拝山'), (1190311, '原田'), (1190312, 'けやき台'), (1190313, '基山'), (1190314, '弥生が丘'), (1190315, '田代'), (1190316, '鳥栖'), (1190317, '肥前旭'), (1190318, '久留米'), (1190319, '荒木'), (1190320, '西牟田'), (1190321, '羽犬塚'), (1190322, '筑後船小屋'), (1190323, '瀬高'), (1190324, '南瀬高'), (1190325, '渡瀬'), (1190326, '吉野'), (1190327, '銀水'), (1190328, '大牟田'), (1190329, '荒尾'), (1190330, '南荒尾'), (1190331, '長洲'), (1190332, '大野下'), (1190333, '玉名'), (1190334, '肥後伊倉'), (1190335, '木葉'), (1190336, '田原坂'), (1190337, '植木'), (1190338, '西里'), (1190339, '崇城大学前'), (1190340, '上熊本'), (1190341, '熊本'), (1190351, '西熊本'), (1190342, '川尻'), (1190350, '富合'), (1190343, '宇土'), (1190344, '松橋'), (1190345, '小川'), (1190346, '有佐'), (1190347, '千丁'), (1190348, '新八代'), (1190349, '八代')]","232.866,347.271,242.866,380.896","[{'station_cd': 1190301, 'x': 55, 'y': 6}, {'station_cd': 1190302, 'x': 55, 'y': 8}, {'station_cd': 1190303, 'x': 57, 'y': 10}, {'station_cd': 1190304, 'x': 57, 'y': 11}, {'station_cd': 1190305, 'x': 58, 'y': 12}, {'station_cd': 1190306, 'x': 59, 'y': 13}, {'station_cd': 1190307, 'x': 60, 'y': 14}, {'station_cd': 1190308, 'x': 61, 'y': 15}, {'station_cd': 1190309, 'x': 62, 'y': 16}, {'station_cd': 1190310, 'x': 63, 'y': 18}, {'station_cd': 1190311, 'x': 63, 'y': 21}, {'station_cd': 1190312, 'x': 63, 'y': 23}, {'station_cd': 1190313, 'x': 63, 'y': 24}, {'station_cd': 1190314, 'x': 62, 'y': 26}, {'station_cd': 1190315, 'x': 62, 'y': 28}, {'station_cd': 1190316, 'x': 62, 'y': 29}, {'station_cd': 1190317, 'x': 60, 'y': 32}, {'station_cd': 1190318, 'x': 60, 'y': 35}, {'station_cd': 1190319, 'x': 60, 'y': 39}, {'station_cd': 1190320, 'x': 60, 'y': 43}, {'station_cd': 1190321, 'x': 60, 'y': 46}, {'station_cd': 1190322, 'x': 59, 'y': 50}, {'station_cd': 1190323, 'x': 59, 'y': 52}, {'station_cd': 1190324, 'x': 57, 'y': 54}, {'station_cd': 1190325, 'x': 56, 'y': 58}, {'station_cd': 1190326, 'x': 57, 'y': 60}, {'station_cd': 1190327, 'x': 56, 'y': 63}, {'station_cd': 1190328, 'x': 55, 'y': 65}, {'station_cd': 1190329, 'x': 54, 'y': 69}, {'station_cd': 1190330, 'x': 54, 'y': 72}, {'station_cd': 1190331, 'x': 56, 'y': 75}, {'station_cd': 1190332, 'x': 59, 'y': 77}, {'station_cd': 1190333, 'x': 63, 'y': 77}, {'station_cd': 1190334, 'x': 66, 'y': 78}, {'station_cd': 1190335, 'x': 69, 'y': 78}, {'station_cd': 1190336, 'x': 71, 'y': 80}, {'station_cd': 1190337, 'x': 73, 'y': 82}, {'station_cd': 1190338, 'x': 74, 'y': 85}, {'station_cd': 1190339, 'x': 74, 'y': 88}, {'station_cd': 1190340, 'x': 74, 'y': 89}, {'station_cd': 1190341, 'x': 73, 'y': 92}, {'station_cd': 1190351, 'x': 73, 'y': 95}, {'station_cd': 1190342, 'x': 72, 'y': 97}, {'station_cd': 1190350, 'x': 72, 'y': 100}, {'station_cd': 1190343, 'x': 72, 'y': 102}, {'station_cd': 1190344, 'x': 72, 'y': 106}, {'station_cd': 1190345, 'x': 73, 'y': 112}, {'station_cd': 1190346, 'x': 71, 'y': 116}, {'station_cd': 1190347, 'x': 69, 'y': 119}, {'station_cd': 1190348, 'x': 69, 'y': 120}, {'station_cd': 1190349, 'x': 68, 'y': 122}]"
11904,JR鹿児島本線(川内～鹿児島),"[(1190401, '川内'), (1190402, '隈之城'), (1190403, '木場茶屋'), (1190404, '串木野'), (1190414, '神村学園前'), (1190405, '市来'), (1190406, '湯之元'), (1190407, '東市来'), (1190408, '伊集院'), (1190409, '薩摩松元'), (1190410, '上伊集院'), (1190413, '広木'), (1190411, '鹿児島中央'), (1190412, '鹿児島')]","229.278,396.475,239.278,406.475","[{'station_cd': 1190401, 'x': 37, 'y': 20}, {'station_cd': 1190402, 'x': 36, 'y': 27}, {'station_cd': 1190403, 'x': 36, 'y': 37}, {'station_cd': 1190404, 'x': 27, 'y': 52}, {'station_cd': 1190414, 'x': 29, 'y': 59}, {'station_cd': 1190405, 'x': 34, 'y': 64}, {'station_cd': 1190406, 'x': 43, 'y': 70}, {'station_cd': 1190407, 'x': 45, 'y': 77}, {'station_cd': 1190408, 'x': 57, 'y': 87}, {'station_cd': 1190409, 'x': 68, 'y': 96}, {'station_cd': 1190410, 'x': 74, 'y': 101}, {'station_cd': 1190413, 'x': 85, 'y': 108}, {'station_cd': 1190411, 'x': 95, 'y': 106}, {'station_cd': 1190412, 'x': 100, 'y': 100}]"
11905,JR長崎本線(鳥栖～長崎),"[(1190501, '鳥栖'), (1190542, '新鳥栖'), (1190502, '肥前麓'), (1190503, '中原'), (1190504, '吉野ケ里公園'), (1190505, '神埼'), (1190506, '伊賀屋'), (1190507, '佐賀'), (1190508, '鍋島'), (1190509, 'バルーンさが'), (1190510, '久保田'), (1190511, '牛津'), (1190512, '江北'), (1190513, '肥前白石'), (1190514, '肥前竜王'), (1190515, '肥前鹿島'), (1190516, '肥前浜'), (1190517, '肥前七浦'), (1190518, '肥前飯田'), (1190519, '多良'), (1190520, '肥前大浦'), (1190521, '小長井'), (1190522, '長里'), (1190523, '湯江'), (1190524, '小江'), (1190525, '肥前長田'), (1190526, '東諫早'), (1190527, '諫早'), (1190528, '西諫早'), (1190529, '喜々津'), (1190530, '市布'), (1190531, '肥前古賀'), (1190532, '現川'), (1190533, '東園'), (1190534, '大草'), (1190535, '本川内'), (1190536, '長与'), (1190537, '高田'), (1190538, '道ノ尾'), (1190539, '西浦上'), (1190540, '浦上'), (1190541, '長崎')]","222.850,353.148,237.915,373.115","[{'station_cd': 1190501, 'x': 108, 'y': 11}, {'station_cd': 1190542, 'x': 104, 'y': 12}, {'station_cd': 1190502, 'x': 102, 'y': 13}, {'station_cd': 1190503, 'x': 98, 'y': 16}, {'station_cd': 1190504, 'x': 92, 'y': 19}, {'station_cd': 1190505, 'x': 89, 'y': 21}, {'station_cd': 1190506, 'x': 84, 'y': 25}, {'station_cd': 1190507, 'x': 79, 'y': 29}, {'station_cd': 1190508, 'x': 75, 'y': 30}, {'station_cd': 1190509, 'x': 73, 'y': 30}, {'station_cd': 1190510, 'x': 70, 'y': 30}, {'station_cd': 1190511, 'x': 67, 'y': 31}, {'station_cd': 1190512, 'x': 61, 'y': 36}, {'station_cd': 1190513, 'x': 58, 'y': 42}, {'station_cd': 1190514, 'x': 56, 'y': 49}, {'station_cd': 1190515, 'x': 53, 'y': 54}, {'station_cd': 1190516, 'x': 55, 'y': 58}, {'station_cd': 1190517, 'x': 59, 'y': 62}, {'station_cd': 1190518, 'x': 60, 'y': 65}, {'station_cd': 1190519, 'x': 63, 'y': 71}, {'station_cd': 1190520, 'x': 66, 'y': 80}, {'station_cd': 1190521, 'x': 64, 'y': 89}, {'station_cd': 1190522, 'x': 61, 'y': 90}, {'station_cd': 1190523, 'x': 58, 'y': 92}, {'station_cd': 1190524, 'x': 54, 'y': 94}, {'station_cd': 1190525, 'x': 50, 'y': 99}, {'station_cd': 1190526, 'x': 47, 'y': 100}, {'station_cd': 1190527, 'x': 45, 'y': 101}, {'station_cd': 1190528, 'x': 42, 'y': 102}, {'station_cd': 1190529, 'x': 38, 'y': 103}, {'station_cd': 1190530, 'x': 35, 'y': 106}, {'station_cd': 1190531, 'x': 33, 'y': 109}, {'station_cd': 1190532, 'x': 30, 'y': 110}, {'station_cd': 1190533, 'x': 35, 'y': 101}, {'station_cd': 1190534, 'x': 32, 'y': 98}, {'station_cd': 1190535, 'x': 26, 'y': 103}, {'station_cd': 1190536, 'x': 24, 'y': 105}, {'station_cd': 1190537, 'x': 22, 'y': 105}, {'station_cd': 1190538, 'x': 20, 'y': 107}, {'station_cd': 1190539, 'x': 21, 'y': 110}, {'station_cd': 1190540, 'x': 21, 'y': 114}, {'station_cd': 1190541, 'x': 22, 'y': 117}]"
11906,JR日豊本線(門司港～佐伯),"[(1190601, '門司港'), (1190602, '小森江'), (1190603, '門司'), (1190604, '小倉'), (1190605, '西小倉'), (1190606, '南小倉'), (1190607, '城野'), (1190608, '安部山公園'), (1190609, '下曽根'), (1190610, '朽網'), (1190611, '苅田'), (1190612, '小波瀬西工大前'), (1190613, '行橋'), (1190614, '南行橋'), (1190615, '新田原'), (1190616, '築城'), (1190617, '椎田'), (1190618, '豊前松江'), (1190619, '宇島'), (1190620, '三毛門'), (1190621, '吉富'), (1190622, '中津'), (1190623, '東中津'), (1190624, '今津'), (1190625, '天津'), (1190626, '豊前善光寺'), (1190627, '柳ケ浦'), (1190628, '豊前長洲'), (1190629, '宇佐'), (1190630, '西屋敷'), (1190631, '立石'), (1190632, '中山香'), (1190633, '杵築'), (1190634, '大神'), (1190635, '日出'), (1190636, '暘谷'), (1190637, '豊後豊岡'), (1190638, '亀川'), (1190639, '別府大学'), (1190640, '別府'), (1190641, '東別府'), (1190642, '西大分'), (1190643, '大分'), (1190644, '牧'), (1190645, '高城'), (1190646, '鶴崎'), (1190647, '大在'), (1190648, '坂ノ市'), (1190649, '幸崎'), (1190650, '佐志生'), (1190651, '下ノ江'), (1190652, '熊崎'), (1190653, '上臼杵'), (1190654, '臼杵'), (1190655, '津久見'), (1190656, '日代'), (1190657, '浅海井'), (1190658, '狩生'), (1190659, '海崎'), (1190660, '佐伯')]","242.839,338.093,266.668,369.375","[{'station_cd': 1190601, 'x': 30, 'y': 6}, {'station_cd': 1190602, 'x': 28, 'y': 9}, {'station_cd': 1190603, 'x': 27, 'y': 11}, {'station_cd': 1190604, 'x': 23, 'y': 13}, {'station_cd': 1190605, 'x': 23, 'y': 12}, {'station_cd': 1190606, 'x': 22, 'y': 14}, {'station_cd': 1190607, 'x': 23, 'y': 16}, {'station_cd': 1190608, 'x': 25, 'y': 18}, {'station_cd': 1190609, 'x': 27, 'y': 19}, {'station_cd': 1190610, 'x': 29, 'y': 22}, {'station_cd': 1190611, 'x': 31, 'y': 25}, {'station_cd': 1190612, 'x': 30, 'y': 28}, {'station_cd': 1190613, 'x': 30, 'y': 31}, {'station_cd': 1190614, 'x': 31, 'y': 32}, {'station_cd': 1190615, 'x': 33, 'y': 35}, {'station_cd': 1190616, 'x': 35, 'y': 38}, {'station_cd': 1190617, 'x': 37, 'y': 40}, {'station_cd': 1190618, 'x': 40, 'y': 44}, {'station_cd': 1190619, 'x': 43, 'y': 44}, {'station_cd': 1190620, 'x': 45, 'y': 45}, {'station_cd': 1190621, 'x': 46, 'y': 46}, {'station_cd': 1190622, 'x': 48, 'y': 47}, {'station_cd': 1190623, 'x': 52, 'y': 48}, {'station_cd': 1190624, 'x': 54, 'y': 50}, {'station_cd': 1190625, 'x': 56, 'y': 51}, {'station_cd': 1190626, 'x': 59, 'y': 51}, {'station_cd': 1190627, 'x': 62, 'y': 52}, {'station_cd': 1190628, 'x': 64, 'y': 52}, {'station_cd': 1190629, 'x': 66, 'y': 56}, {'station_cd': 1190630, 'x': 67, 'y': 59}, {'station_cd': 1190631, 'x': 71, 'y': 62}, {'station_cd': 1190632, 'x': 73, 'y': 66}, {'station_cd': 1190633, 'x': 79, 'y': 70}, {'station_cd': 1190634, 'x': 79, 'y': 74}, {'station_cd': 1190635, 'x': 76, 'y': 75}, {'station_cd': 1190636, 'x': 75, 'y': 75}, {'station_cd': 1190637, 'x': 73, 'y': 76}, {'station_cd': 1190638, 'x': 72, 'y': 79}, {'station_cd': 1190639, 'x': 72, 'y': 81}, {'station_cd': 1190640, 'x': 72, 'y': 85}, {'station_cd': 1190641, 'x': 73, 'y': 86}, {'station_cd': 1190642, 'x': 79, 'y': 89}, {'station_cd': 1190643, 'x': 81, 'y': 91}, {'station_cd': 1190644, 'x': 84, 'y': 91}, {'station_cd': 1190645, 'x': 85, 'y': 90}, {'station_cd': 1190646, 'x': 88, 'y': 90}, {'station_cd': 1190647, 'x': 90, 'y': 90}, {'station_cd': 1190648, 'x': 93, 'y': 91}, {'station_cd': 1190649, 'x': 97, 'y': 92}, {'station_cd': 1190650, 'x': 98, 'y': 99}, {'station_cd': 1190651, 'x': 98, 'y': 100}, {'station_cd': 1190652, 'x': 96, 'y': 103}, {'station_cd': 1190653, 'x': 96, 'y': 106}, {'station_cd': 1190654, 'x': 97, 'y': 105}, {'station_cd': 1190655, 'x': 102, 'y': 110}, {'station_cd': 1190656, 'x': 106, 'y': 112}, {'station_cd': 1190657, 'x': 106, 'y': 114}, {'station_cd': 1190658, 'x': 105, 'y': 117}, {'station_cd': 1190659, 'x': 104, 'y': 119}, {'station_cd': 1190660, 'x': 105, 'y': 122}]"
11907,JR日豊本線(佐伯～鹿児島中央),"[(1190701, '佐伯'), (1190702, '上岡'), (1190703, '直見'), (1190704, '直川'), (1190705, '重岡'), (1190706, '宗太郎'), (1190707, '市棚'), (1190708, '北川'), (1190709, '日向長井'), (1190710, '北延岡'), (1190711, '延岡'), (1190712, '南延岡'), (1190713, '旭ケ丘'), (1190714, '土々呂'), (1190715, '門川'), (1190716, '日向市'), (1190717, '財光寺'), (1190718, '南日向'), (1190719, '美々津'), (1190720, '東都農'), (1190721, '都農'), (1190722, '川南'), (1190723, '高鍋'), (1190724, '日向新富'), (1190725, '佐土原'), (1190726, '日向住吉'), (1190727, '蓮ケ池'), (1190728, '宮崎神宮'), (1190729, '宮崎'), (1190730, '南宮崎'), (1190731, '加納'), (1190732, '清武'), (1190733, '日向沓掛'), (1190734, '田野'), (1190735, '青井岳'), (1190736, '山之口'), (1190737, '餅原'), (1190738, '三股'), (1190739, '都城'), (1190740, '西都城'), (1190741, '五十市'), (1190742, '財部'), (1190743, '北俣'), (1190744, '大隅大川原'), (1190745, '北永野田'), (1190746, '霧島神宮'), (1190747, '国分'), (1190748, '隼人'), (1190749, '加治木'), (1190750, '錦江'), (1190751, '帖佐'), (1190752, '姶良'), (1190753, '重富'), (1190754, '竜ケ水'), (1190757, '仙巌園'), (1190755, '鹿児島'), (1190756, '鹿児島中央')]","235.267,364.106,266.088,408.562","[{'station_cd': 1190701, 'x': 104, 'y': 11}, {'station_cd': 1190702, 'x': 102, 'y': 12}, {'station_cd': 1190703, 'x': 99, 'y': 14}, {'station_cd': 1190704, 'x': 97, 'y': 16}, {'station_cd': 1190705, 'x': 93, 'y': 21}, {'station_cd': 1190706, 'x': 93, 'y': 25}, {'station_cd': 1190707, 'x': 93, 'y': 30}, {'station_cd': 1190708, 'x': 92, 'y': 33}, {'station_cd': 1190709, 'x': 92, 'y': 35}, {'station_cd': 1190710, 'x': 92, 'y': 38}, {'station_cd': 1190711, 'x': 90, 'y': 41}, {'station_cd': 1190712, 'x': 91, 'y': 43}, {'station_cd': 1190713, 'x': 91, 'y': 46}, {'station_cd': 1190714, 'x': 91, 'y': 47}, {'station_cd': 1190715, 'x': 89, 'y': 50}, {'station_cd': 1190716, 'x': 88, 'y': 54}, {'station_cd': 1190717, 'x': 88, 'y': 55}, {'station_cd': 1190718, 'x': 88, 'y': 58}, {'station_cd': 1190719, 'x': 86, 'y': 62}, {'station_cd': 1190720, 'x': 85, 'y': 64}, {'station_cd': 1190721, 'x': 84, 'y': 67}, {'station_cd': 1190722, 'x': 83, 'y': 72}, {'station_cd': 1190723, 'x': 82, 'y': 78}, {'station_cd': 1190724, 'x': 80, 'y': 82}, {'station_cd': 1190725, 'x': 78, 'y': 85}, {'station_cd': 1190726, 'x': 77, 'y': 88}, {'station_cd': 1190727, 'x': 76, 'y': 90}, {'station_cd': 1190728, 'x': 75, 'y': 92}, {'station_cd': 1190729, 'x': 76, 'y': 94}, {'station_cd': 1190730, 'x': 75, 'y': 95}, {'station_cd': 1190731, 'x': 74, 'y': 97}, {'station_cd': 1190732, 'x': 73, 'y': 98}, {'station_cd': 1190733, 'x': 70, 'y': 99}, {'station_cd': 1190734, 'x': 68, 'y': 100}, {'station_cd': 1190735, 'x': 63, 'y': 100}, {'station_cd': 1190736, 'x': 59, 'y': 103}, {'station_cd': 1190737, 'x': 58, 'y': 105}, {'station_cd': 1190738, 'x': 57, 'y': 107}, {'station_cd': 1190739, 'x': 55, 'y': 107}, {'station_cd': 1190740, 'x': 54, 'y': 108}, {'station_cd': 1190741, 'x': 52, 'y': 108}, {'station_cd': 1190742, 'x': 50, 'y': 107}, {'station_cd': 1190743, 'x': 48, 'y': 106}, {'station_cd': 1190744, 'x': 46, 'y': 103}, {'station_cd': 1190745, 'x': 43, 'y': 102}, {'station_cd': 1190746, 'x': 41, 'y': 99}, {'station_cd': 1190747, 'x': 37, 'y': 105}, {'station_cd': 1190748, 'x': 35, 'y': 105}, {'station_cd': 1190749, 'x': 31, 'y': 105}, {'station_cd': 1190750, 'x': 30, 'y': 105}, {'station_cd': 1190751, 'x': 29, 'y': 106}, {'station_cd': 1190752, 'x': 29, 'y': 107}, {'station_cd': 1190753, 'x': 28, 'y': 108}, {'station_cd': 1190754, 'x': 27, 'y': 112}, {'station_cd': 1190757, 'x': 26, 'y': 114}, {'station_cd': 1190755, 'x': 25, 'y': 116}, {'station_cd': 1190756, 'x': 24, 'y': 117}]"
11908,福北ゆたか線,"[(1190801, '桂川'), (1190802, '筑前大分'), (1190803, '九郎原'), (1190804, '城戸南蔵院前'), (1190805, '筑前山手'), (1190806, '篠栗'), (1190807, '門松'), (1190808, '長者原'), (1190809, '原町'), (1190810, '柚須'), (1190811, '吉塚'), (1190812, '博多')]","232.807,343.560,242.807,353.560","[{'station_cd': 1190801, 'x': 95, 'y': 73}, {'station_cd': 1190802, 'x': 87, 'y': 71}, {'station_cd': 1190803, 'x': 82, 'y': 69}, {'station_cd': 1190804, 'x': 72, 'y': 60}, {'station_cd': 1190805, 'x': 68, 'y': 58}, {'station_cd': 1190806, 'x': 60, 'y': 57}, {'station_cd': 1190807, 'x': 53, 'y': 57}, {'station_cd': 1190808, 'x': 48, 'y': 60}, {'station_cd': 1190809, 'x': 46, 'y': 60}, {'station_cd': 1190810, 'x': 39, 'y': 59}, {'station_cd': 1190811, 'x': 34, 'y': 61}, {'station_cd': 1190812, 'x': 33, 'y': 67}]"
11909,JR筑肥線(姪浜～西唐津),"[(1190901, '姪浜'), (1190902, '下山門'), (1190903, '今宿'), (1190904, '九大学研都市'), (1190905, '周船寺'), (1190906, '波多江'), (1190921, '糸島高校前'), (1190907, '筑前前原'), (1190908, '美咲が丘'), (1190909, '加布里'), (1190910, '一貴山'), (1190911, '筑前深江'), (1190912, '大入'), (1190913, '福吉'), (1190914, '鹿家'), (1190915, '浜崎'), (1190916, '虹ノ松原'), (1190917, '東唐津'), (1190918, '和多田'), (1190919, '唐津'), (1190920, '西唐津')]","224.740,345.642,234.740,355.642","[{'station_cd': 1190901, 'x': 112, 'y': 41}, {'station_cd': 1190902, 'x': 107, 'y': 41}, {'station_cd': 1190903, 'x': 98, 'y': 42}, {'station_cd': 1190904, 'x': 95, 'y': 42}, {'station_cd': 1190905, 'x': 91, 'y': 44}, {'station_cd': 1190906, 'x': 86, 'y': 46}, {'station_cd': 1190921, 'x': 82, 'y': 47}, {'station_cd': 1190907, 'x': 79, 'y': 48}, {'station_cd': 1190908, 'x': 75, 'y': 51}, {'station_cd': 1190909, 'x': 73, 'y': 53}, {'station_cd': 1190910, 'x': 71, 'y': 56}, {'station_cd': 1190911, 'x': 63, 'y': 62}, {'station_cd': 1190912, 'x': 55, 'y': 64}, {'station_cd': 1190913, 'x': 48, 'y': 66}, {'station_cd': 1190914, 'x': 40, 'y': 72}, {'station_cd': 1190915, 'x': 37, 'y': 85}, {'station_cd': 1190916, 'x': 31, 'y': 87}, {'station_cd': 1190917, 'x': 26, 'y': 87}, {'station_cd': 1190918, 'x': 22, 'y': 87}, {'station_cd': 1190919, 'x': 19, 'y': 84}, {'station_cd': 1190920, 'x': 17, 'y': 78}]"
11910,若松線,"[(1191001, '若松'), (1191002, '藤ノ木'), (1191003, '奥洞海'), (1191004, '二島'), (1191005, '本城'), (1191006, '折尾')]","237.330,336.120,247.330,346.120","[{'station_cd': 1191001, 'x': 76, 'y': 58}, {'station_cd': 1191002, 'x': 70, 'y': 60}, {'station_cd': 1191003, 'x': 65, 'y': 62}, {'station_cd': 1191004, 'x': 61, 'y': 61}, {'station_cd': 1191005, 'x': 55, 'y': 66}, {'station_cd': 1191006, 'x': 52, 'y': 70}]"
11911,福北ゆたか線(折尾～桂川),"[(1191101, '折尾'), (1191102, '東水巻'), (1191103, '中間'), (1191104, '筑前垣生'), (1191105, '鞍手'), (1191106, '筑前植木'), (1191107, '新入'), (1191108, '直方'), (1191109, '勝野'), (1191110, '小竹'), (1191111, '鯰田'), (1191112, '浦田'), (1191113, '新飯塚'), (1191114, '飯塚'), (1191115, '天道'), (1191116, '桂川')]","235.916,340.431,245.916,350.431","[{'station_cd': 1191101, 'x': 70, 'y': 15}, {'station_cd': 1191102, 'x': 69, 'y': 23}, {'station_cd': 1191103, 'x': 69, 'y': 27}, {'station_cd': 1191104, 'x': 67, 'y': 31}, {'station_cd': 1191105, 'x': 66, 'y': 38}, {'station_cd': 1191106, 'x': 68, 'y': 45}, {'station_cd': 1191107, 'x': 70, 'y': 50}, {'station_cd': 1191108, 'x': 72, 'y': 56}, {'station_cd': 1191109, 'x': 70, 'y': 63}, {'station_cd': 1191110, 'x': 68, 'y': 74}, {'station_cd': 1191111, 'x': 66, 'y': 84}, {'station_cd': 1191112, 'x': 65, 'y': 88}, {'station_cd': 1191113, 'x': 64, 'y': 92}, {'station_cd': 1191114, 'x': 62, 'y': 98}, {'station_cd': 1191115, 'x': 59, 'y': 106}, {'station_cd': 1191116, 'x': 55, 'y': 113}]"
11912,原田線,"[(1191201, '桂川'), (1191202, '上穂波'), (1191203, '筑前内野'), (1191204, '筑前山家'), (1191205, '原田')]","233.947,346.034,243.947,356.034","[{'station_cd': 1191201, 'x': 80, 'y': 41}, {'station_cd': 1191202, 'x': 76, 'y': 47}, {'station_cd': 1191203, 'x': 74, 'y': 57}, {'station_cd': 1191204, 'x': 57, 'y': 78}, {'station_cd': 1191205, 'x': 48, 'y': 87}]"
11913,ゆふ高原線,"[(1191301, '久留米'), (1191337, '久留米高校前'), (1191302, '南久留米'), (1191303, '久留米大学前'), (1191304, '御井'), (1191305, '善導寺'), (1191306, '筑後草野'), (1191307, '田主丸'), (1191308, '筑後吉井'), (1191309, 'うきは'), (1191310, '筑後大石'), (1191311, '夜明'), (1191312, '光岡'), (1191313, '日田'), (1191314, '豊後三芳'), (1191315, '豊後中川'), (1191316, '天ケ瀬'), (1191317, '杉河内'), (1191318, '北山田'), (1191319, '豊後森'), (1191320, '恵良'), (1191321, '引治'), (1191322, '豊後中村'), (1191323, '野矢'), (1191324, '由布院'), (1191325, '南由布'), (1191326, '湯平'), (1191327, '庄内'), (1191328, '天神山'), (1191329, '小野屋'), (1191330, '鬼瀬'), (1191331, '向之原'), (1191332, '豊後国分'), (1191333, '賀来'), (1191334, '南大分'), (1191335, '古国府'), (1191336, '大分')]","235.651,353.643,260.134,363.643","[{'station_cd': 1191301, 'x': 6, 'y': 52}, {'station_cd': 1191337, 'x': 8, 'y': 56}, {'station_cd': 1191302, 'x': 9, 'y': 55}, {'station_cd': 1191303, 'x': 11, 'y': 54}, {'station_cd': 1191304, 'x': 13, 'y': 54}, {'station_cd': 1191305, 'x': 17, 'y': 53}, {'station_cd': 1191306, 'x': 21, 'y': 53}, {'station_cd': 1191307, 'x': 26, 'y': 51}, {'station_cd': 1191308, 'x': 33, 'y': 51}, {'station_cd': 1191309, 'x': 36, 'y': 52}, {'station_cd': 1191310, 'x': 39, 'y': 51}, {'station_cd': 1191311, 'x': 44, 'y': 55}, {'station_cd': 1191312, 'x': 50, 'y': 54}, {'station_cd': 1191313, 'x': 52, 'y': 56}, {'station_cd': 1191314, 'x': 53, 'y': 58}, {'station_cd': 1191315, 'x': 59, 'y': 61}, {'station_cd': 1191316, 'x': 61, 'y': 65}, {'station_cd': 1191317, 'x': 65, 'y': 64}, {'station_cd': 1191318, 'x': 69, 'y': 62}, {'station_cd': 1191319, 'x': 75, 'y': 62}, {'station_cd': 1191320, 'x': 76, 'y': 66}, {'station_cd': 1191321, 'x': 77, 'y': 70}, {'station_cd': 1191322, 'x': 80, 'y': 71}, {'station_cd': 1191323, 'x': 85, 'y': 69}, {'station_cd': 1191324, 'x': 95, 'y': 67}, {'station_cd': 1191325, 'x': 93, 'y': 69}, {'station_cd': 1191326, 'x': 95, 'y': 76}, {'station_cd': 1191327, 'x': 100, 'y': 78}, {'station_cd': 1191328, 'x': 104, 'y': 78}, {'station_cd': 1191329, 'x': 105, 'y': 79}, {'station_cd': 1191330, 'x': 109, 'y': 77}, {'station_cd': 1191331, 'x': 112, 'y': 77}, {'station_cd': 1191332, 'x': 116, 'y': 78}, {'station_cd': 1191333, 'x': 117, 'y': 75}, {'station_cd': 1191334, 'x': 119, 'y': 75}, {'station_cd': 1191335, 'x': 122, 'y': 74}, {'station_cd': 1191336, 'x': 122, 'y': 73}]"
11914,JR日田彦山線,"[(1191401, '小倉'), (1191402, '西小倉'), (1191403, '南小倉'), (1191404, '城野'), (1191405, '石田'), (1191406, '志井公園'), (1191407, '志井'), (1191408, '石原町'), (1191409, '呼野'), (1191410, '採銅所'), (1191411, '香春'), (1191412, '一本松'), (1191413, '田川伊田'), (1191414, '田川後藤寺'), (1191415, '池尻'), (1191416, '豊前川崎'), (1191417, '西添田'), (1191418, '添田'), (1191429, '歓遊舎ひこさん'), (1191419, '豊前桝田'), (1191420, '彦山'), (1191421, '筑前岩屋'), (1191422, '大行司'), (1191423, '宝珠山'), (1191424, '大鶴'), (1191425, '今山'), (1191426, '夜明'), (1191427, '光岡'), (1191428, '日田')]","239.371,340.195,249.371,357.880","[{'station_cd': 1191401, 'x': 67, 'y': 7}, {'station_cd': 1191402, 'x': 66, 'y': 7}, {'station_cd': 1191403, 'x': 64, 'y': 10}, {'station_cd': 1191404, 'x': 67, 'y': 13}, {'station_cd': 1191405, 'x': 68, 'y': 18}, {'station_cd': 1191406, 'x': 66, 'y': 21}, {'station_cd': 1191407, 'x': 66, 'y': 24}, {'station_cd': 1191408, 'x': 64, 'y': 27}, {'station_cd': 1191409, 'x': 64, 'y': 33}, {'station_cd': 1191410, 'x': 62, 'y': 43}, {'station_cd': 1191411, 'x': 61, 'y': 51}, {'station_cd': 1191412, 'x': 59, 'y': 53}, {'station_cd': 1191413, 'x': 57, 'y': 56}, {'station_cd': 1191414, 'x': 54, 'y': 58}, {'station_cd': 1191415, 'x': 55, 'y': 61}, {'station_cd': 1191416, 'x': 57, 'y': 65}, {'station_cd': 1191417, 'x': 61, 'y': 70}, {'station_cd': 1191418, 'x': 62, 'y': 71}, {'station_cd': 1191429, 'x': 62, 'y': 75}, {'station_cd': 1191419, 'x': 63, 'y': 77}, {'station_cd': 1191420, 'x': 64, 'y': 85}, {'station_cd': 1191421, 'x': 65, 'y': 99}, {'station_cd': 1191422, 'x': 64, 'y': 105}, {'station_cd': 1191423, 'x': 65, 'y': 109}, {'station_cd': 1191424, 'x': 65, 'y': 112}, {'station_cd': 1191425, 'x': 64, 'y': 116}, {'station_cd': 1191426, 'x': 62, 'y': 121}, {'station_cd': 1191427, 'x': 70, 'y': 120}, {'station_cd': 1191428, 'x': 73, 'y': 122}]"
11915,JR後藤寺線,"[(1191501, '新飯塚'), (1191502, '上三緒'), (1191503, '下鴨生'), (1191504, '筑前庄内'), (1191505, '船尾'), (1191506, '田川後藤寺')]","236.938,343.133,246.938,353.133","[{'station_cd': 1191501, 'x': 51, 'y': 58}, {'station_cd': 1191502, 'x': 55, 'y': 66}, {'station_cd': 1191503, 'x': 59, 'y': 69}, {'station_cd': 1191504, 'x': 62, 'y': 69}, {'station_cd': 1191505, 'x': 69, 'y': 64}, {'station_cd': 1191506, 'x': 78, 'y': 65}]"
11916,海の中道線,"[(1191601, '西戸崎'), (1191602, '海ノ中道'), (1191603, '雁ノ巣'), (1191604, '奈多'), (1191605, '和白'), (1191606, '香椎')]","230.025,341.563,240.025,351.563","[{'station_cd': 1191601, 'x': 53, 'y': 70}, {'station_cd': 1191602, 'x': 54, 'y': 65}, {'station_cd': 1191603, 'x': 65, 'y': 59}, {'station_cd': 1191604, 'x': 67, 'y': 58}, {'station_cd': 1191605, 'x': 72, 'y': 58}, {'station_cd': 1191606, 'x': 75, 'y': 68}]"
11917,JR香椎線(香椎～宇美),"[(1191701, '香椎'), (1191702, '香椎神宮'), (1191703, '舞松原'), (1191704, '土井'), (1191705, '伊賀'), (1191706, '長者原'), (1191707, '酒殿'), (1191708, '須恵'), (1191709, '須恵中央'), (1191710, '新原'), (1191711, '宇美')]","231.552,343.202,241.552,353.202","[{'station_cd': 1191701, 'x': 55, 'y': 47}, {'station_cd': 1191702, 'x': 58, 'y': 51}, {'station_cd': 1191703, 'x': 58, 'y': 53}, {'station_cd': 1191704, 'x': 61, 'y': 56}, {'station_cd': 1191705, 'x': 63, 'y': 62}, {'station_cd': 1191706, 'x': 64, 'y': 64}, {'station_cd': 1191707, 'x': 66, 'y': 68}, {'station_cd': 1191708, 'x': 69, 'y': 71}, {'station_cd': 1191709, 'x': 71, 'y': 74}, {'station_cd': 1191710, 'x': 71, 'y': 77}, {'station_cd': 1191711, 'x': 73, 'y': 81}]"
11918,JR佐世保線,"[(1191801, '江北'), (1191802, '大町'), (1191803, '北方'), (1191804, '高橋'), (1191805, '武雄温泉'), (1191806, '永尾'), (1191807, '三間坂'), (1191808, '上有田'), (1191809, '有田'), (1191810, '三河内'), (1191811, '早岐'), (1191812, '大塔'), (1191813, '日宇'), (1191814, '佐世保')]","220.582,354.657,230.582,364.657","[{'station_cd': 1191801, 'x': 120, 'y': 53}, {'station_cd': 1191802, 'x': 106, 'y': 54}, {'station_cd': 1191803, 'x': 100, 'y': 52}, {'station_cd': 1191804, 'x': 90, 'y': 55}, {'station_cd': 1191805, 'x': 84, 'y': 58}, {'station_cd': 1191806, 'x': 74, 'y': 59}, {'station_cd': 1191807, 'x': 65, 'y': 58}, {'station_cd': 1191808, 'x': 54, 'y': 59}, {'station_cd': 1191809, 'x': 48, 'y': 60}, {'station_cd': 1191810, 'x': 35, 'y': 71}, {'station_cd': 1191811, 'x': 27, 'y': 77}, {'station_cd': 1191812, 'x': 22, 'y': 71}, {'station_cd': 1191813, 'x': 16, 'y': 68}, {'station_cd': 1191814, 'x': 8, 'y': 65}]"
11920,JR筑肥線(西唐津～伊万里),"[(1192001, '西唐津'), (1192002, '唐津'), (1192003, '鬼塚'), (1192004, '山本'), (1192005, '肥前久保'), (1192006, '西相知'), (1192007, '佐里'), (1192008, '駒鳴'), (1192009, '大川野'), (1192010, '肥前長野'), (1192011, '桃川'), (1192012, '金石原'), (1192013, '上伊万里'), (1192014, '伊万里')]","220.590,349.460,230.590,359.460","[{'station_cd': 1192001, 'x': 70, 'y': 29}, {'station_cd': 1192002, 'x': 72, 'y': 35}, {'station_cd': 1192003, 'x': 77, 'y': 44}, {'station_cd': 1192004, 'x': 75, 'y': 54}, {'station_cd': 1192005, 'x': 80, 'y': 68}, {'station_cd': 1192006, 'x': 77, 'y': 70}, {'station_cd': 1192007, 'x': 74, 'y': 74}, {'station_cd': 1192008, 'x': 72, 'y': 80}, {'station_cd': 1192009, 'x': 73, 'y': 85}, {'station_cd': 1192010, 'x': 72, 'y': 89}, {'station_cd': 1192011, 'x': 68, 'y': 97}, {'station_cd': 1192012, 'x': 62, 'y': 99}, {'station_cd': 1192013, 'x': 52, 'y': 96}, {'station_cd': 1192014, 'x': 48, 'y': 96}]"
11921,JR唐津線,"[(1192101, '佐賀'), (1192102, '鍋島'), (1192103, 'バルーンさが'), (1192104, '久保田'), (1192105, '小城'), (1192106, '東多久'), (1192107, '中多久'), (1192108, '多久'), (1192109, '厳木'), (1192110, '岩屋'), (1192111, '相知'), (1192112, '本牟田部'), (1192113, '山本'), (1192114, '鬼塚'), (1192115, '唐津'), (1192116, '西唐津')]","224.378,349.845,234.378,359.845","[{'station_cd': 1192101, 'x': 107, 'y': 100}, {'station_cd': 1192102, 'x': 99, 'y': 102}, {'station_cd': 1192103, 'x': 94, 'y': 102}, {'station_cd': 1192104, 'x': 89, 'y': 102}, {'station_cd': 1192105, 'x': 82, 'y': 91}, {'station_cd': 1192106, 'x': 67, 'y': 90}, {'station_cd': 1192107, 'x': 60, 'y': 91}, {'station_cd': 1192108, 'x': 55, 'y': 88}, {'station_cd': 1192109, 'x': 46, 'y': 75}, {'station_cd': 1192110, 'x': 41, 'y': 72}, {'station_cd': 1192111, 'x': 36, 'y': 66}, {'station_cd': 1192112, 'x': 30, 'y': 57}, {'station_cd': 1192113, 'x': 27, 'y': 49}, {'station_cd': 1192114, 'x': 28, 'y': 39}, {'station_cd': 1192115, 'x': 24, 'y': 30}, {'station_cd': 1192116, 'x': 21, 'y': 25}]"
11922,JR大村線,"[(1192201, '早岐'), (1192202, 'ハウステンボス'), (1192203, '南風崎'), (1192204, '小串郷'), (1192205, '川棚'), (1192206, '彼杵'), (1192207, '千綿'), (1192208, '松原'), (1192214, '大村車両基地'), (1192209, '竹松'), (1192215, '新大村'), (1192210, '諏訪'), (1192211, '大村'), (1192212, '岩松'), (1192213, '諫早')]","219.993,359.743,229.993,369.743","[{'station_cd': 1192201, 'x': 34, 'y': 12}, {'station_cd': 1192202, 'x': 33, 'y': 27}, {'station_cd': 1192203, 'x': 34, 'y': 28}, {'station_cd': 1192204, 'x': 43, 'y': 37}, {'station_cd': 1192205, 'x': 50, 'y': 36}, {'station_cd': 1192206, 'x': 63, 'y': 47}, {'station_cd': 1192207, 'x': 71, 'y': 57}, {'station_cd': 1192208, 'x': 71, 'y': 70}, {'station_cd': 1192214, 'x': 70, 'y': 78}, {'station_cd': 1192209, 'x': 72, 'y': 83}, {'station_cd': 1192215, 'x': 73, 'y': 86}, {'station_cd': 1192210, 'x': 74, 'y': 89}, {'station_cd': 1192211, 'x': 74, 'y': 94}, {'station_cd': 1192212, 'x': 79, 'y': 101}, {'station_cd': 1192213, 'x': 94, 'y': 116}]"
11923,豊肥本線,"[(1192301, '熊本'), (1192302, '平成'), (1192303, '南熊本'), (1192304, '新水前寺'), (1192305, '水前寺'), (1192306, '東海学園前'), (1192307, '竜田口'), (1192308, '武蔵塚'), (1192309, '光の森'), (1192310, '三里木'), (1192311, '原水'), (1192312, '肥後大津'), (1192313, '瀬田'), (1192314, '立野'), (1192315, '赤水'), (1192316, '市ノ川'), (1192317, '内牧'), (1192318, '阿蘇'), (1192319, 'いこいの村'), (1192320, '宮地'), (1192321, '波野'), (1192322, '滝水'), (1192323, '豊後荻'), (1192324, '玉来'), (1192325, '豊後竹田'), (1192326, '朝地'), (1192327, '緒方'), (1192328, '豊後清川'), (1192329, '三重町'), (1192330, '菅尾'), (1192331, '犬飼'), (1192332, '竹中'), (1192333, '中判田'), (1192334, '大分大学前'), (1192335, '敷戸'), (1192336, '滝尾'), (1192337, '大分')]","239.307,358.394,260.757,373.596","[{'station_cd': 1192301, 'x': 6, 'y': 96}, {'station_cd': 1192302, 'x': 8, 'y': 98}, {'station_cd': 1192303, 'x': 9, 'y': 97}, {'station_cd': 1192304, 'x': 10, 'y': 96}, {'station_cd': 1192305, 'x': 11, 'y': 95}, {'station_cd': 1192306, 'x': 12, 'y': 93}, {'station_cd': 1192307, 'x': 13, 'y': 92}, {'station_cd': 1192308, 'x': 16, 'y': 87}, {'station_cd': 1192309, 'x': 18, 'y': 86}, {'station_cd': 1192310, 'x': 19, 'y': 85}, {'station_cd': 1192311, 'x': 23, 'y': 84}, {'station_cd': 1192312, 'x': 27, 'y': 83}, {'station_cd': 1192313, 'x': 33, 'y': 84}, {'station_cd': 1192314, 'x': 39, 'y': 84}, {'station_cd': 1192315, 'x': 43, 'y': 78}, {'station_cd': 1192316, 'x': 44, 'y': 76}, {'station_cd': 1192317, 'x': 49, 'y': 74}, {'station_cd': 1192318, 'x': 53, 'y': 75}, {'station_cd': 1192319, 'x': 55, 'y': 75}, {'station_cd': 1192320, 'x': 58, 'y': 75}, {'station_cd': 1192321, 'x': 67, 'y': 76}, {'station_cd': 1192322, 'x': 73, 'y': 77}, {'station_cd': 1192323, 'x': 79, 'y': 78}, {'station_cd': 1192324, 'x': 89, 'y': 75}, {'station_cd': 1192325, 'x': 90, 'y': 72}, {'station_cd': 1192326, 'x': 95, 'y': 67}, {'station_cd': 1192327, 'x': 101, 'y': 72}, {'station_cd': 1192328, 'x': 106, 'y': 72}, {'station_cd': 1192329, 'x': 114, 'y': 71}, {'station_cd': 1192330, 'x': 118, 'y': 66}, {'station_cd': 1192331, 'x': 120, 'y': 56}, {'station_cd': 1192332, 'x': 122, 'y': 49}, {'station_cd': 1192333, 'x': 121, 'y': 42}, {'station_cd': 1192334, 'x': 118, 'y': 39}, {'station_cd': 1192335, 'x': 118, 'y': 38}, {'station_cd': 1192336, 'x': 119, 'y': 34}, {'station_cd': 1192337, 'x': 117, 'y': 30}]"
11924,三角線（あまくさみすみ線）,"[(1192401, '熊本'), (1192402, '川尻'), (1192412, '富合'), (1192403, '宇土'), (1192404, '緑川'), (1192405, '住吉'), (1192406, '肥後長浜'), (1192407, '網田'), (1192408, '赤瀬'), (1192409, '石打ダム'), (1192410, '波多浦'), (1192411, '三角')]","233.046,368.797,243.046,378.797","[{'station_cd': 1192401, 'x': 93, 'y': 34}, {'station_cd': 1192402, 'x': 90, 'y': 50}, {'station_cd': 1192412, 'x': 88, 'y': 60}, {'station_cd': 1192403, 'x': 87, 'y': 67}, {'station_cd': 1192404, 'x': 77, 'y': 66}, {'station_cd': 1192405, 'x': 69, 'y': 63}, {'station_cd': 1192406, 'x': 59, 'y': 66}, {'station_cd': 1192407, 'x': 56, 'y': 74}, {'station_cd': 1192408, 'x': 46, 'y': 79}, {'station_cd': 1192409, 'x': 45, 'y': 83}, {'station_cd': 1192410, 'x': 40, 'y': 92}, {'station_cd': 1192411, 'x': 35, 'y': 94}]"
11925,えびの高原線(八代～吉松),"[(1192501, '八代'), (1192502, '段'), (1192503, '坂本'), (1192504, '葉木'), (1192505, '鎌瀬'), (1192506, '瀬戸石'), (1192507, '海路'), (1192508, '吉尾'), (1192509, '白石'), (1192510, '球泉洞'), (1192511, '一勝地'), (1192512, '那良口'), (1192513, '渡'), (1192514, '西人吉'), (1192515, '人吉'), (1192516, '大畑'), (1192517, '矢岳'), (1192518, '真幸'), (1192519, '吉松')]","235.097,378.539,245.097,393.852","[{'station_cd': 1192501, 'x': 53, 'y': 6}, {'station_cd': 1192502, 'x': 57, 'y': 15}, {'station_cd': 1192503, 'x': 59, 'y': 22}, {'station_cd': 1192504, 'x': 57, 'y': 28}, {'station_cd': 1192505, 'x': 58, 'y': 33}, {'station_cd': 1192506, 'x': 56, 'y': 37}, {'station_cd': 1192507, 'x': 52, 'y': 42}, {'station_cd': 1192508, 'x': 49, 'y': 46}, {'station_cd': 1192509, 'x': 50, 'y': 52}, {'station_cd': 1192510, 'x': 50, 'y': 61}, {'station_cd': 1192511, 'x': 57, 'y': 65}, {'station_cd': 1192512, 'x': 59, 'y': 67}, {'station_cd': 1192513, 'x': 64, 'y': 69}, {'station_cd': 1192514, 'x': 69, 'y': 71}, {'station_cd': 1192515, 'x': 74, 'y': 74}, {'station_cd': 1192516, 'x': 79, 'y': 87}, {'station_cd': 1192517, 'x': 76, 'y': 101}, {'station_cd': 1192518, 'x': 69, 'y': 107}, {'station_cd': 1192519, 'x': 70, 'y': 122}]"
11926,JR肥薩線(吉松～隼人),"[(1192601, '吉松'), (1192602, '栗野'), (1192603, '大隅横川'), (1192604, '植村'), (1192605, '霧島温泉'), (1192606, '嘉例川'), (1192607, '中福良'), (1192608, '表木山'), (1192609, '日当山'), (1192610, '隼人')]","235.529,391.802,245.529,401.802","[{'station_cd': 1192601, 'x': 68, 'y': 16}, {'station_cd': 1192602, 'x': 64, 'y': 38}, {'station_cd': 1192603, 'x': 58, 'y': 53}, {'station_cd': 1192604, 'x': 64, 'y': 60}, {'station_cd': 1192605, 'x': 66, 'y': 68}, {'station_cd': 1192606, 'x': 63, 'y': 82}, {'station_cd': 1192607, 'x': 65, 'y': 87}, {'station_cd': 1192608, 'x': 68, 'y': 93}, {'station_cd': 1192609, 'x': 69, 'y': 105}, {'station_cd': 1192610, 'x': 67, 'y': 112}]"
11927,JR宮崎空港線,"[(1192701, '宮崎'), (1192702, '南宮崎'), (1192703, '田吉'), (1192704, '宮崎空港')]","249.658,392.288,259.658,402.288","[{'station_cd': 1192701, 'x': 64, 'y': 56}, {'station_cd': 1192702, 'x': 62, 'y': 63}, {'station_cd': 1192703, 'x': 64, 'y': 70}, {'station_cd': 1192704, 'x': 66, 'y': 72}]"
11928,JR日南線,"[(1192801, '宮崎'), (1192802, '南宮崎'), (1192803, '田吉'), (1192804, '南方'), (1192805, '木花'), (1192806, '運動公園'), (1192807, '曽山寺'), (1192808, '子供の国'), (1192809, '青島'), (1192810, '折生迫'), (1192811, '内海'), (1192812, '小内海'), (1192813, '伊比井'), (1192814, '北郷'), (1192815, '内之田'), (1192816, '飫肥'), (1192817, '日南'), (1192818, '油津'), (1192819, '大堂津'), (1192820, '南郷'), (1192821, '谷之口'), (1192822, '榎原'), (1192823, '日向大束'), (1192824, '日向北方'), (1192825, '串間'), (1192826, '福島今町'), (1192827, '福島高松'), (1192828, '大隅夏井'), (1192829, '志布志')]","246.562,395.582,256.562,410.153","[{'station_cd': 1192801, 'x': 91, 'y': 10}, {'station_cd': 1192802, 'x': 90, 'y': 15}, {'station_cd': 1192803, 'x': 91, 'y': 19}, {'station_cd': 1192804, 'x': 92, 'y': 23}, {'station_cd': 1192805, 'x': 92, 'y': 30}, {'station_cd': 1192806, 'x': 93, 'y': 33}, {'station_cd': 1192807, 'x': 94, 'y': 35}, {'station_cd': 1192808, 'x': 95, 'y': 36}, {'station_cd': 1192809, 'x': 97, 'y': 38}, {'station_cd': 1192810, 'x': 97, 'y': 41}, {'station_cd': 1192811, 'x': 97, 'y': 49}, {'station_cd': 1192812, 'x': 97, 'y': 54}, {'station_cd': 1192813, 'x': 95, 'y': 60}, {'station_cd': 1192814, 'x': 80, 'y': 67}, {'station_cd': 1192815, 'x': 80, 'y': 76}, {'station_cd': 1192816, 'x': 78, 'y': 79}, {'station_cd': 1192817, 'x': 81, 'y': 85}, {'station_cd': 1192818, 'x': 83, 'y': 90}, {'station_cd': 1192819, 'x': 81, 'y': 97}, {'station_cd': 1192820, 'x': 79, 'y': 102}, {'station_cd': 1192821, 'x': 74, 'y': 102}, {'station_cd': 1192822, 'x': 67, 'y': 101}, {'station_cd': 1192823, 'x': 57, 'y': 107}, {'station_cd': 1192824, 'x': 56, 'y': 113}, {'station_cd': 1192825, 'x': 54, 'y': 118}, {'station_cd': 1192826, 'x': 49, 'y': 119}, {'station_cd': 1192827, 'x': 45, 'y': 118}, {'station_cd': 1192828, 'x': 37, 'y': 115}, {'station_cd': 1192829, 'x': 30, 'y': 114}]"
11929,えびの高原線,"[(1192901, '都城'), (1192902, '日向庄内'), (1192903, '谷頭'), (1192904, '万ケ塚'), (1192905, '東高崎'), (1192906, '高崎新田'), (1192907, '日向前田'), (1192908, '高原'), (1192909, '広原'), (1192910, '小林'), (1192911, '西小林'), (1192912, 'えびの飯野'), (1192913, 'えびの上江'), (1192914, 'えびの'), (1192915, '京町温泉'), (1192916, '鶴丸'), (1192917, '吉松')]","239.135,391.679,249.135,401.679","[{'station_cd': 1192901, 'x': 106, 'y': 122}, {'station_cd': 1192902, 'x': 103, 'y': 113}, {'station_cd': 1192903, 'x': 101, 'y': 103}, {'station_cd': 1192904, 'x': 104, 'y': 93}, {'station_cd': 1192905, 'x': 104, 'y': 84}, {'station_cd': 1192906, 'x': 104, 'y': 72}, {'station_cd': 1192907, 'x': 99, 'y': 60}, {'station_cd': 1192908, 'x': 88, 'y': 53}, {'station_cd': 1192909, 'x': 85, 'y': 42}, {'station_cd': 1192910, 'x': 83, 'y': 30}, {'station_cd': 1192911, 'x': 69, 'y': 22}, {'station_cd': 1192912, 'x': 56, 'y': 14}, {'station_cd': 1192913, 'x': 51, 'y': 12}, {'station_cd': 1192914, 'x': 42, 'y': 9}, {'station_cd': 1192915, 'x': 30, 'y': 7}, {'station_cd': 1192916, 'x': 25, 'y': 12}, {'station_cd': 1192917, 'x': 22, 'y': 18}]"
11930,JR指宿枕崎線,"[(1193001, '鹿児島中央'), (1193002, '郡元'), (1193003, '南鹿児島'), (1193004, '宇宿'), (1193005, '谷山'), (1193006, '慈眼寺'), (1193007, '坂之上'), (1193008, '五位野'), (1193009, '平川'), (1193010, '瀬々串'), (1193011, '中名'), (1193012, '喜入'), (1193013, '前之浜'), (1193014, '生見'), (1193015, '薩摩今和泉'), (1193016, '宮ケ浜'), (1193017, '二月田'), (1193018, '指宿'), (1193019, '山川'), (1193020, '大山'), (1193021, '西大山'), (1193022, '薩摩川尻'), (1193023, '東開聞'), (1193024, '開聞'), (1193025, '入野'), (1193026, '頴娃'), (1193027, '西頴娃'), (1193028, '御領'), (1193029, '石垣'), (1193030, '水成川'), (1193031, '頴娃大川'), (1193032, '松ケ浦'), (1193033, '薩摩塩屋'), (1193034, '白沢'), (1193035, '薩摩板敷'), (1193036, '枕崎')]","230.140,403.846,240.140,416.380","[{'station_cd': 1193001, 'x': 80, 'y': 9}, {'station_cd': 1193002, 'x': 80, 'y': 14}, {'station_cd': 1193003, 'x': 80, 'y': 17}, {'station_cd': 1193004, 'x': 78, 'y': 20}, {'station_cd': 1193005, 'x': 75, 'y': 25}, {'station_cd': 1193006, 'x': 72, 'y': 27}, {'station_cd': 1193007, 'x': 72, 'y': 32}, {'station_cd': 1193008, 'x': 71, 'y': 39}, {'station_cd': 1193009, 'x': 73, 'y': 47}, {'station_cd': 1193010, 'x': 75, 'y': 55}, {'station_cd': 1193011, 'x': 77, 'y': 63}, {'station_cd': 1193012, 'x': 78, 'y': 69}, {'station_cd': 1193013, 'x': 81, 'y': 78}, {'station_cd': 1193014, 'x': 85, 'y': 88}, {'station_cd': 1193015, 'x': 90, 'y': 93}, {'station_cd': 1193016, 'x': 94, 'y': 97}, {'station_cd': 1193017, 'x': 96, 'y': 104}, {'station_cd': 1193018, 'x': 98, 'y': 109}, {'station_cd': 1193019, 'x': 96, 'y': 116}, {'station_cd': 1193020, 'x': 89, 'y': 120}, {'station_cd': 1193021, 'x': 84, 'y': 121}, {'station_cd': 1193022, 'x': 82, 'y': 120}, {'station_cd': 1193023, 'x': 79, 'y': 118}, {'station_cd': 1193024, 'x': 76, 'y': 117}, {'station_cd': 1193025, 'x': 73, 'y': 117}, {'station_cd': 1193026, 'x': 69, 'y': 109}, {'station_cd': 1193027, 'x': 67, 'y': 106}, {'station_cd': 1193028, 'x': 63, 'y': 102}, {'station_cd': 1193029, 'x': 58, 'y': 100}, {'station_cd': 1193030, 'x': 55, 'y': 100}, {'station_cd': 1193031, 'x': 51, 'y': 100}, {'station_cd': 1193032, 'x': 48, 'y': 99}, {'station_cd': 1193033, 'x': 44, 'y': 100}, {'station_cd': 1193034, 'x': 40, 'y': 99}, {'station_cd': 1193035, 'x': 35, 'y': 98}, {'station_cd': 1193036, 'x': 28, 'y': 94}]"
21001,東武東上線,"[(2100101, '池袋'), (2100102, '北池袋'), (2100103, '下板橋'), (2100104, '大山'), (2100105, '中板橋'), (2100106, 'ときわ台'), (2100107, '上板橋'), (2100108, '東武練馬'), (2100109, '下赤塚'), (2100110, '成増'), (2100111, '和光市'), (2100112, '朝霞'), (2100113, '朝霞台'), (2100114, '志木'), (2100115, '柳瀬川'), (2100116, 'みずほ台'), (2100117, '鶴瀬'), (2100118, 'ふじみ野'), (2100119, '上福岡'), (2100120, '新河岸'), (2100121, '川越'), (2100122, '川越市'), (2100123, '霞ヶ関'), (2100124, '鶴ヶ島'), (2100125, '若葉'), (2100126, '坂戸'), (2100127, '北坂戸'), (2100128, '高坂'), (2100129, '東松山'), (2100130, '森林公園'), (2100131, 'つきのわ'), (2100132, '武蔵嵐山'), (2100133, '小川町'), (2100134, '東武竹沢'), (2100139, 'みなみ寄居'), (2100135, '男衾'), (2100136, '鉢形'), (2100137, '玉淀'), (2100138, '寄居')]","411.747,289.591,423.491,302.178","[{'station_cd': 2100101, 'x': 115, 'y': 122}, {'station_cd': 2100102, 'x': 116, 'y': 119}, {'station_cd': 2100103, 'x': 116, 'y': 118}, {'station_cd': 2100104, 'x': 113, 'y': 117}, {'station_cd': 2100105, 'x': 112, 'y': 115}, {'station_cd': 2100106, 'x': 111, 'y': 114}, {'station_cd': 2100107, 'x': 108, 'y': 112}, {'station_cd': 2100108, 'x': 105, 'y': 111}, {'station_cd': 2100109, 'x': 102, 'y': 110}, {'station_cd': 2100110, 'x': 99, 'y': 108}, {'station_cd': 2100111, 'x': 95, 'y': 104}, {'station_cd': 2100112, 'x': 93, 'y': 102}, {'station_cd': 2100113, 'x': 90, 'y': 97}, {'station_cd': 2100114, 'x': 88, 'y': 94}, {'station_cd': 2100115, 'x': 85, 'y': 92}, {'station_cd': 2100116, 'x': 83, 'y': 90}, {'station_cd': 2100117, 'x': 81, 'y': 87}, {'station_cd': 2100118, 'x': 77, 'y': 83}, {'station_cd': 2100119, 'x': 75, 'y': 79}, {'station_cd': 2100120, 'x': 72, 'y': 74}, {'station_cd': 2100121, 'x': 69, 'y': 69}, {'station_cd': 2100122, 'x': 68, 'y': 67}, {'station_cd': 2100123, 'x': 61, 'y': 63}, {'station_cd': 2100124, 'x': 58, 'y': 60}, {'station_cd': 2100125, 'x': 55, 'y': 56}, {'station_cd': 2100126, 'x': 52, 'y': 54}, {'station_cd': 2100127, 'x': 52, 'y': 50}, {'station_cd': 2100128, 'x': 53, 'y': 41}, {'station_cd': 2100129, 'x': 54, 'y': 32}, {'station_cd': 2100130, 'x': 48, 'y': 29}, {'station_cd': 2100131, 'x': 42, 'y': 29}, {'station_cd': 2100132, 'x': 39, 'y': 28}, {'station_cd': 2100133, 'x': 25, 'y': 23}, {'station_cd': 2100134, 'x': 20, 'y': 18}, {'station_cd': 2100139, 'x': 20, 'y': 14}, {'station_cd': 2100135, 'x': 20, 'y': 9}, {'station_cd': 2100136, 'x': 15, 'y': 7}, {'station_cd': 2100137, 'x': 13, 'y': 6}, {'station_cd': 2100138, 'x': 12, 'y': 6}]"
21002,東武伊勢崎線,"[(2100201, '浅草'), (2100202, 'とうきょうスカイツリー'), (2100203, '押上〈スカイツリー前〉'), (2100204, '曳舟'), (2100205, '東向島'), (2100206, '鐘ヶ淵'), (2100207, '堀切'), (2100208, '牛田'), (2100209, '北千住'), (2100210, '小菅'), (2100211, '五反野'), (2100212, '梅島'), (2100213, '西新井'), (2100214, '竹ノ塚'), (2100215, '谷塚'), (2100216, '草加'), (2100217, '獨協大学前〈草加松原〉'), (2100218, '新田'), (2100219, '蒲生'), (2100220, '新越谷'), (2100221, '越谷'), (2100222, '北越谷'), (2100223, '大袋'), (2100224, 'せんげん台'), (2100225, '武里'), (2100226, '一ノ割'), (2100227, '春日部'), (2100228, '北春日部'), (2100229, '姫宮'), (2100230, '東武動物公園'), (2100231, '和戸'), (2100232, '久喜'), (2100233, '鷲宮'), (2100234, '花崎'), (2100235, '加須'), (2100236, '南羽生'), (2100237, '羽生'), (2100238, '川俣'), (2100239, '茂林寺前'), (2100240, '館林'), (2100241, '多々良'), (2100242, '県'), (2100243, '福居'), (2100244, '東武和泉'), (2100245, '足利市'), (2100246, '野州山辺'), (2100247, '韮川'), (2100248, '太田'), (2100249, '細谷'), (2100250, '木崎'), (2100251, '世良田'), (2100252, '境町'), (2100253, '剛志'), (2100254, '新伊勢崎'), (2100255, '伊勢崎')]","411.626,283.370,425.795,303.215","[{'station_cd': 2100201, 'x': 100, 'y': 122}, {'station_cd': 2100202, 'x': 102, 'y': 122}, {'station_cd': 2100203, 'x': 102, 'y': 122}, {'station_cd': 2100204, 'x': 103, 'y': 121}, {'station_cd': 2100205, 'x': 103, 'y': 120}, {'station_cd': 2100206, 'x': 103, 'y': 118}, {'station_cd': 2100207, 'x': 103, 'y': 116}, {'station_cd': 2100208, 'x': 102, 'y': 116}, {'station_cd': 2100209, 'x': 102, 'y': 115}, {'station_cd': 2100210, 'x': 103, 'y': 113}, {'station_cd': 2100211, 'x': 102, 'y': 112}, {'station_cd': 2100212, 'x': 101, 'y': 111}, {'station_cd': 2100213, 'x': 100, 'y': 110}, {'station_cd': 2100214, 'x': 100, 'y': 107}, {'station_cd': 2100215, 'x': 101, 'y': 103}, {'station_cd': 2100216, 'x': 102, 'y': 101}, {'station_cd': 2100217, 'x': 101, 'y': 98}, {'station_cd': 2100218, 'x': 101, 'y': 96}, {'station_cd': 2100219, 'x': 100, 'y': 94}, {'station_cd': 2100220, 'x': 100, 'y': 92}, {'station_cd': 2100221, 'x': 100, 'y': 90}, {'station_cd': 2100222, 'x': 99, 'y': 88}, {'station_cd': 2100223, 'x': 99, 'y': 83}, {'station_cd': 2100224, 'x': 98, 'y': 81}, {'station_cd': 2100225, 'x': 98, 'y': 79}, {'station_cd': 2100226, 'x': 97, 'y': 76}, {'station_cd': 2100227, 'x': 95, 'y': 73}, {'station_cd': 2100228, 'x': 94, 'y': 71}, {'station_cd': 2100229, 'x': 94, 'y': 69}, {'station_cd': 2100230, 'x': 92, 'y': 65}, {'station_cd': 2100231, 'x': 89, 'y': 62}, {'station_cd': 2100232, 'x': 86, 'y': 57}, {'station_cd': 2100233, 'x': 84, 'y': 52}, {'station_cd': 2100234, 'x': 81, 'y': 49}, {'station_cd': 2100235, 'x': 76, 'y': 46}, {'station_cd': 2100236, 'x': 71, 'y': 41}, {'station_cd': 2100237, 'x': 68, 'y': 37}, {'station_cd': 2100238, 'x': 67, 'y': 30}, {'station_cd': 2100239, 'x': 67, 'y': 27}, {'station_cd': 2100240, 'x': 67, 'y': 24}, {'station_cd': 2100241, 'x': 64, 'y': 18}, {'station_cd': 2100242, 'x': 60, 'y': 15}, {'station_cd': 2100243, 'x': 59, 'y': 12}, {'station_cd': 2100244, 'x': 58, 'y': 11}, {'station_cd': 2100245, 'x': 57, 'y': 8}, {'station_cd': 2100246, 'x': 55, 'y': 8}, {'station_cd': 2100247, 'x': 51, 'y': 11}, {'station_cd': 2100248, 'x': 48, 'y': 14}, {'station_cd': 2100249, 'x': 44, 'y': 16}, {'station_cd': 2100250, 'x': 40, 'y': 17}, {'station_cd': 2100251, 'x': 36, 'y': 17}, {'station_cd': 2100252, 'x': 32, 'y': 16}, {'station_cd': 2100253, 'x': 28, 'y': 12}, {'station_cd': 2100254, 'x': 26, 'y': 8}, {'station_cd': 2100255, 'x': 25, 'y': 6}]"
21003,東武日光線,"[(2100301, '東武動物公園'), (2100302, '杉戸高野台'), (2100303, '幸手'), (2100304, '南栗橋'), (2100305, '栗橋'), (2100306, '新古河'), (2100307, '柳生'), (2100308, '板倉東洋大前'), (2100309, '藤岡'), (2100310, '静和'), (2100311, '新大平下'), (2100312, '栃木'), (2100313, '新栃木'), (2100314, '合戦場'), (2100315, '家中'), (2100316, '東武金崎'), (2100317, '楡木'), (2100318, '樅山'), (2100319, '新鹿沼'), (2100320, '北鹿沼'), (2100321, '板荷'), (2100322, '下小代'), (2100323, '明神'), (2100324, '下今市'), (2100325, '上今市'), (2100326, '東武日光')]","417.465,272.180,427.465,294.499","[{'station_cd': 2100301, 'x': 68, 'y': 122}, {'station_cd': 2100302, 'x': 66, 'y': 118}, {'station_cd': 2100303, 'x': 66, 'y': 114}, {'station_cd': 2100304, 'x': 66, 'y': 108}, {'station_cd': 2100305, 'x': 64, 'y': 104}, {'station_cd': 2100306, 'x': 64, 'y': 95}, {'station_cd': 2100307, 'x': 61, 'y': 92}, {'station_cd': 2100308, 'x': 59, 'y': 90}, {'station_cd': 2100309, 'x': 59, 'y': 85}, {'station_cd': 2100310, 'x': 64, 'y': 75}, {'station_cd': 2100311, 'x': 66, 'y': 72}, {'station_cd': 2100312, 'x': 69, 'y': 67}, {'station_cd': 2100313, 'x': 71, 'y': 64}, {'station_cd': 2100314, 'x': 71, 'y': 61}, {'station_cd': 2100315, 'x': 71, 'y': 58}, {'station_cd': 2100316, 'x': 72, 'y': 52}, {'station_cd': 2100317, 'x': 71, 'y': 45}, {'station_cd': 2100318, 'x': 71, 'y': 41}, {'station_cd': 2100319, 'x': 71, 'y': 37}, {'station_cd': 2100320, 'x': 71, 'y': 33}, {'station_cd': 2100321, 'x': 67, 'y': 27}, {'station_cd': 2100322, 'x': 68, 'y': 22}, {'station_cd': 2100323, 'x': 68, 'y': 18}, {'station_cd': 2100324, 'x': 66, 'y': 10}, {'station_cd': 2100325, 'x': 65, 'y': 10}, {'station_cd': 2100326, 'x': 58, 'y': 6}]"
21004,東武アーバンパークライン（東武野田線）,"[(2100401, '大宮'), (2100402, '北大宮'), (2100403, '大宮公園'), (2100404, '大和田'), (2100405, '七里'), (2100406, '岩槻'), (2100407, '東岩槻'), (2100408, '豊春'), (2100409, '八木崎'), (2100410, '春日部'), (2100411, '藤の牛島'), (2100412, '南桜井'), (2100413, '川間'), (2100414, '七光台'), (2100415, '清水公園'), (2100416, '愛宕'), (2100417, '野田市'), (2100418, '梅郷'), (2100419, '運河'), (2100420, '江戸川台'), (2100421, '初石'), (2100422, '流山おおたかの森'), (2100423, '豊四季'), (2100424, '柏'), (2100425, '新柏'), (2100426, '増尾'), (2100427, '逆井'), (2100428, '高柳'), (2100429, '六実'), (2100430, '新鎌ヶ谷'), (2100431, '鎌ヶ谷'), (2100432, '馬込沢'), (2100433, '塚田'), (2100434, '新船橋'), (2100435, '船橋')]","419.708,293.664,429.708,303.664","[{'station_cd': 2100401, 'x': 16, 'y': 37}, {'station_cd': 2100402, 'x': 17, 'y': 34}, {'station_cd': 2100403, 'x': 19, 'y': 32}, {'station_cd': 2100404, 'x': 23, 'y': 30}, {'station_cd': 2100405, 'x': 27, 'y': 28}, {'station_cd': 2100406, 'x': 34, 'y': 23}, {'station_cd': 2100407, 'x': 39, 'y': 19}, {'station_cd': 2100408, 'x': 43, 'y': 17}, {'station_cd': 2100409, 'x': 47, 'y': 14}, {'station_cd': 2100410, 'x': 50, 'y': 14}, {'station_cd': 2100411, 'x': 56, 'y': 14}, {'station_cd': 2100412, 'x': 64, 'y': 14}, {'station_cd': 2100413, 'x': 71, 'y': 15}, {'station_cd': 2100414, 'x': 75, 'y': 19}, {'station_cd': 2100415, 'x': 77, 'y': 23}, {'station_cd': 2100416, 'x': 78, 'y': 26}, {'station_cd': 2100417, 'x': 80, 'y': 29}, {'station_cd': 2100418, 'x': 85, 'y': 33}, {'station_cd': 2100419, 'x': 89, 'y': 40}, {'station_cd': 2100420, 'x': 90, 'y': 46}, {'station_cd': 2100421, 'x': 91, 'y': 51}, {'station_cd': 2100422, 'x': 93, 'y': 55}, {'station_cd': 2100423, 'x': 97, 'y': 57}, {'station_cd': 2100424, 'x': 105, 'y': 59}, {'station_cd': 2100425, 'x': 104, 'y': 68}, {'station_cd': 2100426, 'x': 106, 'y': 71}, {'station_cd': 2100427, 'x': 108, 'y': 73}, {'station_cd': 2100428, 'x': 112, 'y': 79}, {'station_cd': 2100429, 'x': 112, 'y': 84}, {'station_cd': 2100430, 'x': 112, 'y': 89}, {'station_cd': 2100431, 'x': 111, 'y': 95}, {'station_cd': 2100432, 'x': 109, 'y': 103}, {'station_cd': 2100433, 'x': 107, 'y': 109}, {'station_cd': 2100434, 'x': 106, 'y': 113}, {'station_cd': 2100435, 'x': 107, 'y': 116}]"
21005,東武亀戸線,"[(2100501, '曳舟'), (2100502, '小村井'), (2100503, '東あずま'), (2100504, '亀戸水神'), (2100505, '亀戸')]","419.894,297.385,429.894,307.385","[{'station_cd': 2100501, 'x': 62, 'y': 60}, {'station_cd': 2100502, 'x': 65, 'y': 63}, {'station_cd': 2100503, 'x': 66, 'y': 64}, {'station_cd': 2100504, 'x': 66, 'y': 67}, {'station_cd': 2100505, 'x': 64, 'y': 68}]"
21006,東武大師線,"[(2100601, '西新井'), (2100602, '大師前')]","419.152,295.384,429.152,305.384","[{'station_cd': 2100601, 'x': 65, 'y': 64}, {'station_cd': 2100602, 'x': 63, 'y': 64}]"
21007,東武越生線,"[(2100701, '坂戸'), (2100702, '一本松'), (2100703, '西大家'), (2100704, '川角'), (2100705, '武州長瀬'), (2100706, '東毛呂'), (2100707, '武州唐沢'), (2100708, '越生')]","410.451,290.104,420.451,300.104","[{'station_cd': 2100701, 'x': 76, 'y': 61}, {'station_cd': 2100702, 'x': 70, 'y': 67}, {'station_cd': 2100703, 'x': 66, 'y': 70}, {'station_cd': 2100704, 'x': 64, 'y': 67}, {'station_cd': 2100705, 'x': 59, 'y': 65}, {'station_cd': 2100706, 'x': 56, 'y': 63}, {'station_cd': 2100707, 'x': 54, 'y': 62}, {'station_cd': 2100708, 'x': 52, 'y': 58}]"
21008,東武宇都宮線,"[(2100801, '栃木'), (2100802, '新栃木'), (2100803, '野州平川'), (2100804, '野州大塚'), (2100805, '壬生'), (2100806, '国谷'), (2100807, 'おもちゃのまち'), (2100808, '安塚'), (2100809, '西川田'), (2100810, '江曽島'), (2100811, '南宇都宮'), (2100812, '東武宇都宮')]","419.936,276.297,429.936,286.297","[{'station_cd': 2100801, 'x': 44, 'y': 96}, {'station_cd': 2100802, 'x': 47, 'y': 90}, {'station_cd': 2100803, 'x': 50, 'y': 86}, {'station_cd': 2100804, 'x': 55, 'y': 84}, {'station_cd': 2100805, 'x': 63, 'y': 79}, {'station_cd': 2100806, 'x': 69, 'y': 69}, {'station_cd': 2100807, 'x': 70, 'y': 64}, {'station_cd': 2100808, 'x': 72, 'y': 57}, {'station_cd': 2100809, 'x': 76, 'y': 47}, {'station_cd': 2100810, 'x': 79, 'y': 42}, {'station_cd': 2100811, 'x': 82, 'y': 37}, {'station_cd': 2100812, 'x': 84, 'y': 32}]"
21009,東武鬼怒川線,"[(2100901, '下今市'), (2100902, '大谷向'), (2100903, '大桑'), (2100904, '新高徳'), (2100905, '小佐越'), (2100909, '東武ワールドスクウェア'), (2100906, '鬼怒川温泉'), (2100907, '鬼怒川公園'), (2100908, '新藤原')]","418.250,267.182,428.250,277.182","[{'station_cd': 2100901, 'x': 58, 'y': 86}, {'station_cd': 2100902, 'x': 58, 'y': 84}, {'station_cd': 2100903, 'x': 64, 'y': 74}, {'station_cd': 2100904, 'x': 63, 'y': 67}, {'station_cd': 2100905, 'x': 63, 'y': 59}, {'station_cd': 2100909, 'x': 63, 'y': 57}, {'station_cd': 2100906, 'x': 65, 'y': 52}, {'station_cd': 2100907, 'x': 67, 'y': 46}, {'station_cd': 2100908, 'x': 70, 'y': 42}]"
21010,東武佐野線,"[(2101001, '館林'), (2101002, '渡瀬'), (2101003, '田島'), (2101004, '佐野市'), (2101005, '佐野'), (2101006, '堀米'), (2101007, '吉水'), (2101008, '田沼'), (2101009, '多田'), (2101010, '葛生')]","415.104,279.968,425.104,289.968","[{'station_cd': 2101001, 'x': 53, 'y': 90}, {'station_cd': 2101002, 'x': 56, 'y': 85}, {'station_cd': 2101003, 'x': 63, 'y': 75}, {'station_cd': 2101004, 'x': 66, 'y': 70}, {'station_cd': 2101005, 'x': 67, 'y': 66}, {'station_cd': 2101006, 'x': 67, 'y': 62}, {'station_cd': 2101007, 'x': 67, 'y': 56}, {'station_cd': 2101008, 'x': 68, 'y': 48}, {'station_cd': 2101009, 'x': 71, 'y': 45}, {'station_cd': 2101010, 'x': 75, 'y': 38}]"
21011,東武桐生線,"[(2101101, '太田'), (2101102, '三枚橋'), (2101103, '治良門橋'), (2101104, '藪塚'), (2101105, '阿左美'), (2101106, '新桐生'), (2101107, '相老'), (2101108, '赤城')]","410.305,278.603,420.305,288.603","[{'station_cd': 2101101, 'x': 77, 'y': 88}, {'station_cd': 2101102, 'x': 71, 'y': 81}, {'station_cd': 2101103, 'x': 67, 'y': 74}, {'station_cd': 2101104, 'x': 61, 'y': 64}, {'station_cd': 2101105, 'x': 59, 'y': 55}, {'station_cd': 2101106, 'x': 62, 'y': 51}, {'station_cd': 2101107, 'x': 58, 'y': 46}, {'station_cd': 2101108, 'x': 51, 'y': 40}]"
21012,東武小泉線,"[(2101201, '館林'), (2101202, '成島'), (2101203, '本中野'), (2101204, '篠塚'), (2101205, '東小泉'), (2101206, '小泉町'), (2101207, '西小泉'), (2101208, '太田'), (2101209, '竜舞')]","412.768,281.257,422.768,291.257","[{'station_cd': 2101201, 'x': 83, 'y': 74}, {'station_cd': 2101202, 'x': 77, 'y': 72}, {'station_cd': 2101203, 'x': 68, 'y': 69}, {'station_cd': 2101204, 'x': 62, 'y': 69}, {'station_cd': 2101205, 'x': 58, 'y': 67}, {'station_cd': 2101206, 'x': 55, 'y': 67}, {'station_cd': 2101207, 'x': 52, 'y': 67}, {'station_cd': 2101208, 'x': 45, 'y': 54}, {'station_cd': 2101209, 'x': 53, 'y': 60}]"
22001,西武池袋線,"[(2200101, '池袋'), (2200102, '椎名町'), (2200103, '東長崎'), (2200104, '江古田'), (2200105, '桜台'), (2200106, '練馬'), (2200107, '中村橋'), (2200108, '富士見台'), (2200109, '練馬高野台'), (2200110, '石神井公園'), (2200111, '大泉学園'), (2200112, '保谷'), (2200113, 'ひばりヶ丘'), (2200114, '東久留米'), (2200115, '清瀬'), (2200116, '秋津'), (2200131, '所沢'), (2200117, '西所沢'), (2200118, '小手指'), (2200119, '狭山ヶ丘'), (2200120, '武蔵藤沢'), (2200121, '稲荷山公園'), (2200122, '入間市'), (2200123, '仏子'), (2200124, '元加治'), (2200125, '飯能'), (2200126, '東飯能'), (2200127, '高麗'), (2200128, '武蔵横手'), (2200129, '東吾野'), (2200130, '吾野')]","412.434,293.869,423.224,303.869","[{'station_cd': 2200101, 'x': 121, 'y': 97}, {'station_cd': 2200102, 'x': 117, 'y': 98}, {'station_cd': 2200103, 'x': 114, 'y': 96}, {'station_cd': 2200104, 'x': 112, 'y': 94}, {'station_cd': 2200105, 'x': 109, 'y': 93}, {'station_cd': 2200106, 'x': 107, 'y': 93}, {'station_cd': 2200107, 'x': 103, 'y': 93}, {'station_cd': 2200108, 'x': 102, 'y': 93}, {'station_cd': 2200109, 'x': 99, 'y': 92}, {'station_cd': 2200110, 'x': 96, 'y': 91}, {'station_cd': 2200111, 'x': 91, 'y': 88}, {'station_cd': 2200112, 'x': 87, 'y': 88}, {'station_cd': 2200113, 'x': 82, 'y': 87}, {'station_cd': 2200114, 'x': 79, 'y': 84}, {'station_cd': 2200115, 'x': 76, 'y': 80}, {'station_cd': 2200116, 'x': 70, 'y': 77}, {'station_cd': 2200131, 'x': 65, 'y': 74}, {'station_cd': 2200117, 'x': 61, 'y': 73}, {'station_cd': 2200118, 'x': 56, 'y': 69}, {'station_cd': 2200119, 'x': 52, 'y': 66}, {'station_cd': 2200120, 'x': 51, 'y': 62}, {'station_cd': 2200121, 'x': 47, 'y': 54}, {'station_cd': 2200122, 'x': 45, 'y': 54}, {'station_cd': 2200123, 'x': 38, 'y': 56}, {'station_cd': 2200124, 'x': 35, 'y': 54}, {'station_cd': 2200125, 'x': 29, 'y': 51}, {'station_cd': 2200126, 'x': 30, 'y': 50}, {'station_cd': 2200127, 'x': 25, 'y': 40}, {'station_cd': 2200128, 'x': 20, 'y': 39}, {'station_cd': 2200129, 'x': 15, 'y': 36}, {'station_cd': 2200130, 'x': 7, 'y': 30}]"
22002,西武秩父線,"[(2200201, '飯能'), (2200202, '東飯能'), (2200203, '高麗'), (2200204, '武蔵横手'), (2200205, '東吾野'), (2200206, '吾野'), (2200207, '西吾野'), (2200208, '正丸'), (2200209, '芦ヶ久保'), (2200210, '横瀬'), (2200212, '西武秩父')]","407.593,290.653,417.593,300.653","[{'station_cd': 2200201, 'x': 93, 'y': 91}, {'station_cd': 2200202, 'x': 95, 'y': 90}, {'station_cd': 2200203, 'x': 89, 'y': 79}, {'station_cd': 2200204, 'x': 83, 'y': 78}, {'station_cd': 2200205, 'x': 78, 'y': 75}, {'station_cd': 2200206, 'x': 70, 'y': 69}, {'station_cd': 2200207, 'x': 63, 'y': 62}, {'station_cd': 2200208, 'x': 58, 'y': 57}, {'station_cd': 2200209, 'x': 47, 'y': 43}, {'station_cd': 2200210, 'x': 37, 'y': 39}, {'station_cd': 2200212, 'x': 33, 'y': 37}]"
22003,西武有楽町線,"[(2200301, '小竹向原'), (2200302, '新桜台'), (2200303, '練馬')]","416.737,296.263,426.737,306.263","[{'station_cd': 2200301, 'x': 67, 'y': 63}, {'station_cd': 2200302, 'x': 64, 'y': 64}, {'station_cd': 2200303, 'x': 61, 'y': 65}]"
22004,西武豊島線,"[(2200401, '練馬'), (2200402, '豊島園')]","416.431,296.267,426.431,306.267","[{'station_cd': 2200401, 'x': 65, 'y': 65}, {'station_cd': 2200402, 'x': 63, 'y': 63}]"
22005,西武狭山線,"[(2200501, '西所沢'), (2200502, '下山口'), (2200503, '西武球場前')]","412.181,294.868,422.181,304.868","[{'station_cd': 2200501, 'x': 69, 'y': 61}, {'station_cd': 2200502, 'x': 65, 'y': 64}, {'station_cd': 2200503, 'x': 59, 'y': 67}]"
22006,レオライナー,"[(2200601, '多摩湖'), (2200602, '西武園ゆうえんち'), (2200603, '西武球場前')]","412.042,295.185,422.042,305.185","[{'station_cd': 2200601, 'x': 67, 'y': 65}, {'station_cd': 2200602, 'x': 66, 'y': 64}, {'station_cd': 2200603, 'x': 61, 'y': 63}]"
22007,西武新宿線,"[(2200701, '西武新宿'), (2200702, '高田馬場'), (2200703, '下落合'), (2200704, '中井'), (2200705, '新井薬師前'), (2200706, '沼袋'), (2200707, '野方'), (2200708, '都立家政'), (2200709, '鷺ノ宮'), (2200710, '下井草'), (2200711, '井荻'), (2200712, '上井草'), (2200713, '上石神井'), (2200714, '武蔵関'), (2200715, '東伏見'), (2200716, '西武柳沢'), (2200717, '田無'), (2200718, '花小金井'), (2200719, '小平'), (2200720, '久米川'), (2200721, '東村山'), (2200722, '所沢'), (2200723, '航空公園'), (2200724, '新所沢'), (2200725, '入曽'), (2200726, '狭山市'), (2200727, '新狭山'), (2200728, '南大塚'), (2200729, '本川越')]","414.609,294.339,424.609,304.339","[{'station_cd': 2200701, 'x': 100, 'y': 105}, {'station_cd': 2200702, 'x': 101, 'y': 99}, {'station_cd': 2200703, 'x': 98, 'y': 98}, {'station_cd': 2200704, 'x': 96, 'y': 98}, {'station_cd': 2200705, 'x': 93, 'y': 98}, {'station_cd': 2200706, 'x': 90, 'y': 96}, {'station_cd': 2200707, 'x': 88, 'y': 96}, {'station_cd': 2200708, 'x': 86, 'y': 95}, {'station_cd': 2200709, 'x': 84, 'y': 95}, {'station_cd': 2200710, 'x': 80, 'y': 94}, {'station_cd': 2200711, 'x': 78, 'y': 94}, {'station_cd': 2200712, 'x': 75, 'y': 93}, {'station_cd': 2200713, 'x': 72, 'y': 93}, {'station_cd': 2200714, 'x': 68, 'y': 92}, {'station_cd': 2200715, 'x': 65, 'y': 91}, {'station_cd': 2200716, 'x': 62, 'y': 91}, {'station_cd': 2200717, 'x': 59, 'y': 91}, {'station_cd': 2200718, 'x': 52, 'y': 91}, {'station_cd': 2200719, 'x': 46, 'y': 87}, {'station_cd': 2200720, 'x': 42, 'y': 82}, {'station_cd': 2200721, 'x': 40, 'y': 78}, {'station_cd': 2200722, 'x': 42, 'y': 69}, {'station_cd': 2200723, 'x': 40, 'y': 65}, {'station_cd': 2200724, 'x': 38, 'y': 62}, {'station_cd': 2200725, 'x': 31, 'y': 52}, {'station_cd': 2200726, 'x': 27, 'y': 43}, {'station_cd': 2200727, 'x': 32, 'y': 37}, {'station_cd': 2200728, 'x': 38, 'y': 32}, {'station_cd': 2200729, 'x': 45, 'y': 24}]"
22008,西武拝島線,"[(2200801, '小平'), (2200802, '萩山'), (2200803, '小川'), (2200804, '東大和市'), (2200805, '玉川上水'), (2200806, '武蔵砂川'), (2200807, '西武立川'), (2200808, '拝島')]","411.716,296.204,421.716,306.204","[{'station_cd': 2200801, 'x': 83, 'y': 63}, {'station_cd': 2200802, 'x': 80, 'y': 62}, {'station_cd': 2200803, 'x': 76, 'y': 62}, {'station_cd': 2200804, 'x': 69, 'y': 64}, {'station_cd': 2200805, 'x': 65, 'y': 64}, {'station_cd': 2200806, 'x': 58, 'y': 64}, {'station_cd': 2200807, 'x': 52, 'y': 65}, {'station_cd': 2200808, 'x': 45, 'y': 66}]"
22009,西武西武園線,"[(2200901, '東村山'), (2200902, '西武園')]","412.563,295.346,422.563,305.346","[{'station_cd': 2200901, 'x': 66, 'y': 65}, {'station_cd': 2200902, 'x': 62, 'y': 62}]"
22010,西武国分寺線,"[(2201001, '国分寺'), (2201002, '恋ヶ窪'), (2201003, '鷹の台'), (2201004, '小川'), (2201005, '東村山')]","412.817,296.303,422.817,306.303","[{'station_cd': 2201001, 'x': 66, 'y': 75}, {'station_cd': 2201002, 'x': 62, 'y': 71}, {'station_cd': 2201003, 'x': 61, 'y': 66}, {'station_cd': 2201004, 'x': 62, 'y': 61}, {'station_cd': 2201005, 'x': 63, 'y': 53}]"
22011,西武多摩湖線,"[(2201101, '国分寺'), (2201102, '一橋学園'), (2201103, '青梅街道'), (2201105, '萩山'), (2201106, '八坂'), (2201107, '武蔵大和'), (2201108, '多摩湖')]","412.627,296.199,422.627,306.199","[{'station_cd': 2201101, 'x': 68, 'y': 76}, {'station_cd': 2201102, 'x': 69, 'y': 68}, {'station_cd': 2201103, 'x': 68, 'y': 65}, {'station_cd': 2201105, 'x': 68, 'y': 62}, {'station_cd': 2201106, 'x': 66, 'y': 60}, {'station_cd': 2201107, 'x': 60, 'y': 55}, {'station_cd': 2201108, 'x': 59, 'y': 52}]"
22012,西武多摩川線,"[(2201201, '武蔵境'), (2201202, '新小金井'), (2201203, '多磨'), (2201204, '白糸台'), (2201205, '競艇場前'), (2201206, '是政')]","413.689,297.778,423.689,307.778","[{'station_cd': 2201201, 'x': 71, 'y': 56}, {'station_cd': 2201202, 'x': 67, 'y': 58}, {'station_cd': 2201203, 'x': 64, 'y': 65}, {'station_cd': 2201204, 'x': 62, 'y': 68}, {'station_cd': 2201205, 'x': 60, 'y': 72}, {'station_cd': 2201206, 'x': 57, 'y': 72}]"
23001,京成本線,"[(2300101, '京成上野'), (2300102, '日暮里'), (2300103, '新三河島'), (2300104, '町屋'), (2300105, '千住大橋'), (2300106, '京成関屋'), (2300107, '堀切菖蒲園'), (2300108, 'お花茶屋'), (2300109, '青砥'), (2300110, '京成高砂'), (2300111, '京成小岩'), (2300112, '江戸川'), (2300113, '国府台'), (2300114, '市川真間'), (2300115, '菅野'), (2300116, '京成八幡'), (2300117, '鬼越'), (2300118, '京成中山'), (2300119, '東中山'), (2300120, '京成西船'), (2300121, '海神'), (2300122, '京成船橋'), (2300123, '大神宮下'), (2300124, '船橋競馬場'), (2300125, '谷津'), (2300126, '京成津田沼'), (2300127, '京成大久保'), (2300128, '実籾'), (2300129, '八千代台'), (2300130, '京成大和田'), (2300131, '勝田台'), (2300132, '志津'), (2300133, 'ユーカリが丘'), (2300134, '京成臼井'), (2300135, '京成佐倉'), (2300136, '大佐倉'), (2300137, '京成酒々井'), (2300138, '宗吾参道'), (2300139, '公津の杜'), (2300140, '京成成田'), (2300141, '東成田'), (2300142, '空港第２ビル（第２旅客ターミナル）'), (2300143, '成田空港（第１旅客ターミナル）')]","423.185,297.113,436.810,307.113","[{'station_cd': 2300101, 'x': 6, 'y': 65}, {'station_cd': 2300102, 'x': 6, 'y': 61}, {'station_cd': 2300103, 'x': 7, 'y': 58}, {'station_cd': 2300104, 'x': 8, 'y': 57}, {'station_cd': 2300105, 'x': 11, 'y': 57}, {'station_cd': 2300106, 'x': 14, 'y': 57}, {'station_cd': 2300107, 'x': 17, 'y': 56}, {'station_cd': 2300108, 'x': 19, 'y': 56}, {'station_cd': 2300109, 'x': 22, 'y': 57}, {'station_cd': 2300110, 'x': 24, 'y': 56}, {'station_cd': 2300111, 'x': 27, 'y': 58}, {'station_cd': 2300112, 'x': 30, 'y': 60}, {'station_cd': 2300113, 'x': 31, 'y': 60}, {'station_cd': 2300114, 'x': 32, 'y': 62}, {'station_cd': 2300115, 'x': 34, 'y': 62}, {'station_cd': 2300116, 'x': 36, 'y': 64}, {'station_cd': 2300117, 'x': 37, 'y': 65}, {'station_cd': 2300118, 'x': 39, 'y': 66}, {'station_cd': 2300119, 'x': 40, 'y': 66}, {'station_cd': 2300120, 'x': 41, 'y': 67}, {'station_cd': 2300121, 'x': 44, 'y': 69}, {'station_cd': 2300122, 'x': 46, 'y': 71}, {'station_cd': 2300123, 'x': 47, 'y': 72}, {'station_cd': 2300124, 'x': 48, 'y': 74}, {'station_cd': 2300125, 'x': 50, 'y': 75}, {'station_cd': 2300126, 'x': 54, 'y': 75}, {'station_cd': 2300127, 'x': 58, 'y': 75}, {'station_cd': 2300128, 'x': 62, 'y': 75}, {'station_cd': 2300129, 'x': 66, 'y': 72}, {'station_cd': 2300130, 'x': 69, 'y': 69}, {'station_cd': 2300131, 'x': 73, 'y': 68}, {'station_cd': 2300132, 'x': 76, 'y': 68}, {'station_cd': 2300133, 'x': 78, 'y': 67}, {'station_cd': 2300134, 'x': 83, 'y': 65}, {'station_cd': 2300135, 'x': 92, 'y': 67}, {'station_cd': 2300136, 'x': 96, 'y': 66}, {'station_cd': 2300137, 'x': 100, 'y': 65}, {'station_cd': 2300138, 'x': 102, 'y': 61}, {'station_cd': 2300139, 'x': 105, 'y': 59}, {'station_cd': 2300140, 'x': 109, 'y': 55}, {'station_cd': 2300141, 'x': 122, 'y': 57}, {'station_cd': 2300142, 'x': 122, 'y': 56}, {'station_cd': 2300143, 'x': 122, 'y': 59}]"
23002,京成押上線,"[(2300201, '押上（スカイツリー前）'), (2300202, '京成曳舟'), (2300203, '八広'), (2300204, '四ツ木'), (2300205, '京成立石'), (2300206, '青砥'), (2300207, '京成高砂')]","420.205,296.772,430.205,306.772","[{'station_cd': 2300201, 'x': 57, 'y': 71}, {'station_cd': 2300202, 'x': 59, 'y': 68}, {'station_cd': 2300203, 'x': 61, 'y': 65}, {'station_cd': 2300204, 'x': 63, 'y': 64}, {'station_cd': 2300205, 'x': 66, 'y': 61}, {'station_cd': 2300206, 'x': 68, 'y': 59}, {'station_cd': 2300207, 'x': 71, 'y': 57}]"
23003,京成金町線,"[(2300301, '京成高砂'), (2300302, '柴又'), (2300303, '京成金町')]","420.844,296.010,430.844,306.010","[{'station_cd': 2300301, 'x': 63, 'y': 67}, {'station_cd': 2300302, 'x': 65, 'y': 65}, {'station_cd': 2300303, 'x': 64, 'y': 61}]"
23004,京成千葉線,"[(2300401, '京成津田沼'), (2300402, '京成幕張本郷'), (2300403, '京成幕張'), (2300404, '検見川'), (2300405, '京成稲毛'), (2300406, 'みどり台'), (2300407, '西登戸'), (2300408, '新千葉'), (2300409, '京成千葉'), (2300410, '千葉中央')]","424.791,299.451,434.791,309.451","[{'station_cd': 2300401, 'x': 52, 'y': 50}, {'station_cd': 2300402, 'x': 57, 'y': 54}, {'station_cd': 2300403, 'x': 60, 'y': 58}, {'station_cd': 2300404, 'x': 63, 'y': 61}, {'station_cd': 2300405, 'x': 68, 'y': 67}, {'station_cd': 2300406, 'x': 71, 'y': 72}, {'station_cd': 2300407, 'x': 72, 'y': 74}, {'station_cd': 2300408, 'x': 73, 'y': 76}, {'station_cd': 2300409, 'x': 75, 'y': 77}, {'station_cd': 2300410, 'x': 76, 'y': 78}]"
23005,京成千原線,"[(2300501, '千葉中央'), (2300502, '千葉寺'), (2300503, '大森台'), (2300504, '学園前'), (2300505, 'おゆみ野'), (2300506, 'ちはら台')]","426.205,301.627,436.205,311.627","[{'station_cd': 2300501, 'x': 58, 'y': 51}, {'station_cd': 2300502, 'x': 61, 'y': 57}, {'station_cd': 2300503, 'x': 65, 'y': 59}, {'station_cd': 2300504, 'x': 68, 'y': 68}, {'station_cd': 2300505, 'x': 70, 'y': 72}, {'station_cd': 2300506, 'x': 70, 'y': 77}]"
23006,成田スカイアクセス,"[(2300601, '京成上野'), (2300602, '日暮里'), (2300603, '青砥'), (2300604, '京成高砂'), (2300605, '東松戸'), (2300606, '新鎌ヶ谷'), (2300607, '千葉ニュータウン中央'), (2300608, '印旛日本医大'), (2300609, '成田湯川'), (2300610, '空港第２ビル（第２旅客ターミナル）'), (2300611, '成田空港（第１旅客ターミナル）')]","423.201,296.397,436.822,306.397","[{'station_cd': 2300601, 'x': 6, 'y': 72}, {'station_cd': 2300602, 'x': 6, 'y': 67}, {'station_cd': 2300603, 'x': 22, 'y': 64}, {'station_cd': 2300604, 'x': 24, 'y': 63}, {'station_cd': 2300605, 'x': 38, 'y': 59}, {'station_cd': 2300606, 'x': 49, 'y': 57}, {'station_cd': 2300607, 'x': 71, 'y': 53}, {'station_cd': 2300608, 'x': 87, 'y': 57}, {'station_cd': 2300609, 'x': 104, 'y': 55}, {'station_cd': 2300610, 'x': 122, 'y': 63}, {'station_cd': 2300611, 'x': 122, 'y': 66}]"
24001,京王線,"[(2400101, '新宿'), (2400104, '笹塚'), (2400105, '代田橋'), (2400106, '明大前'), (2400107, '下高井戸'), (2400108, '桜上水'), (2400109, '上北沢'), (2400110, '八幡山'), (2400111, '芦花公園'), (2400112, '千歳烏山'), (2400113, '仙川'), (2400114, 'つつじヶ丘'), (2400115, '柴崎'), (2400116, '国領'), (2400117, '布田'), (2400118, '調布'), (2400119, '西調布'), (2400120, '飛田給'), (2400121, '武蔵野台'), (2400122, '多磨霊園'), (2400123, '東府中'), (2400124, '府中'), (2400125, '分倍河原'), (2400126, '中河原'), (2400127, '聖蹟桜ヶ丘'), (2400128, '百草園'), (2400129, '高幡不動'), (2400130, '南平'), (2400131, '平山城址公園'), (2400132, '長沼'), (2400133, '北野'), (2400134, '京王八王子')]","413.793,298.138,423.793,308.138","[{'station_cd': 2400101, 'x': 110, 'y': 59}, {'station_cd': 2400104, 'x': 101, 'y': 64}, {'station_cd': 2400105, 'x': 99, 'y': 65}, {'station_cd': 2400106, 'x': 97, 'y': 65}, {'station_cd': 2400107, 'x': 95, 'y': 66}, {'station_cd': 2400108, 'x': 92, 'y': 65}, {'station_cd': 2400109, 'x': 90, 'y': 65}, {'station_cd': 2400110, 'x': 88, 'y': 64}, {'station_cd': 2400111, 'x': 86, 'y': 64}, {'station_cd': 2400112, 'x': 84, 'y': 65}, {'station_cd': 2400113, 'x': 80, 'y': 67}, {'station_cd': 2400114, 'x': 78, 'y': 68}, {'station_cd': 2400115, 'x': 75, 'y': 69}, {'station_cd': 2400116, 'x': 73, 'y': 70}, {'station_cd': 2400117, 'x': 72, 'y': 70}, {'station_cd': 2400118, 'x': 70, 'y': 69}, {'station_cd': 2400119, 'x': 66, 'y': 67}, {'station_cd': 2400120, 'x': 65, 'y': 66}, {'station_cd': 2400121, 'x': 61, 'y': 65}, {'station_cd': 2400122, 'x': 59, 'y': 64}, {'station_cd': 2400123, 'x': 57, 'y': 63}, {'station_cd': 2400124, 'x': 53, 'y': 61}, {'station_cd': 2400125, 'x': 50, 'y': 62}, {'station_cd': 2400126, 'x': 48, 'y': 65}, {'station_cd': 2400127, 'x': 45, 'y': 68}, {'station_cd': 2400128, 'x': 41, 'y': 66}, {'station_cd': 2400129, 'x': 36, 'y': 64}, {'station_cd': 2400130, 'x': 31, 'y': 66}, {'station_cd': 2400131, 'x': 28, 'y': 68}, {'station_cd': 2400132, 'x': 24, 'y': 70}, {'station_cd': 2400133, 'x': 21, 'y': 69}, {'station_cd': 2400134, 'x': 18, 'y': 64}]"
24002,京王相模原線,"[(2400201, '調布'), (2400202, '京王多摩川'), (2400203, '京王稲田堤'), (2400204, '京王よみうりランド'), (2400205, '稲城'), (2400206, '若葉台'), (2400207, '京王永山'), (2400208, '京王多摩センター'), (2400209, '京王堀之内'), (2400210, '南大沢'), (2400211, '多摩境'), (2400212, '橋本')]","412.209,299.220,422.209,309.220","[{'station_cd': 2400201, 'x': 90, 'y': 56}, {'station_cd': 2400202, 'x': 88, 'y': 58}, {'station_cd': 2400203, 'x': 86, 'y': 62}, {'station_cd': 2400204, 'x': 83, 'y': 62}, {'station_cd': 2400205, 'x': 79, 'y': 61}, {'station_cd': 2400206, 'x': 71, 'y': 66}, {'station_cd': 2400207, 'x': 65, 'y': 62}, {'station_cd': 2400208, 'x': 59, 'y': 63}, {'station_cd': 2400209, 'x': 53, 'y': 63}, {'station_cd': 2400210, 'x': 48, 'y': 66}, {'station_cd': 2400211, 'x': 44, 'y': 71}, {'station_cd': 2400212, 'x': 38, 'y': 72}]"
24003,京王高尾線,"[(2400301, '北野'), (2400302, '京王片倉'), (2400303, '山田'), (2400304, 'めじろ台'), (2400305, '狭間'), (2400306, '高尾'), (2400307, '高尾山口')]","409.585,298.640,419.585,308.640","[{'station_cd': 2400301, 'x': 75, 'y': 63}, {'station_cd': 2400302, 'x': 70, 'y': 62}, {'station_cd': 2400303, 'x': 66, 'y': 62}, {'station_cd': 2400304, 'x': 63, 'y': 62}, {'station_cd': 2400305, 'x': 59, 'y': 63}, {'station_cd': 2400306, 'x': 56, 'y': 62}, {'station_cd': 2400307, 'x': 53, 'y': 65}]"
24004,京王競馬場線,"[(2400401, '東府中'), (2400402, '府中競馬正門前')]","413.166,298.040,423.166,308.040","[{'station_cd': 2400401, 'x': 65, 'y': 64}, {'station_cd': 2400402, 'x': 63, 'y': 64}]"
24005,京王動物園線,"[(2400501, '高幡不動'), (2400502, '多摩動物公園')]","411.529,298.286,421.529,308.286","[{'station_cd': 2400501, 'x': 65, 'y': 62}, {'station_cd': 2400502, 'x': 63, 'y': 66}]"
24006,京王井の頭線,"[(2400601, '渋谷'), (2400602, '神泉'), (2400603, '駒場東大前'), (2400604, '池ノ上'), (2400605, '下北沢'), (2400606, '新代田'), (2400607, '東松原'), (2400608, '明大前'), (2400609, '永福町'), (2400610, '西永福'), (2400611, '浜田山'), (2400612, '高井戸'), (2400613, '富士見ヶ丘'), (2400614, '久我山'), (2400615, '三鷹台'), (2400616, '井の頭公園'), (2400617, '吉祥寺')]","416.185,297.927,426.185,307.927","[{'station_cd': 2400601, 'x': 79, 'y': 73}, {'station_cd': 2400602, 'x': 77, 'y': 73}, {'station_cd': 2400603, 'x': 75, 'y': 72}, {'station_cd': 2400604, 'x': 72, 'y': 71}, {'station_cd': 2400605, 'x': 71, 'y': 71}, {'station_cd': 2400606, 'x': 69, 'y': 70}, {'station_cd': 2400607, 'x': 68, 'y': 70}, {'station_cd': 2400608, 'x': 66, 'y': 68}, {'station_cd': 2400609, 'x': 65, 'y': 65}, {'station_cd': 2400610, 'x': 63, 'y': 64}, {'station_cd': 2400611, 'x': 61, 'y': 63}, {'station_cd': 2400612, 'x': 57, 'y': 62}, {'station_cd': 2400613, 'x': 55, 'y': 62}, {'station_cd': 2400614, 'x': 53, 'y': 60}, {'station_cd': 2400615, 'x': 51, 'y': 59}, {'station_cd': 2400616, 'x': 49, 'y': 57}, {'station_cd': 2400617, 'x': 49, 'y': 55}]"
24007,京王新線,"[(2400701, '新線新宿'), (2400702, '初台'), (2400703, '幡ヶ谷'), (2400704, '笹塚')]","417.035,297.942,427.035,307.942","[{'station_cd': 2400701, 'x': 68, 'y': 62}, {'station_cd': 2400702, 'x': 65, 'y': 64}, {'station_cd': 2400703, 'x': 62, 'y': 65}, {'station_cd': 2400704, 'x': 60, 'y': 66}]"
25001,小田急線,"[(2500101, '新宿'), (2500102, '南新宿'), (2500103, '参宮橋'), (2500104, '代々木八幡'), (2500105, '代々木上原'), (2500106, '東北沢'), (2500107, '下北沢'), (2500108, '世田谷代田'), (2500109, '梅ヶ丘'), (2500110, '豪徳寺'), (2500111, '経堂'), (2500112, '千歳船橋'), (2500113, '祖師ヶ谷大蔵'), (2500114, '成城学園前'), (2500115, '喜多見'), (2500116, '狛江'), (2500117, '和泉多摩川'), (2500118, '登戸'), (2500119, '向ヶ丘遊園'), (2500120, '生田'), (2500121, '読売ランド前'), (2500122, '百合ヶ丘'), (2500123, '新百合ヶ丘'), (2500124, '柿生'), (2500125, '鶴川'), (2500126, '玉川学園前'), (2500127, '町田'), (2500128, '相模大野'), (2500129, '小田急相模原'), (2500130, '相武台前'), (2500131, '座間'), (2500132, '海老名'), (2500133, '厚木'), (2500134, '本厚木'), (2500135, '愛甲石田'), (2500136, '伊勢原'), (2500137, '鶴巻温泉'), (2500138, '東海大学前'), (2500139, '秦野'), (2500140, '渋沢'), (2500141, '新松田'), (2500142, '開成'), (2500143, '栢山'), (2500144, '富水'), (2500145, '螢田'), (2500146, '足柄'), (2500147, '小田原')]","410.260,301.291,422.949,315.422","[{'station_cd': 2500101, 'x': 116, 'y': 13}, {'station_cd': 2500102, 'x': 116, 'y': 15}, {'station_cd': 2500103, 'x': 115, 'y': 16}, {'station_cd': 2500104, 'x': 114, 'y': 18}, {'station_cd': 2500105, 'x': 113, 'y': 18}, {'station_cd': 2500106, 'x': 111, 'y': 19}, {'station_cd': 2500107, 'x': 110, 'y': 20}, {'station_cd': 2500108, 'x': 109, 'y': 20}, {'station_cd': 2500109, 'x': 108, 'y': 21}, {'station_cd': 2500110, 'x': 107, 'y': 21}, {'station_cd': 2500111, 'x': 105, 'y': 22}, {'station_cd': 2500112, 'x': 102, 'y': 23}, {'station_cd': 2500113, 'x': 100, 'y': 24}, {'station_cd': 2500114, 'x': 98, 'y': 24}, {'station_cd': 2500115, 'x': 96, 'y': 25}, {'station_cd': 2500116, 'x': 94, 'y': 26}, {'station_cd': 2500117, 'x': 93, 'y': 27}, {'station_cd': 2500118, 'x': 92, 'y': 29}, {'station_cd': 2500119, 'x': 91, 'y': 30}, {'station_cd': 2500120, 'x': 87, 'y': 30}, {'station_cd': 2500121, 'x': 85, 'y': 30}, {'station_cd': 2500122, 'x': 83, 'y': 31}, {'station_cd': 2500123, 'x': 81, 'y': 32}, {'station_cd': 2500124, 'x': 79, 'y': 36}, {'station_cd': 2500125, 'x': 76, 'y': 37}, {'station_cd': 2500126, 'x': 73, 'y': 42}, {'station_cd': 2500127, 'x': 69, 'y': 47}, {'station_cd': 2500128, 'x': 68, 'y': 50}, {'station_cd': 2500129, 'x': 65, 'y': 54}, {'station_cd': 2500130, 'x': 62, 'y': 57}, {'station_cd': 2500131, 'x': 61, 'y': 62}, {'station_cd': 2500132, 'x': 59, 'y': 69}, {'station_cd': 2500133, 'x': 57, 'y': 71}, {'station_cd': 2500134, 'x': 54, 'y': 72}, {'station_cd': 2500135, 'x': 50, 'y': 77}, {'station_cd': 2500136, 'x': 45, 'y': 82}, {'station_cd': 2500137, 'x': 38, 'y': 86}, {'station_cd': 2500138, 'x': 37, 'y': 88}, {'station_cd': 2500139, 'x': 29, 'y': 88}, {'station_cd': 2500140, 'x': 21, 'y': 86}, {'station_cd': 2500141, 'x': 13, 'y': 93}, {'station_cd': 2500142, 'x': 12, 'y': 98}, {'station_cd': 2500143, 'x': 13, 'y': 102}, {'station_cd': 2500144, 'x': 14, 'y': 105}, {'station_cd': 2500145, 'x': 15, 'y': 108}, {'station_cd': 2500146, 'x': 15, 'y': 112}, {'station_cd': 2500147, 'x': 15, 'y': 116}]"
25002,小田急江ノ島線,"[(2500201, '相模大野'), (2500202, '東林間'), (2500203, '中央林間'), (2500204, '南林間'), (2500205, '鶴間'), (2500206, '大和'), (2500207, '桜ヶ丘'), (2500208, '高座渋谷'), (2500209, '長後'), (2500210, '湘南台'), (2500211, '六会日大前'), (2500212, '善行'), (2500213, '藤沢本町'), (2500214, '藤沢'), (2500215, '本鵠沼'), (2500216, '鵠沼海岸'), (2500217, '片瀬江ノ島')]","412.470,304.891,422.470,314.891","[{'station_cd': 2500201, 'x': 59, 'y': 24}, {'station_cd': 2500202, 'x': 59, 'y': 28}, {'station_cd': 2500203, 'x': 60, 'y': 33}, {'station_cd': 2500204, 'x': 61, 'y': 37}, {'station_cd': 2500205, 'x': 61, 'y': 39}, {'station_cd': 2500206, 'x': 64, 'y': 47}, {'station_cd': 2500207, 'x': 65, 'y': 53}, {'station_cd': 2500208, 'x': 65, 'y': 60}, {'station_cd': 2500209, 'x': 65, 'y': 67}, {'station_cd': 2500210, 'x': 65, 'y': 73}, {'station_cd': 2500211, 'x': 66, 'y': 77}, {'station_cd': 2500212, 'x': 66, 'y': 85}, {'station_cd': 2500213, 'x': 67, 'y': 90}, {'station_cd': 2500214, 'x': 70, 'y': 94}, {'station_cd': 2500215, 'x': 67, 'y': 96}, {'station_cd': 2500216, 'x': 66, 'y': 100}, {'station_cd': 2500217, 'x': 68, 'y': 104}]"
25003,小田急多摩線,"[(2500301, '新百合ヶ丘'), (2500302, '五月台'), (2500303, '栗平'), (2500304, '黒川'), (2500305, 'はるひ野'), (2500306, '小田急永山'), (2500307, '小田急多摩センター'), (2500308, '唐木田')]","412.524,299.485,422.524,309.485","[{'station_cd': 2500301, 'x': 76, 'y': 69}, {'station_cd': 2500302, 'x': 73, 'y': 70}, {'station_cd': 2500303, 'x': 69, 'y': 68}, {'station_cd': 2500304, 'x': 67, 'y': 65}, {'station_cd': 2500305, 'x': 65, 'y': 63}, {'station_cd': 2500306, 'x': 61, 'y': 59}, {'station_cd': 2500307, 'x': 55, 'y': 60}, {'station_cd': 2500308, 'x': 52, 'y': 63}]"
26001,東急東横線,"[(2600101, '渋谷'), (2600102, '代官山'), (2600103, '中目黒'), (2600104, '祐天寺'), (2600105, '学芸大学'), (2600106, '都立大学'), (2600107, '自由が丘'), (2600108, '田園調布'), (2600109, '多摩川'), (2600110, '新丸子'), (2600111, '武蔵小杉'), (2600112, '元住吉'), (2600113, '日吉'), (2600114, '綱島'), (2600115, '大倉山'), (2600116, '菊名'), (2600117, '妙蓮寺'), (2600118, '白楽'), (2600119, '東白楽'), (2600120, '反町'), (2600121, '横浜')]","416.563,301.204,426.563,311.204","[{'station_cd': 2600101, 'x': 75, 'y': 30}, {'station_cd': 2600102, 'x': 75, 'y': 34}, {'station_cd': 2600103, 'x': 74, 'y': 36}, {'station_cd': 2600104, 'x': 72, 'y': 38}, {'station_cd': 2600105, 'x': 70, 'y': 41}, {'station_cd': 2600106, 'x': 68, 'y': 45}, {'station_cd': 2600107, 'x': 66, 'y': 48}, {'station_cd': 2600108, 'x': 65, 'y': 52}, {'station_cd': 2600109, 'x': 66, 'y': 55}, {'station_cd': 2600110, 'x': 64, 'y': 58}, {'station_cd': 2600111, 'x': 63, 'y': 59}, {'station_cd': 2600112, 'x': 62, 'y': 63}, {'station_cd': 2600113, 'x': 60, 'y': 67}, {'station_cd': 2600114, 'x': 57, 'y': 73}, {'station_cd': 2600115, 'x': 55, 'y': 78}, {'station_cd': 2600116, 'x': 56, 'y': 82}, {'station_cd': 2600117, 'x': 56, 'y': 86}, {'station_cd': 2600118, 'x': 55, 'y': 90}, {'station_cd': 2600119, 'x': 55, 'y': 92}, {'station_cd': 2600120, 'x': 54, 'y': 95}, {'station_cd': 2600121, 'x': 53, 'y': 98}]"
26002,東急目黒線,"[(2600201, '目黒'), (2600202, '不動前'), (2600203, '武蔵小山'), (2600204, '西小山'), (2600205, '洗足'), (2600206, '大岡山'), (2600207, '奥沢'), (2600208, '田園調布'), (2600209, '多摩川'), (2600210, '新丸子'), (2600211, '武蔵小杉'), (2600212, '元住吉'), (2600213, '日吉')]","416.950,300.377,426.950,310.377","[{'station_cd': 2600201, 'x': 73, 'y': 50}, {'station_cd': 2600202, 'x': 73, 'y': 53}, {'station_cd': 2600203, 'x': 70, 'y': 55}, {'station_cd': 2600204, 'x': 69, 'y': 57}, {'station_cd': 2600205, 'x': 67, 'y': 58}, {'station_cd': 2600206, 'x': 65, 'y': 59}, {'station_cd': 2600207, 'x': 62, 'y': 60}, {'station_cd': 2600208, 'x': 60, 'y': 63}, {'station_cd': 2600209, 'x': 61, 'y': 65}, {'station_cd': 2600210, 'x': 59, 'y': 68}, {'station_cd': 2600211, 'x': 58, 'y': 70}, {'station_cd': 2600212, 'x': 57, 'y': 73}, {'station_cd': 2600213, 'x': 55, 'y': 78}]"
26003,東急田園都市線,"[(2600301, '渋谷'), (2600302, '池尻大橋'), (2600303, '三軒茶屋'), (2600304, '駒沢大学'), (2600305, '桜新町'), (2600306, '用賀'), (2600307, '二子玉川'), (2600308, '二子新地'), (2600309, '高津'), (2600310, '溝の口'), (2600311, '梶が谷'), (2600312, '宮崎台'), (2600313, '宮前平'), (2600314, '鷺沼'), (2600315, 'たまプラーザ'), (2600316, 'あざみ野'), (2600317, '江田'), (2600318, '市が尾'), (2600319, '藤が丘'), (2600320, '青葉台'), (2600321, '田奈'), (2600322, '長津田'), (2600323, 'つくし野'), (2600324, 'すずかけ台'), (2600325, '南町田グランベリーパーク'), (2600326, 'つきみ野'), (2600327, '中央林間')]","414.787,300.532,424.787,310.532","[{'station_cd': 2600301, 'x': 98, 'y': 39}, {'station_cd': 2600302, 'x': 93, 'y': 42}, {'station_cd': 2600303, 'x': 89, 'y': 44}, {'station_cd': 2600304, 'x': 87, 'y': 47}, {'station_cd': 2600305, 'x': 83, 'y': 48}, {'station_cd': 2600306, 'x': 80, 'y': 50}, {'station_cd': 2600307, 'x': 78, 'y': 55}, {'station_cd': 2600308, 'x': 77, 'y': 56}, {'station_cd': 2600309, 'x': 75, 'y': 57}, {'station_cd': 2600310, 'x': 74, 'y': 59}, {'station_cd': 2600311, 'x': 72, 'y': 61}, {'station_cd': 2600312, 'x': 69, 'y': 63}, {'station_cd': 2600313, 'x': 66, 'y': 63}, {'station_cd': 2600314, 'x': 64, 'y': 65}, {'station_cd': 2600315, 'x': 60, 'y': 66}, {'station_cd': 2600316, 'x': 59, 'y': 69}, {'station_cd': 2600317, 'x': 58, 'y': 72}, {'station_cd': 2600318, 'x': 56, 'y': 75}, {'station_cd': 2600319, 'x': 52, 'y': 77}, {'station_cd': 2600320, 'x': 49, 'y': 77}, {'station_cd': 2600321, 'x': 46, 'y': 79}, {'station_cd': 2600322, 'x': 43, 'y': 81}, {'station_cd': 2600323, 'x': 41, 'y': 82}, {'station_cd': 2600324, 'x': 40, 'y': 86}, {'station_cd': 2600325, 'x': 37, 'y': 88}, {'station_cd': 2600326, 'x': 34, 'y': 88}, {'station_cd': 2600327, 'x': 30, 'y': 89}]"
26004,東急大井町線,"[(2600401, '大井町'), (2600402, '下神明'), (2600403, '戸越公園'), (2600404, '中延'), (2600405, '荏原町'), (2600406, '旗の台'), (2600407, '北千束'), (2600408, '大岡山'), (2600409, '緑が丘'), (2600410, '自由が丘'), (2600411, '九品仏'), (2600412, '尾山台'), (2600413, '等々力'), (2600414, '上野毛'), (2600415, '二子玉川'), (2600416, '二子新地'), (2600417, '高津'), (2600418, '溝の口')]","416.787,300.023,426.787,310.023","[{'station_cd': 2600401, 'x': 80, 'y': 64}, {'station_cd': 2600402, 'x': 78, 'y': 64}, {'station_cd': 2600403, 'x': 76, 'y': 64}, {'station_cd': 2600404, 'x': 74, 'y': 65}, {'station_cd': 2600405, 'x': 73, 'y': 65}, {'station_cd': 2600406, 'x': 72, 'y': 65}, {'station_cd': 2600407, 'x': 69, 'y': 64}, {'station_cd': 2600408, 'x': 67, 'y': 64}, {'station_cd': 2600409, 'x': 66, 'y': 64}, {'station_cd': 2600410, 'x': 63, 'y': 63}, {'station_cd': 2600411, 'x': 61, 'y': 64}, {'station_cd': 2600412, 'x': 59, 'y': 63}, {'station_cd': 2600413, 'x': 58, 'y': 63}, {'station_cd': 2600414, 'x': 55, 'y': 61}, {'station_cd': 2600415, 'x': 52, 'y': 61}, {'station_cd': 2600416, 'x': 51, 'y': 63}, {'station_cd': 2600417, 'x': 50, 'y': 64}, {'station_cd': 2600418, 'x': 48, 'y': 65}]"
26005,東急池上線,"[(2600501, '五反田'), (2600502, '大崎広小路'), (2600503, '戸越銀座'), (2600504, '荏原中延'), (2600505, '旗の台'), (2600506, '長原'), (2600507, '洗足池'), (2600508, '石川台'), (2600509, '雪が谷大塚'), (2600510, '御嶽山'), (2600511, '久が原'), (2600512, '千鳥町'), (2600513, '池上'), (2600514, '蓮沼'), (2600515, '蒲田')]","417.378,300.407,427.378,310.407","[{'station_cd': 2600501, 'x': 70, 'y': 53}, {'station_cd': 2600502, 'x': 69, 'y': 54}, {'station_cd': 2600503, 'x': 67, 'y': 56}, {'station_cd': 2600504, 'x': 67, 'y': 58}, {'station_cd': 2600505, 'x': 64, 'y': 60}, {'station_cd': 2600506, 'x': 63, 'y': 61}, {'station_cd': 2600507, 'x': 61, 'y': 62}, {'station_cd': 2600508, 'x': 60, 'y': 63}, {'station_cd': 2600509, 'x': 58, 'y': 64}, {'station_cd': 2600510, 'x': 59, 'y': 67}, {'station_cd': 2600511, 'x': 60, 'y': 69}, {'station_cd': 2600512, 'x': 61, 'y': 71}, {'station_cd': 2600513, 'x': 64, 'y': 72}, {'station_cd': 2600514, 'x': 65, 'y': 75}, {'station_cd': 2600515, 'x': 67, 'y': 76}]"
26006,東急多摩川線,"[(2600601, '多摩川'), (2600602, '沼部'), (2600603, '鵜の木'), (2600604, '下丸子'), (2600605, '武蔵新田'), (2600606, '矢口渡'), (2600607, '蒲田')]","417.149,300.888,427.149,310.888","[{'station_cd': 2600601, 'x': 58, 'y': 59}, {'station_cd': 2600602, 'x': 59, 'y': 61}, {'station_cd': 2600603, 'x': 61, 'y': 64}, {'station_cd': 2600604, 'x': 62, 'y': 65}, {'station_cd': 2600605, 'x': 64, 'y': 67}, {'station_cd': 2600606, 'x': 66, 'y': 69}, {'station_cd': 2600607, 'x': 70, 'y': 69}]"
26007,東急世田谷線,"[(2600701, '三軒茶屋'), (2600702, '西太子堂'), (2600703, '若林'), (2600704, '松陰神社前'), (2600705, '世田谷'), (2600706, '上町'), (2600707, '宮の坂'), (2600708, '山下'), (2600709, '松原'), (2600710, '下高井戸')]","416.474,298.639,426.474,308.639","[{'station_cd': 2600701, 'x': 68, 'y': 68}, {'station_cd': 2600702, 'x': 67, 'y': 68}, {'station_cd': 2600703, 'x': 65, 'y': 67}, {'station_cd': 2600704, 'x': 64, 'y': 68}, {'station_cd': 2600705, 'x': 63, 'y': 68}, {'station_cd': 2600706, 'x': 61, 'y': 68}, {'station_cd': 2600707, 'x': 61, 'y': 66}, {'station_cd': 2600708, 'x': 62, 'y': 64}, {'station_cd': 2600709, 'x': 61, 'y': 62}, {'station_cd': 2600710, 'x': 60, 'y': 60}]"
26008,東急こどもの国線,"[(2600801, '長津田'), (2600802, '恩田'), (2600803, 'こどもの国')]","413.095,301.474,423.095,311.474","[{'station_cd': 2600801, 'x': 65, 'y': 69}, {'station_cd': 2600802, 'x': 65, 'y': 64}, {'station_cd': 2600803, 'x': 63, 'y': 59}]"
26009,東急新横浜線,"[(2600901, '新横浜'), (2600902, '新綱島'), (2600903, '日吉')]","415.933,302.038,425.933,312.038","[{'station_cd': 2600901, 'x': 60, 'y': 72}, {'station_cd': 2600902, 'x': 65, 'y': 62}, {'station_cd': 2600903, 'x': 68, 'y': 56}]"
27001,京急本線,"[(2700101, '泉岳寺'), (2700102, '品川'), (2700103, '北品川'), (2700104, '新馬場'), (2700105, '青物横丁'), (2700106, '鮫洲'), (2700107, '立会川'), (2700108, '大森海岸'), (2700109, '平和島'), (2700110, '大森町'), (2700111, '梅屋敷'), (2700112, '京急蒲田'), (2700113, '雑色'), (2700114, '六郷土手'), (2700115, '京急川崎'), (2700116, '八丁畷'), (2700117, '鶴見市場'), (2700118, '京急鶴見'), (2700119, '花月総持寺'), (2700120, '生麦'), (2700121, '京急新子安'), (2700122, '子安'), (2700123, '神奈川新町'), (2700124, '京急東神奈川'), (2700125, '神奈川'), (2700126, '横浜'), (2700127, '戸部'), (2700128, '日ノ出町'), (2700129, '黄金町'), (2700130, '南太田'), (2700131, '井土ヶ谷'), (2700132, '弘明寺'), (2700133, '上大岡'), (2700134, '屏風浦'), (2700135, '杉田'), (2700136, '京急富岡'), (2700137, '能見台'), (2700138, '金沢文庫'), (2700139, '金沢八景'), (2700140, '追浜'), (2700141, '京急田浦'), (2700142, '安針塚'), (2700143, '逸見'), (2700144, '汐入'), (2700145, '横須賀中央'), (2700146, '県立大学'), (2700147, '堀ノ内'), (2700148, '京急大津'), (2700149, '馬堀海岸'), (2700150, '浦賀')]","416.636,303.462,426.636,315.533","[{'station_cd': 2700101, 'x': 80, 'y': 8}, {'station_cd': 2700102, 'x': 80, 'y': 11}, {'station_cd': 2700103, 'x': 80, 'y': 13}, {'station_cd': 2700104, 'x': 80, 'y': 14}, {'station_cd': 2700105, 'x': 81, 'y': 17}, {'station_cd': 2700106, 'x': 80, 'y': 18}, {'station_cd': 2700107, 'x': 80, 'y': 20}, {'station_cd': 2700108, 'x': 79, 'y': 23}, {'station_cd': 2700109, 'x': 79, 'y': 25}, {'station_cd': 2700110, 'x': 78, 'y': 27}, {'station_cd': 2700111, 'x': 77, 'y': 29}, {'station_cd': 2700112, 'x': 76, 'y': 31}, {'station_cd': 2700113, 'x': 74, 'y': 34}, {'station_cd': 2700114, 'x': 73, 'y': 36}, {'station_cd': 2700115, 'x': 71, 'y': 38}, {'station_cd': 2700116, 'x': 69, 'y': 41}, {'station_cd': 2700117, 'x': 68, 'y': 43}, {'station_cd': 2700118, 'x': 66, 'y': 46}, {'station_cd': 2700119, 'x': 65, 'y': 48}, {'station_cd': 2700120, 'x': 64, 'y': 49}, {'station_cd': 2700121, 'x': 61, 'y': 51}, {'station_cd': 2700122, 'x': 59, 'y': 52}, {'station_cd': 2700123, 'x': 58, 'y': 53}, {'station_cd': 2700124, 'x': 57, 'y': 54}, {'station_cd': 2700125, 'x': 55, 'y': 56}, {'station_cd': 2700126, 'x': 54, 'y': 57}, {'station_cd': 2700127, 'x': 53, 'y': 60}, {'station_cd': 2700128, 'x': 55, 'y': 63}, {'station_cd': 2700129, 'x': 54, 'y': 65}, {'station_cd': 2700130, 'x': 52, 'y': 66}, {'station_cd': 2700131, 'x': 49, 'y': 66}, {'station_cd': 2700132, 'x': 48, 'y': 69}, {'station_cd': 2700133, 'x': 48, 'y': 73}, {'station_cd': 2700134, 'x': 51, 'y': 78}, {'station_cd': 2700135, 'x': 52, 'y': 81}, {'station_cd': 2700136, 'x': 55, 'y': 86}, {'station_cd': 2700137, 'x': 55, 'y': 88}, {'station_cd': 2700138, 'x': 53, 'y': 93}, {'station_cd': 2700139, 'x': 53, 'y': 97}, {'station_cd': 2700140, 'x': 54, 'y': 102}, {'station_cd': 2700141, 'x': 54, 'y': 106}, {'station_cd': 2700142, 'x': 57, 'y': 110}, {'station_cd': 2700143, 'x': 59, 'y': 112}, {'station_cd': 2700144, 'x': 61, 'y': 112}, {'station_cd': 2700145, 'x': 63, 'y': 113}, {'station_cd': 2700146, 'x': 64, 'y': 116}, {'station_cd': 2700147, 'x': 67, 'y': 118}, {'station_cd': 2700148, 'x': 68, 'y': 119}, {'station_cd': 2700149, 'x': 71, 'y': 119}, {'station_cd': 2700150, 'x': 72, 'y': 122}]"
27002,京急空港線,"[(2700201, '京急蒲田'), (2700202, '糀谷'), (2700203, '大鳥居'), (2700204, '穴守稲荷'), (2700205, '天空橋'), (2700207, '羽田空港第3ターミナル'), (2700206, '羽田空港第1・第2ターミナル')]","418.400,301.610,428.400,311.610","[{'station_cd': 2700201, 'x': 56, 'y': 61}, {'station_cd': 2700202, 'x': 58, 'y': 63}, {'station_cd': 2700203, 'x': 60, 'y': 64}, {'station_cd': 2700204, 'x': 62, 'y': 65}, {'station_cd': 2700205, 'x': 64, 'y': 65}, {'station_cd': 2700207, 'x': 68, 'y': 67}, {'station_cd': 2700206, 'x': 72, 'y': 66}]"
27003,京急大師線,"[(2700301, '京急川崎'), (2700302, '港町'), (2700303, '鈴木町'), (2700304, '川崎大師'), (2700305, '東門前'), (2700306, '大師橋'), (2700307, '小島新田')]","417.778,302.070,427.778,312.070","[{'station_cd': 2700301, 'x': 58, 'y': 64}, {'station_cd': 2700302, 'x': 61, 'y': 64}, {'station_cd': 2700303, 'x': 63, 'y': 64}, {'station_cd': 2700304, 'x': 64, 'y': 64}, {'station_cd': 2700305, 'x': 67, 'y': 64}, {'station_cd': 2700306, 'x': 68, 'y': 64}, {'station_cd': 2700307, 'x': 70, 'y': 64}]"
27004,京急逗子線,"[(2700401, '金沢八景'), (2700402, '六浦'), (2700403, '神武寺'), (2700404, '逗子・葉山')]","415.170,308.078,425.170,318.078","[{'station_cd': 2700401, 'x': 69, 'y': 58}, {'station_cd': 2700402, 'x': 67, 'y': 61}, {'station_cd': 2700403, 'x': 62, 'y': 66}, {'station_cd': 2700404, 'x': 59, 'y': 70}]"
27005,京急久里浜線,"[(2700501, '堀ノ内'), (2700502, '新大津'), (2700503, '北久里浜'), (2700504, '京急久里浜'), (2700505, 'ＹＲＰ野比'), (2700506, '京急長沢'), (2700507, '津久井浜'), (2700508, '三浦海岸'), (2700509, '三崎口')]","416.468,310.735,426.468,320.735","[{'station_cd': 2700501, 'x': 69, 'y': 49}, {'station_cd': 2700502, 'x': 70, 'y': 51}, {'station_cd': 2700503, 'x': 69, 'y': 54}, {'station_cd': 2700504, 'x': 73, 'y': 61}, {'station_cd': 2700505, 'x': 68, 'y': 67}, {'station_cd': 2700506, 'x': 66, 'y': 69}, {'station_cd': 2700507, 'x': 63, 'y': 72}, {'station_cd': 2700508, 'x': 60, 'y': 75}, {'station_cd': 2700509, 'x': 55, 'y': 79}]"
28001,東京メトロ銀座線,"[(2800101, '浅草'), (2800102, '田原町'), (2800103, '稲荷町'), (2800104, '上野'), (2800105, '上野広小路'), (2800106, '末広町'), (2800107, '神田'), (2800108, '三越前'), (2800109, '日本橋'), (2800110, '京橋'), (2800111, '銀座'), (2800112, '新橋'), (2800113, '虎ノ門'), (2800114, '溜池山王'), (2800115, '赤坂見附'), (2800116, '青山一丁目'), (2800117, '外苑前'), (2800118, '表参道'), (2800119, '渋谷')]","418.365,297.918,428.365,307.918","[{'station_cd': 2800101, 'x': 77, 'y': 56}, {'station_cd': 2800102, 'x': 75, 'y': 56}, {'station_cd': 2800103, 'x': 73, 'y': 55}, {'station_cd': 2800104, 'x': 71, 'y': 55}, {'station_cd': 2800105, 'x': 70, 'y': 56}, {'station_cd': 2800106, 'x': 70, 'y': 58}, {'station_cd': 2800107, 'x': 70, 'y': 61}, {'station_cd': 2800108, 'x': 70, 'y': 64}, {'station_cd': 2800109, 'x': 70, 'y': 66}, {'station_cd': 2800110, 'x': 69, 'y': 67}, {'station_cd': 2800111, 'x': 68, 'y': 69}, {'station_cd': 2800112, 'x': 66, 'y': 71}, {'station_cd': 2800113, 'x': 64, 'y': 69}, {'station_cd': 2800114, 'x': 62, 'y': 68}, {'station_cd': 2800115, 'x': 61, 'y': 67}, {'station_cd': 2800116, 'x': 57, 'y': 68}, {'station_cd': 2800117, 'x': 56, 'y': 69}, {'station_cd': 2800118, 'x': 54, 'y': 70}, {'station_cd': 2800119, 'x': 51, 'y': 73}]"
28002,東京メトロ丸ノ内線,"[(2800201, '池袋'), (2800202, '新大塚'), (2800203, '茗荷谷'), (2800204, '後楽園'), (2800205, '本郷三丁目'), (2800206, '御茶ノ水'), (2800207, '淡路町'), (2800208, '大手町'), (2800209, '東京'), (2800210, '銀座'), (2800211, '霞ケ関'), (2800212, '国会議事堂前'), (2800213, '赤坂見附'), (2800214, '四ツ谷'), (2800215, '四谷三丁目'), (2800216, '新宿御苑前'), (2800217, '新宿三丁目'), (2800218, '新宿'), (2800219, '西新宿'), (2800220, '中野坂上'), (2800221, '新中野'), (2800222, '東高円寺'), (2800223, '新高円寺'), (2800224, '南阿佐ケ谷'), (2800225, '荻窪'), (2800226, '中野新橋'), (2800227, '中野富士見町'), (2800228, '方南町')]","417.263,297.404,427.263,307.404","[{'station_cd': 2800201, 'x': 69, 'y': 54}, {'station_cd': 2800202, 'x': 73, 'y': 56}, {'station_cd': 2800203, 'x': 75, 'y': 59}, {'station_cd': 2800204, 'x': 79, 'y': 63}, {'station_cd': 2800205, 'x': 81, 'y': 63}, {'station_cd': 2800206, 'x': 82, 'y': 65}, {'station_cd': 2800207, 'x': 83, 'y': 67}, {'station_cd': 2800208, 'x': 82, 'y': 70}, {'station_cd': 2800209, 'x': 82, 'y': 72}, {'station_cd': 2800210, 'x': 82, 'y': 76}, {'station_cd': 2800211, 'x': 78, 'y': 75}, {'station_cd': 2800212, 'x': 77, 'y': 75}, {'station_cd': 2800213, 'x': 75, 'y': 73}, {'station_cd': 2800214, 'x': 73, 'y': 70}, {'station_cd': 2800215, 'x': 71, 'y': 69}, {'station_cd': 2800216, 'x': 68, 'y': 69}, {'station_cd': 2800217, 'x': 67, 'y': 68}, {'station_cd': 2800218, 'x': 66, 'y': 67}, {'station_cd': 2800219, 'x': 64, 'y': 66}, {'station_cd': 2800220, 'x': 61, 'y': 65}, {'station_cd': 2800221, 'x': 58, 'y': 65}, {'station_cd': 2800222, 'x': 55, 'y': 65}, {'station_cd': 2800223, 'x': 52, 'y': 64}, {'station_cd': 2800224, 'x': 49, 'y': 64}, {'station_cd': 2800225, 'x': 45, 'y': 62}, {'station_cd': 2800226, 'x': 59, 'y': 67}, {'station_cd': 2800227, 'x': 57, 'y': 67}, {'station_cd': 2800228, 'x': 54, 'y': 70}]"
28003,東京メトロ日比谷線,"[(2800301, '北千住'), (2800302, '南千住'), (2800303, '三ノ輪'), (2800304, '入谷'), (2800305, '上野'), (2800306, '仲御徒町'), (2800307, '秋葉原'), (2800308, '小伝馬町'), (2800309, '人形町'), (2800310, '茅場町'), (2800311, '八丁堀'), (2800312, '築地'), (2800313, '東銀座'), (2800314, '銀座'), (2800315, '日比谷'), (2800316, '霞ケ関'), (2800322, '虎ノ門ヒルズ'), (2800317, '神谷町'), (2800318, '六本木'), (2800319, '広尾'), (2800320, '恵比寿'), (2800321, '中目黒')]","418.414,297.612,428.414,307.612","[{'station_cd': 2800301, 'x': 78, 'y': 46}, {'station_cd': 2800302, 'x': 77, 'y': 52}, {'station_cd': 2800303, 'x': 75, 'y': 53}, {'station_cd': 2800304, 'x': 72, 'y': 56}, {'station_cd': 2800305, 'x': 71, 'y': 59}, {'station_cd': 2800306, 'x': 70, 'y': 61}, {'station_cd': 2800307, 'x': 70, 'y': 64}, {'station_cd': 2800308, 'x': 71, 'y': 66}, {'station_cd': 2800309, 'x': 72, 'y': 68}, {'station_cd': 2800310, 'x': 71, 'y': 70}, {'station_cd': 2800311, 'x': 70, 'y': 72}, {'station_cd': 2800312, 'x': 69, 'y': 74}, {'station_cd': 2800313, 'x': 68, 'y': 74}, {'station_cd': 2800314, 'x': 67, 'y': 73}, {'station_cd': 2800315, 'x': 66, 'y': 72}, {'station_cd': 2800316, 'x': 64, 'y': 72}, {'station_cd': 2800322, 'x': 63, 'y': 74}, {'station_cd': 2800317, 'x': 62, 'y': 76}, {'station_cd': 2800318, 'x': 59, 'y': 76}, {'station_cd': 2800319, 'x': 56, 'y': 79}, {'station_cd': 2800320, 'x': 53, 'y': 81}, {'station_cd': 2800321, 'x': 50, 'y': 82}]"
28004,東京メトロ東西線,"[(2800401, '中野'), (2800402, '落合'), (2800403, '高田馬場'), (2800404, '早稲田'), (2800405, '神楽坂'), (2800406, '飯田橋'), (2800407, '九段下'), (2800408, '竹橋'), (2800409, '大手町'), (2800410, '日本橋'), (2800411, '茅場町'), (2800412, '門前仲町'), (2800413, '木場'), (2800414, '東陽町'), (2800415, '南砂町'), (2800416, '西葛西'), (2800417, '葛西'), (2800418, '浦安'), (2800419, '南行徳'), (2800420, '行徳'), (2800421, '妙典'), (2800422, '原木中山'), (2800423, '西船橋')]","419.630,297.913,429.630,307.913","[{'station_cd': 2800401, 'x': 27, 'y': 55}, {'station_cd': 2800402, 'x': 32, 'y': 54}, {'station_cd': 2800403, 'x': 37, 'y': 53}, {'station_cd': 2800404, 'x': 41, 'y': 56}, {'station_cd': 2800405, 'x': 44, 'y': 57}, {'station_cd': 2800406, 'x': 47, 'y': 58}, {'station_cd': 2800407, 'x': 49, 'y': 60}, {'station_cd': 2800408, 'x': 50, 'y': 62}, {'station_cd': 2800409, 'x': 52, 'y': 65}, {'station_cd': 2800410, 'x': 54, 'y': 66}, {'station_cd': 2800411, 'x': 56, 'y': 67}, {'station_cd': 2800412, 'x': 60, 'y': 70}, {'station_cd': 2800413, 'x': 62, 'y': 71}, {'station_cd': 2800414, 'x': 65, 'y': 71}, {'station_cd': 2800415, 'x': 69, 'y': 71}, {'station_cd': 2800416, 'x': 76, 'y': 73}, {'station_cd': 2800417, 'x': 79, 'y': 74}, {'station_cd': 2800418, 'x': 85, 'y': 73}, {'station_cd': 2800419, 'x': 87, 'y': 71}, {'station_cd': 2800420, 'x': 90, 'y': 68}, {'station_cd': 2800421, 'x': 93, 'y': 65}, {'station_cd': 2800422, 'x': 97, 'y': 61}, {'station_cd': 2800423, 'x': 102, 'y': 60}]"
28005,東京メトロ千代田線,"[(2800501, '北綾瀬'), (2800502, '綾瀬'), (2800503, '北千住'), (2800504, '町屋'), (2800505, '西日暮里'), (2800506, '千駄木'), (2800507, '根津'), (2800508, '湯島'), (2800509, '新御茶ノ水'), (2800510, '大手町'), (2800511, '二重橋前'), (2800512, '日比谷'), (2800513, '霞ケ関'), (2800514, '国会議事堂前'), (2800515, '赤坂'), (2800516, '乃木坂'), (2800517, '表参道'), (2800518, '明治神宮前〈原宿〉'), (2800519, '代々木公園'), (2800520, '代々木上原')]","418.521,296.928,428.521,306.928","[{'station_cd': 2800501, 'x': 84, 'y': 45}, {'station_cd': 2800502, 'x': 82, 'y': 51}, {'station_cd': 2800503, 'x': 77, 'y': 55}, {'station_cd': 2800504, 'x': 70, 'y': 57}, {'station_cd': 2800505, 'x': 67, 'y': 60}, {'station_cd': 2800506, 'x': 66, 'y': 63}, {'station_cd': 2800507, 'x': 66, 'y': 66}, {'station_cd': 2800508, 'x': 67, 'y': 69}, {'station_cd': 2800509, 'x': 66, 'y': 72}, {'station_cd': 2800510, 'x': 66, 'y': 77}, {'station_cd': 2800511, 'x': 65, 'y': 78}, {'station_cd': 2800512, 'x': 64, 'y': 81}, {'station_cd': 2800513, 'x': 62, 'y': 81}, {'station_cd': 2800514, 'x': 61, 'y': 81}, {'station_cd': 2800515, 'x': 59, 'y': 81}, {'station_cd': 2800516, 'x': 56, 'y': 83}, {'station_cd': 2800517, 'x': 52, 'y': 83}, {'station_cd': 2800518, 'x': 50, 'y': 82}, {'station_cd': 2800519, 'x': 46, 'y': 81}, {'station_cd': 2800520, 'x': 44, 'y': 81}]"
28006,東京メトロ有楽町線,"[(2800601, '和光市'), (2800602, '地下鉄成増'), (2800603, '地下鉄赤塚'), (2800604, '平和台'), (2800605, '氷川台'), (2800606, '小竹向原'), (2800607, '千川'), (2800608, '要町'), (2800609, '池袋'), (2800610, '東池袋'), (2800611, '護国寺'), (2800612, '江戸川橋'), (2800613, '飯田橋'), (2800614, '市ケ谷'), (2800615, '麹町'), (2800616, '永田町'), (2800617, '桜田門'), (2800618, '有楽町'), (2800619, '銀座一丁目'), (2800620, '新富町'), (2800621, '月島'), (2800622, '豊洲'), (2800623, '辰巳'), (2800624, '新木場')]","417.783,296.995,427.783,306.995","[{'station_cd': 2800601, 'x': 37, 'y': 37}, {'station_cd': 2800602, 'x': 42, 'y': 41}, {'station_cd': 2800603, 'x': 45, 'y': 44}, {'station_cd': 2800604, 'x': 47, 'y': 48}, {'station_cd': 2800605, 'x': 50, 'y': 52}, {'station_cd': 2800606, 'x': 54, 'y': 54}, {'station_cd': 2800607, 'x': 56, 'y': 56}, {'station_cd': 2800608, 'x': 59, 'y': 58}, {'station_cd': 2800609, 'x': 62, 'y': 59}, {'station_cd': 2800610, 'x': 64, 'y': 61}, {'station_cd': 2800611, 'x': 66, 'y': 63}, {'station_cd': 2800612, 'x': 68, 'y': 67}, {'station_cd': 2800613, 'x': 70, 'y': 70}, {'station_cd': 2800614, 'x': 68, 'y': 73}, {'station_cd': 2800615, 'x': 68, 'y': 76}, {'station_cd': 2800616, 'x': 69, 'y': 78}, {'station_cd': 2800617, 'x': 72, 'y': 79}, {'station_cd': 2800618, 'x': 75, 'y': 79}, {'station_cd': 2800619, 'x': 76, 'y': 80}, {'station_cd': 2800620, 'x': 78, 'y': 81}, {'station_cd': 2800621, 'x': 80, 'y': 84}, {'station_cd': 2800622, 'x': 83, 'y': 87}, {'station_cd': 2800623, 'x': 87, 'y': 91}, {'station_cd': 2800624, 'x': 91, 'y': 91}]"
28008,東京メトロ半蔵門線,"[(2800801, '渋谷'), (2800802, '表参道'), (2800803, '青山一丁目'), (2800804, '永田町'), (2800805, '半蔵門'), (2800806, '九段下'), (2800807, '神保町'), (2800808, '大手町'), (2800809, '三越前'), (2800810, '水天宮前'), (2800811, '清澄白河'), (2800814, '住吉'), (2800812, '錦糸町'), (2800813, '押上〈スカイツリー前〉')]","418.546,297.941,428.546,307.941","[{'station_cd': 2800801, 'x': 49, 'y': 72}, {'station_cd': 2800802, 'x': 52, 'y': 70}, {'station_cd': 2800803, 'x': 55, 'y': 68}, {'station_cd': 2800804, 'x': 59, 'y': 66}, {'station_cd': 2800805, 'x': 60, 'y': 63}, {'station_cd': 2800806, 'x': 62, 'y': 60}, {'station_cd': 2800807, 'x': 64, 'y': 60}, {'station_cd': 2800808, 'x': 65, 'y': 63}, {'station_cd': 2800809, 'x': 68, 'y': 64}, {'station_cd': 2800810, 'x': 71, 'y': 65}, {'station_cd': 2800811, 'x': 74, 'y': 66}, {'station_cd': 2800814, 'x': 79, 'y': 63}, {'station_cd': 2800812, 'x': 79, 'y': 60}, {'station_cd': 2800813, 'x': 78, 'y': 56}]"
28009,東京メトロ南北線,"[(2800901, '赤羽岩淵'), (2800902, '志茂'), (2800903, '王子神谷'), (2800904, '王子'), (2800905, '西ケ原'), (2800906, '駒込'), (2800907, '本駒込'), (2800908, '東大前'), (2800909, '後楽園'), (2800910, '飯田橋'), (2800911, '市ケ谷'), (2800912, '四ツ谷'), (2800913, '永田町'), (2800914, '溜池山王'), (2800915, '六本木一丁目'), (2800916, '麻布十番'), (2800917, '白金高輪'), (2800918, '白金台'), (2800919, '目黒')]","418.127,297.260,428.127,307.260","[{'station_cd': 2800901, 'x': 61, 'y': 37}, {'station_cd': 2800902, 'x': 63, 'y': 39}, {'station_cd': 2800903, 'x': 64, 'y': 44}, {'station_cd': 2800904, 'x': 65, 'y': 48}, {'station_cd': 2800905, 'x': 66, 'y': 51}, {'station_cd': 2800906, 'x': 67, 'y': 54}, {'station_cd': 2800907, 'x': 68, 'y': 59}, {'station_cd': 2800908, 'x': 70, 'y': 61}, {'station_cd': 2800909, 'x': 68, 'y': 64}, {'station_cd': 2800910, 'x': 66, 'y': 66}, {'station_cd': 2800911, 'x': 64, 'y': 69}, {'station_cd': 2800912, 'x': 62, 'y': 72}, {'station_cd': 2800913, 'x': 65, 'y': 75}, {'station_cd': 2800914, 'x': 65, 'y': 76}, {'station_cd': 2800915, 'x': 64, 'y': 79}, {'station_cd': 2800916, 'x': 64, 'y': 83}, {'station_cd': 2800917, 'x': 63, 'y': 87}, {'station_cd': 2800918, 'x': 61, 'y': 89}, {'station_cd': 2800919, 'x': 58, 'y': 90}]"
28010,東京メトロ副都心線,"[(2801001, '和光市'), (2801002, '地下鉄成増'), (2801003, '地下鉄赤塚'), (2801004, '平和台'), (2801005, '氷川台'), (2801006, '小竹向原'), (2801007, '千川'), (2801008, '要町'), (2801009, '池袋'), (2801010, '雑司が谷'), (2801011, '西早稲田'), (2801012, '東新宿'), (2801013, '新宿三丁目'), (2801014, '北参道'), (2801015, '明治神宮前〈原宿〉'), (2801016, '渋谷')]","416.671,296.727,426.671,306.727","[{'station_cd': 2801001, 'x': 51, 'y': 40}, {'station_cd': 2801002, 'x': 56, 'y': 45}, {'station_cd': 2801003, 'x': 59, 'y': 47}, {'station_cd': 2801004, 'x': 62, 'y': 52}, {'station_cd': 2801005, 'x': 65, 'y': 55}, {'station_cd': 2801006, 'x': 68, 'y': 57}, {'station_cd': 2801007, 'x': 71, 'y': 59}, {'station_cd': 2801008, 'x': 73, 'y': 61}, {'station_cd': 2801009, 'x': 76, 'y': 62}, {'station_cd': 2801010, 'x': 77, 'y': 66}, {'station_cd': 2801011, 'x': 76, 'y': 70}, {'station_cd': 2801012, 'x': 75, 'y': 74}, {'station_cd': 2801013, 'x': 74, 'y': 77}, {'station_cd': 2801014, 'x': 74, 'y': 81}, {'station_cd': 2801015, 'x': 74, 'y': 84}, {'station_cd': 2801016, 'x': 73, 'y': 88}]"
29001,相鉄本線,"[(2900101, '横浜'), (2900102, '平沼橋'), (2900103, '西横浜'), (2900104, '天王町'), (2900105, '星川'), (2900106, '和田町'), (2900107, '上星川'), (2900108, '西谷'), (2900109, '鶴ヶ峰'), (2900110, '二俣川'), (2900111, '希望ヶ丘'), (2900112, '三ツ境'), (2900113, '瀬谷'), (2900114, '大和'), (2900115, '相模大塚'), (2900116, 'さがみ野'), (2900117, 'かしわ台'), (2900118, '海老名')]","413.387,303.700,423.387,313.700","[{'station_cd': 2900101, 'x': 93, 'y': 66}, {'station_cd': 2900102, 'x': 92, 'y': 68}, {'station_cd': 2900103, 'x': 90, 'y': 70}, {'station_cd': 2900104, 'x': 88, 'y': 70}, {'station_cd': 2900105, 'x': 86, 'y': 68}, {'station_cd': 2900106, 'x': 84, 'y': 66}, {'station_cd': 2900107, 'x': 83, 'y': 65}, {'station_cd': 2900108, 'x': 79, 'y': 61}, {'station_cd': 2900109, 'x': 75, 'y': 61}, {'station_cd': 2900110, 'x': 70, 'y': 65}, {'station_cd': 2900111, 'x': 66, 'y': 66}, {'station_cd': 2900112, 'x': 63, 'y': 63}, {'station_cd': 2900113, 'x': 58, 'y': 62}, {'station_cd': 2900114, 'x': 52, 'y': 62}, {'station_cd': 2900115, 'x': 47, 'y': 61}, {'station_cd': 2900116, 'x': 44, 'y': 61}, {'station_cd': 2900117, 'x': 41, 'y': 62}, {'station_cd': 2900118, 'x': 34, 'y': 66}]"
29002,相鉄いずみ野線,"[(2900201, '二俣川'), (2900202, '南万騎が原'), (2900203, '緑園都市'), (2900204, '弥生台'), (2900205, 'いずみ野'), (2900206, 'いずみ中央'), (2900207, 'ゆめが丘'), (2900208, '湘南台')]","413.221,304.684,423.221,314.684","[{'station_cd': 2900201, 'x': 73, 'y': 53}, {'station_cd': 2900202, 'x': 71, 'y': 56}, {'station_cd': 2900203, 'x': 70, 'y': 61}, {'station_cd': 2900204, 'x': 66, 'y': 64}, {'station_cd': 2900205, 'x': 63, 'y': 64}, {'station_cd': 2900206, 'x': 61, 'y': 69}, {'station_cd': 2900207, 'x': 59, 'y': 72}, {'station_cd': 2900208, 'x': 55, 'y': 75}]"
29003,相鉄・JR直通線,"[(2900303, '新宿'), (2900304, '渋谷'), (2900305, '恵比寿'), (2900306, '大崎'), (2900307, '西大井'), (2900308, '武蔵小杉'), (2900301, '羽沢横浜国大'), (2900302, '西谷'), (2900309, '鶴ヶ峰'), (2900310, '二俣川'), (2900311, '希望ヶ丘'), (2900312, '三ツ境'), (2900313, '瀬谷'), (2900314, '大和'), (2900315, '相模大塚'), (2900316, 'さがみ野'), (2900317, 'かしわ台'), (2900318, '海老名')]","414.515,300.829,424.515,310.829","[{'station_cd': 2900303, 'x': 101, 'y': 24}, {'station_cd': 2900304, 'x': 101, 'y': 35}, {'station_cd': 2900305, 'x': 103, 'y': 40}, {'station_cd': 2900306, 'x': 107, 'y': 50}, {'station_cd': 2900307, 'x': 106, 'y': 56}, {'station_cd': 2900308, 'x': 90, 'y': 64}, {'station_cd': 2900301, 'x': 70, 'y': 97}, {'station_cd': 2900302, 'x': 65, 'y': 97}, {'station_cd': 2900309, 'x': 61, 'y': 98}, {'station_cd': 2900310, 'x': 56, 'y': 102}, {'station_cd': 2900311, 'x': 51, 'y': 103}, {'station_cd': 2900312, 'x': 48, 'y': 100}, {'station_cd': 2900313, 'x': 43, 'y': 99}, {'station_cd': 2900314, 'x': 38, 'y': 98}, {'station_cd': 2900315, 'x': 33, 'y': 98}, {'station_cd': 2900316, 'x': 30, 'y': 97}, {'station_cd': 2900317, 'x': 26, 'y': 99}, {'station_cd': 2900318, 'x': 20, 'y': 103}]"
29004,相鉄新横浜線,"[(2900401, '新横浜'), (2900402, '羽沢横浜国大'), (2900403, '西谷')]","415.098,303.038,425.098,313.038","[{'station_cd': 2900401, 'x': 71, 'y': 59}, {'station_cd': 2900402, 'x': 63, 'y': 68}, {'station_cd': 2900403, 'x': 57, 'y': 69}]"
30001,名鉄名古屋本線,"[(3000101, '豊橋'), (3000102, '伊奈'), (3000103, '小田渕'), (3000104, '国府'), (3000105, '御油'), (3000106, '名電赤坂'), (3000107, '名電長沢'), (3000108, '本宿'), (3000109, '名電山中'), (3000110, '藤川'), (3000111, '美合'), (3000112, '男川'), (3000113, '東岡崎'), (3000114, '岡崎公園前'), (3000115, '矢作橋'), (3000116, '宇頭'), (3000117, '新安城'), (3000118, '牛田'), (3000119, '知立'), (3000120, '一ツ木'), (3000121, '富士松'), (3000122, '豊明'), (3000123, '前後'), (3000124, '中京競馬場前'), (3000125, '有松'), (3000126, '左京山'), (3000127, '鳴海'), (3000128, '本星崎'), (3000129, '本笠寺'), (3000130, '桜'), (3000131, '呼続'), (3000132, '堀田'), (3000133, '神宮前'), (3000134, '金山'), (3000135, '山王'), (3000136, '名鉄名古屋'), (3000137, '栄生'), (3000138, '東枇杷島'), (3000139, '西枇杷島'), (3000140, '二ツ杁'), (3000141, '新川橋'), (3000142, '須ヶ口'), (3000143, '丸ノ内'), (3000144, '新清洲'), (3000145, '大里'), (3000146, '奥田'), (3000147, '国府宮'), (3000148, '島氏永'), (3000149, '妙興寺'), (3000150, '名鉄一宮'), (3000151, '今伊勢'), (3000152, '石刀'), (3000153, '新木曽川'), (3000154, '黒田'), (3000155, '木曽川堤'), (3000156, '笠松'), (3000157, '岐南'), (3000158, '茶所'), (3000159, '加納'), (3000160, '名鉄岐阜')]","362.343,305.633,376.448,326.369","[{'station_cd': 3000101, 'x': 101, 'y': 122}, {'station_cd': 3000102, 'x': 98, 'y': 115}, {'station_cd': 3000103, 'x': 97, 'y': 113}, {'station_cd': 3000104, 'x': 95, 'y': 109}, {'station_cd': 3000105, 'x': 94, 'y': 107}, {'station_cd': 3000106, 'x': 93, 'y': 105}, {'station_cd': 3000107, 'x': 90, 'y': 103}, {'station_cd': 3000108, 'x': 87, 'y': 99}, {'station_cd': 3000109, 'x': 85, 'y': 98}, {'station_cd': 3000110, 'x': 82, 'y': 95}, {'station_cd': 3000111, 'x': 79, 'y': 93}, {'station_cd': 3000112, 'x': 77, 'y': 91}, {'station_cd': 3000113, 'x': 75, 'y': 88}, {'station_cd': 3000114, 'x': 74, 'y': 87}, {'station_cd': 3000115, 'x': 72, 'y': 86}, {'station_cd': 3000116, 'x': 69, 'y': 84}, {'station_cd': 3000117, 'x': 65, 'y': 81}, {'station_cd': 3000118, 'x': 62, 'y': 79}, {'station_cd': 3000119, 'x': 60, 'y': 78}, {'station_cd': 3000120, 'x': 58, 'y': 76}, {'station_cd': 3000121, 'x': 57, 'y': 73}, {'station_cd': 3000122, 'x': 56, 'y': 71}, {'station_cd': 3000123, 'x': 55, 'y': 69}, {'station_cd': 3000124, 'x': 53, 'y': 68}, {'station_cd': 3000125, 'x': 52, 'y': 66}, {'station_cd': 3000126, 'x': 50, 'y': 66}, {'station_cd': 3000127, 'x': 49, 'y': 64}, {'station_cd': 3000128, 'x': 47, 'y': 63}, {'station_cd': 3000129, 'x': 47, 'y': 61}, {'station_cd': 3000130, 'x': 47, 'y': 60}, {'station_cd': 3000131, 'x': 47, 'y': 58}, {'station_cd': 3000132, 'x': 45, 'y': 57}, {'station_cd': 3000133, 'x': 45, 'y': 56}, {'station_cd': 3000134, 'x': 43, 'y': 53}, {'station_cd': 3000135, 'x': 42, 'y': 51}, {'station_cd': 3000136, 'x': 41, 'y': 48}, {'station_cd': 3000137, 'x': 40, 'y': 46}, {'station_cd': 3000138, 'x': 40, 'y': 45}, {'station_cd': 3000139, 'x': 39, 'y': 44}, {'station_cd': 3000140, 'x': 38, 'y': 44}, {'station_cd': 3000141, 'x': 37, 'y': 44}, {'station_cd': 3000142, 'x': 37, 'y': 43}, {'station_cd': 3000143, 'x': 36, 'y': 42}, {'station_cd': 3000144, 'x': 35, 'y': 41}, {'station_cd': 3000145, 'x': 33, 'y': 38}, {'station_cd': 3000146, 'x': 32, 'y': 36}, {'station_cd': 3000147, 'x': 31, 'y': 33}, {'station_cd': 3000148, 'x': 31, 'y': 30}, {'station_cd': 3000149, 'x': 31, 'y': 27}, {'station_cd': 3000150, 'x': 31, 'y': 25}, {'station_cd': 3000151, 'x': 30, 'y': 22}, {'station_cd': 3000152, 'x': 30, 'y': 21}, {'station_cd': 3000153, 'x': 29, 'y': 18}, {'station_cd': 3000154, 'x': 29, 'y': 16}, {'station_cd': 3000155, 'x': 28, 'y': 14}, {'station_cd': 3000156, 'x': 27, 'y': 12}, {'station_cd': 3000157, 'x': 28, 'y': 10}, {'station_cd': 3000158, 'x': 28, 'y': 7}, {'station_cd': 3000159, 'x': 27, 'y': 7}, {'station_cd': 3000160, 'x': 27, 'y': 6}]"
30002,名鉄豊川線,"[(3000201, '国府'), (3000202, '八幡'), (3000203, '諏訪町'), (3000204, '稲荷口'), (3000205, '豊川稲荷')]","370.076,318.586,380.076,328.586","[{'station_cd': 3000201, 'x': 55, 'y': 60}, {'station_cd': 3000202, 'x': 61, 'y': 63}, {'station_cd': 3000203, 'x': 66, 'y': 66}, {'station_cd': 3000204, 'x': 71, 'y': 68}, {'station_cd': 3000205, 'x': 73, 'y': 67}]"
30003,名鉄西尾線,"[(3000301, '新安城'), (3000302, '北安城'), (3000303, '南安城'), (3000304, '碧海古井'), (3000305, '堀内公園'), (3000306, '桜井'), (3000316, '南桜井'), (3000307, '米津'), (3000308, '桜町前'), (3000309, '西尾口'), (3000310, '西尾'), (3000311, '福地'), (3000312, '鎌谷'), (3000313, '上横須賀'), (3000314, '三河荻原'), (3000315, '吉良吉田')]","364.273,316.463,374.273,326.463","[{'station_cd': 3000301, 'x': 69, 'y': 30}, {'station_cd': 3000302, 'x': 70, 'y': 38}, {'station_cd': 3000303, 'x': 70, 'y': 42}, {'station_cd': 3000304, 'x': 70, 'y': 48}, {'station_cd': 3000305, 'x': 69, 'y': 51}, {'station_cd': 3000306, 'x': 69, 'y': 55}, {'station_cd': 3000316, 'x': 66, 'y': 58}, {'station_cd': 3000307, 'x': 62, 'y': 63}, {'station_cd': 3000308, 'x': 62, 'y': 68}, {'station_cd': 3000309, 'x': 62, 'y': 71}, {'station_cd': 3000310, 'x': 61, 'y': 73}, {'station_cd': 3000311, 'x': 58, 'y': 80}, {'station_cd': 3000312, 'x': 61, 'y': 82}, {'station_cd': 3000313, 'x': 64, 'y': 86}, {'station_cd': 3000314, 'x': 62, 'y': 94}, {'station_cd': 3000315, 'x': 63, 'y': 98}]"
30004,名鉄蒲郡線,"[(3000401, '吉良吉田'), (3000402, '三河鳥羽'), (3000403, '西幡豆'), (3000404, '東幡豆'), (3000405, 'こどもの国'), (3000406, '西浦'), (3000407, '形原'), (3000408, '三河鹿島'), (3000409, '蒲郡競艇場前'), (3000410, '蒲郡')]","365.789,318.882,375.789,328.882","[{'station_cd': 3000401, 'x': 44, 'y': 67}, {'station_cd': 3000402, 'x': 53, 'y': 68}, {'station_cd': 3000403, 'x': 57, 'y': 69}, {'station_cd': 3000404, 'x': 63, 'y': 70}, {'station_cd': 3000405, 'x': 67, 'y': 71}, {'station_cd': 3000406, 'x': 72, 'y': 71}, {'station_cd': 3000407, 'x': 73, 'y': 68}, {'station_cd': 3000408, 'x': 75, 'y': 63}, {'station_cd': 3000409, 'x': 78, 'y': 58}, {'station_cd': 3000410, 'x': 84, 'y': 60}]"
30005,名鉄三河線,"[(3000501, '碧南'), (3000502, '碧南中央'), (3000503, '新川町'), (3000504, '北新川'), (3000505, '高浜港'), (3000506, '三河高浜'), (3000507, '吉浜'), (3000508, '小垣江'), (3000509, '刈谷市'), (3000510, '刈谷'), (3000511, '重原'), (3000512, '知立'), (3000513, '三河知立'), (3000514, '三河八橋'), (3000515, '若林'), (3000516, '竹村'), (3000517, '土橋'), (3000518, '上挙母'), (3000519, '豊田市'), (3000520, '梅坪'), (3000521, '越戸'), (3000522, '平戸橋'), (3000523, '猿投')]","364.628,313.483,374.628,323.483","[{'station_cd': 3000501, 'x': 38, 'y': 107}, {'station_cd': 3000502, 'x': 39, 'y': 102}, {'station_cd': 3000503, 'x': 39, 'y': 99}, {'station_cd': 3000504, 'x': 40, 'y': 95}, {'station_cd': 3000505, 'x': 39, 'y': 90}, {'station_cd': 3000506, 'x': 39, 'y': 86}, {'station_cd': 3000507, 'x': 39, 'y': 81}, {'station_cd': 3000508, 'x': 41, 'y': 75}, {'station_cd': 3000509, 'x': 40, 'y': 67}, {'station_cd': 3000510, 'x': 44, 'y': 65}, {'station_cd': 3000511, 'x': 48, 'y': 64}, {'station_cd': 3000512, 'x': 52, 'y': 60}, {'station_cd': 3000513, 'x': 56, 'y': 61}, {'station_cd': 3000514, 'x': 62, 'y': 59}, {'station_cd': 3000515, 'x': 67, 'y': 54}, {'station_cd': 3000516, 'x': 72, 'y': 50}, {'station_cd': 3000517, 'x': 76, 'y': 43}, {'station_cd': 3000518, 'x': 82, 'y': 39}, {'station_cd': 3000519, 'x': 83, 'y': 34}, {'station_cd': 3000520, 'x': 84, 'y': 29}, {'station_cd': 3000521, 'x': 89, 'y': 27}, {'station_cd': 3000522, 'x': 90, 'y': 24}, {'station_cd': 3000523, 'x': 89, 'y': 21}]"
30006,名鉄豊田線,"[(3000601, '豊田市'), (3000602, '梅坪'), (3000603, '上豊田'), (3000604, '浄水'), (3000605, '三好ヶ丘'), (3000606, '黒笹'), (3000607, '米野木'), (3000608, '日進'), (3000609, '赤池')]","364.788,310.455,374.788,320.455","[{'station_cd': 3000601, 'x': 81, 'y': 72}, {'station_cd': 3000602, 'x': 82, 'y': 68}, {'station_cd': 3000603, 'x': 81, 'y': 62}, {'station_cd': 3000604, 'x': 76, 'y': 60}, {'station_cd': 3000605, 'x': 70, 'y': 57}, {'station_cd': 3000606, 'x': 64, 'y': 57}, {'station_cd': 3000607, 'x': 58, 'y': 58}, {'station_cd': 3000608, 'x': 53, 'y': 59}, {'station_cd': 3000609, 'x': 46, 'y': 58}]"
30007,名鉄常滑・空港線,"[(3000701, '常滑'), (3000702, 'りんくう常滑'), (3000703, '中部国際空港')]","359.362,316.562,369.362,326.562","[{'station_cd': 3000701, 'x': 66, 'y': 58}, {'station_cd': 3000702, 'x': 65, 'y': 62}, {'station_cd': 3000703, 'x': 61, 'y': 70}]"
30008,名鉄常滑線,"[(3000801, '名鉄名古屋'), (3000802, '山王'), (3000803, '金山'), (3000804, '神宮前'), (3000805, '豊田本町'), (3000806, '道徳'), (3000807, '大江'), (3000808, '大同町'), (3000809, '柴田'), (3000810, '名和'), (3000811, '聚楽園'), (3000812, '新日鉄前'), (3000813, '太田川'), (3000814, '尾張横須賀'), (3000815, '寺本'), (3000816, '朝倉'), (3000817, '古見'), (3000818, '長浦'), (3000819, '日長'), (3000820, '新舞子'), (3000821, '大野町'), (3000822, '西ノ口'), (3000823, '蒲池'), (3000824, '榎戸'), (3000825, '多屋'), (3000826, '常滑')]","360.320,312.310,370.320,322.310","[{'station_cd': 3000801, 'x': 69, 'y': 15}, {'station_cd': 3000802, 'x': 70, 'y': 21}, {'station_cd': 3000803, 'x': 73, 'y': 24}, {'station_cd': 3000804, 'x': 76, 'y': 31}, {'station_cd': 3000805, 'x': 75, 'y': 35}, {'station_cd': 3000806, 'x': 75, 'y': 38}, {'station_cd': 3000807, 'x': 76, 'y': 42}, {'station_cd': 3000808, 'x': 75, 'y': 47}, {'station_cd': 3000809, 'x': 75, 'y': 50}, {'station_cd': 3000810, 'x': 75, 'y': 54}, {'station_cd': 3000811, 'x': 73, 'y': 60}, {'station_cd': 3000812, 'x': 72, 'y': 63}, {'station_cd': 3000813, 'x': 70, 'y': 68}, {'station_cd': 3000814, 'x': 68, 'y': 71}, {'station_cd': 3000815, 'x': 65, 'y': 75}, {'station_cd': 3000816, 'x': 62, 'y': 77}, {'station_cd': 3000817, 'x': 60, 'y': 79}, {'station_cd': 3000818, 'x': 58, 'y': 82}, {'station_cd': 3000819, 'x': 54, 'y': 88}, {'station_cd': 3000820, 'x': 53, 'y': 92}, {'station_cd': 3000821, 'x': 53, 'y': 97}, {'station_cd': 3000822, 'x': 52, 'y': 100}, {'station_cd': 3000823, 'x': 52, 'y': 104}, {'station_cd': 3000824, 'x': 53, 'y': 108}, {'station_cd': 3000825, 'x': 53, 'y': 111}, {'station_cd': 3000826, 'x': 54, 'y': 113}]"
30009,名鉄河和線,"[(3000901, '太田川'), (3000902, '高横須賀'), (3000922, '加木屋中ノ池'), (3000903, '南加木屋'), (3000904, '八幡新田'), (3000905, '巽ヶ丘'), (3000906, '白沢'), (3000907, '坂部'), (3000908, '阿久比'), (3000909, '椋岡'), (3000910, '植大'), (3000911, '半田口'), (3000912, '住吉町'), (3000913, '知多半田'), (3000914, '成岩'), (3000915, '青山'), (3000916, '上ゲ'), (3000917, '知多武豊'), (3000918, '富貴'), (3000919, '布土'), (3000920, '河和口'), (3000921, '河和')]","361.048,316.011,371.048,326.011","[{'station_cd': 3000901, 'x': 61, 'y': 21}, {'station_cd': 3000902, 'x': 61, 'y': 24}, {'station_cd': 3000922, 'x': 63, 'y': 28}, {'station_cd': 3000903, 'x': 64, 'y': 32}, {'station_cd': 3000904, 'x': 65, 'y': 37}, {'station_cd': 3000905, 'x': 66, 'y': 42}, {'station_cd': 3000906, 'x': 66, 'y': 44}, {'station_cd': 3000907, 'x': 66, 'y': 49}, {'station_cd': 3000908, 'x': 67, 'y': 53}, {'station_cd': 3000909, 'x': 67, 'y': 54}, {'station_cd': 3000910, 'x': 68, 'y': 58}, {'station_cd': 3000911, 'x': 68, 'y': 61}, {'station_cd': 3000912, 'x': 68, 'y': 63}, {'station_cd': 3000913, 'x': 68, 'y': 66}, {'station_cd': 3000914, 'x': 67, 'y': 69}, {'station_cd': 3000915, 'x': 66, 'y': 72}, {'station_cd': 3000916, 'x': 66, 'y': 79}, {'station_cd': 3000917, 'x': 66, 'y': 81}, {'station_cd': 3000918, 'x': 65, 'y': 89}, {'station_cd': 3000919, 'x': 65, 'y': 96}, {'station_cd': 3000920, 'x': 66, 'y': 100}, {'station_cd': 3000921, 'x': 64, 'y': 107}]"
30010,名鉄知多新線,"[(3001001, '富貴'), (3001002, '上野間'), (3001003, '美浜緑苑'), (3001004, '知多奥田'), (3001005, '野間'), (3001006, '内海')]","360.577,319.106,370.577,329.106","[{'station_cd': 3001001, 'x': 72, 'y': 49}, {'station_cd': 3001002, 'x': 59, 'y': 56}, {'station_cd': 3001003, 'x': 57, 'y': 59}, {'station_cd': 3001004, 'x': 58, 'y': 63}, {'station_cd': 3001005, 'x': 57, 'y': 69}, {'station_cd': 3001006, 'x': 60, 'y': 79}]"
30011,名鉄築港線,"[(3001101, '大江'), (3001102, '東名古屋港')]","361.092,310.664,371.092,320.664","[{'station_cd': 3001101, 'x': 66, 'y': 63}, {'station_cd': 3001102, 'x': 62, 'y': 65}]"
30012,名鉄瀬戸線,"[(3001201, '栄町'), (3001202, '東大手'), (3001203, '清水'), (3001204, '尼ヶ坂'), (3001205, '森下'), (3001206, '大曽根'), (3001207, '矢田'), (3001208, '守山自衛隊前'), (3001209, '瓢箪山'), (3001210, '小幡'), (3001211, '喜多山'), (3001212, '大森・金城学院前'), (3001213, '印場'), (3001214, '旭前'), (3001215, '尾張旭'), (3001216, '三郷'), (3001217, '水野'), (3001218, '新瀬戸'), (3001219, '瀬戸市役所前'), (3001220, '尾張瀬戸')]","363.091,307.822,373.091,317.822","[{'station_cd': 3001201, 'x': 40, 'y': 72}, {'station_cd': 3001202, 'x': 40, 'y': 67}, {'station_cd': 3001203, 'x': 41, 'y': 66}, {'station_cd': 3001204, 'x': 43, 'y': 66}, {'station_cd': 3001205, 'x': 45, 'y': 66}, {'station_cd': 3001206, 'x': 47, 'y': 65}, {'station_cd': 3001207, 'x': 50, 'y': 65}, {'station_cd': 3001208, 'x': 52, 'y': 64}, {'station_cd': 3001209, 'x': 54, 'y': 64}, {'station_cd': 3001210, 'x': 57, 'y': 63}, {'station_cd': 3001211, 'x': 60, 'y': 61}, {'station_cd': 3001212, 'x': 62, 'y': 61}, {'station_cd': 3001213, 'x': 66, 'y': 59}, {'station_cd': 3001214, 'x': 68, 'y': 59}, {'station_cd': 3001215, 'x': 73, 'y': 58}, {'station_cd': 3001216, 'x': 77, 'y': 58}, {'station_cd': 3001217, 'x': 81, 'y': 56}, {'station_cd': 3001218, 'x': 83, 'y': 55}, {'station_cd': 3001219, 'x': 85, 'y': 56}, {'station_cd': 3001220, 'x': 88, 'y': 56}]"
30013,名鉄津島線,"[(3001301, '須ヶ口'), (3001302, '甚目寺'), (3001303, '七宝'), (3001304, '木田'), (3001305, '青塚'), (3001306, '勝幡'), (3001307, '藤浪'), (3001308, '津島')]","358.796,307.807,368.796,317.807","[{'station_cd': 3001301, 'x': 79, 'y': 61}, {'station_cd': 3001302, 'x': 74, 'y': 62}, {'station_cd': 3001303, 'x': 69, 'y': 62}, {'station_cd': 3001304, 'x': 64, 'y': 62}, {'station_cd': 3001305, 'x': 59, 'y': 60}, {'station_cd': 3001306, 'x': 54, 'y': 61}, {'station_cd': 3001307, 'x': 51, 'y': 63}, {'station_cd': 3001308, 'x': 49, 'y': 67}]"
30014,名鉄尾西線,"[(3001401, '弥富'), (3001402, '弥富口'), (3001403, '五ノ三'), (3001404, '佐屋'), (3001405, '日比野'), (3001406, '津島'), (3001407, '町方'), (3001408, '六輪'), (3001409, '渕高'), (3001410, '丸渕'), (3001411, '上丸渕'), (3001412, '森上'), (3001413, '山崎'), (3001414, '玉野'), (3001415, '萩原'), (3001416, '二子'), (3001417, '苅安賀'), (3001418, '観音寺'), (3001419, '名鉄一宮'), (3001420, '西一宮'), (3001421, '開明'), (3001422, '奥町'), (3001423, '玉ノ井')]","358.130,306.758,368.130,316.758","[{'station_cd': 3001401, 'x': 56, 'y': 103}, {'station_cd': 3001402, 'x': 53, 'y': 100}, {'station_cd': 3001403, 'x': 52, 'y': 97}, {'station_cd': 3001404, 'x': 54, 'y': 91}, {'station_cd': 3001405, 'x': 57, 'y': 85}, {'station_cd': 3001406, 'x': 58, 'y': 80}, {'station_cd': 3001407, 'x': 57, 'y': 76}, {'station_cd': 3001408, 'x': 57, 'y': 71}, {'station_cd': 3001409, 'x': 57, 'y': 67}, {'station_cd': 3001410, 'x': 57, 'y': 64}, {'station_cd': 3001411, 'x': 58, 'y': 60}, {'station_cd': 3001412, 'x': 60, 'y': 56}, {'station_cd': 3001413, 'x': 60, 'y': 52}, {'station_cd': 3001414, 'x': 63, 'y': 49}, {'station_cd': 3001415, 'x': 65, 'y': 45}, {'station_cd': 3001416, 'x': 67, 'y': 43}, {'station_cd': 3001417, 'x': 71, 'y': 42}, {'station_cd': 3001418, 'x': 73, 'y': 41}, {'station_cd': 3001419, 'x': 76, 'y': 37}, {'station_cd': 3001420, 'x': 74, 'y': 35}, {'station_cd': 3001421, 'x': 70, 'y': 31}, {'station_cd': 3001422, 'x': 66, 'y': 29}, {'station_cd': 3001423, 'x': 66, 'y': 25}]"
30015,名鉄犬山線,"[(3001501, '名鉄名古屋'), (3001502, '栄生'), (3001503, '東枇杷島'), (3001504, '下小田井'), (3001505, '中小田井'), (3001506, '上小田井'), (3001507, '西春'), (3001508, '徳重・名古屋芸大'), (3001509, '大山寺'), (3001510, '岩倉'), (3001511, '石仏'), (3001512, '布袋'), (3001513, '江南'), (3001514, '柏森'), (3001515, '扶桑'), (3001516, '木津用水'), (3001517, '犬山口'), (3001518, '犬山'), (3001519, '犬山遊園'), (3001520, '新鵜沼')]","361.251,305.334,371.251,315.334","[{'station_cd': 3001501, 'x': 57, 'y': 104}, {'station_cd': 3001502, 'x': 54, 'y': 99}, {'station_cd': 3001503, 'x': 53, 'y': 97}, {'station_cd': 3001504, 'x': 54, 'y': 92}, {'station_cd': 3001505, 'x': 55, 'y': 88}, {'station_cd': 3001506, 'x': 55, 'y': 85}, {'station_cd': 3001507, 'x': 54, 'y': 77}, {'station_cd': 3001508, 'x': 55, 'y': 73}, {'station_cd': 3001509, 'x': 55, 'y': 70}, {'station_cd': 3001510, 'x': 55, 'y': 65}, {'station_cd': 3001511, 'x': 55, 'y': 59}, {'station_cd': 3001512, 'x': 55, 'y': 51}, {'station_cd': 3001513, 'x': 55, 'y': 45}, {'station_cd': 3001514, 'x': 62, 'y': 42}, {'station_cd': 3001515, 'x': 66, 'y': 37}, {'station_cd': 3001516, 'x': 69, 'y': 34}, {'station_cd': 3001517, 'x': 73, 'y': 32}, {'station_cd': 3001518, 'x': 74, 'y': 30}, {'station_cd': 3001519, 'x': 75, 'y': 26}, {'station_cd': 3001520, 'x': 74, 'y': 24}]"
30016,名鉄各務原線,"[(3001601, '新鵜沼'), (3001602, '鵜沼宿'), (3001603, '羽場'), (3001604, '苧ヶ瀬'), (3001605, '名電各務原'), (3001606, '二十軒'), (3001607, '三柿野'), (3001608, '六軒'), (3001609, '各務原市役所前'), (3001610, '市民公園前'), (3001611, '新那加'), (3001612, '新加納'), (3001613, '高田橋'), (3001614, '手力'), (3001615, '切通'), (3001616, '細畑'), (3001617, '田神'), (3001618, '名鉄岐阜')]","360.197,301.890,370.197,311.890","[{'station_cd': 3001601, 'x': 87, 'y': 68}, {'station_cd': 3001602, 'x': 85, 'y': 67}, {'station_cd': 3001603, 'x': 82, 'y': 66}, {'station_cd': 3001604, 'x': 79, 'y': 65}, {'station_cd': 3001605, 'x': 76, 'y': 65}, {'station_cd': 3001606, 'x': 73, 'y': 66}, {'station_cd': 3001607, 'x': 70, 'y': 66}, {'station_cd': 3001608, 'x': 66, 'y': 65}, {'station_cd': 3001609, 'x': 63, 'y': 65}, {'station_cd': 3001610, 'x': 61, 'y': 65}, {'station_cd': 3001611, 'x': 59, 'y': 65}, {'station_cd': 3001612, 'x': 57, 'y': 65}, {'station_cd': 3001613, 'x': 53, 'y': 65}, {'station_cd': 3001614, 'x': 52, 'y': 65}, {'station_cd': 3001615, 'x': 49, 'y': 64}, {'station_cd': 3001616, 'x': 47, 'y': 64}, {'station_cd': 3001617, 'x': 43, 'y': 60}, {'station_cd': 3001618, 'x': 41, 'y': 60}]"
30017,名鉄広見線,"[(3001701, '犬山'), (3001702, '富岡前'), (3001703, '善師野'), (3001704, '西可児'), (3001705, '可児川'), (3001706, '日本ライン今渡'), (3001707, '新可児'), (3001708, '明智'), (3001709, '顔戸'), (3001710, '御嵩口'), (3001711, '御嵩')]","363.884,302.057,373.884,312.057","[{'station_cd': 3001701, 'x': 40, 'y': 72}, {'station_cd': 3001702, 'x': 45, 'y': 73}, {'station_cd': 3001703, 'x': 49, 'y': 69}, {'station_cd': 3001704, 'x': 57, 'y': 64}, {'station_cd': 3001705, 'x': 59, 'y': 60}, {'station_cd': 3001706, 'x': 64, 'y': 55}, {'station_cd': 3001707, 'x': 69, 'y': 59}, {'station_cd': 3001708, 'x': 77, 'y': 56}, {'station_cd': 3001709, 'x': 82, 'y': 55}, {'station_cd': 3001710, 'x': 86, 'y': 57}, {'station_cd': 3001711, 'x': 87, 'y': 57}]"
30018,名鉄小牧線,"[(3001801, '上飯田'), (3001802, '味鋺'), (3001803, '味美'), (3001804, '春日井'), (3001805, '牛山'), (3001806, '間内'), (3001807, '小牧口'), (3001808, '小牧'), (3001809, '小牧原'), (3001810, '味岡'), (3001811, '田県神社前'), (3001812, '楽田'), (3001813, '羽黒'), (3001814, '犬山')]","361.888,305.130,371.888,315.130","[{'station_cd': 3001801, 'x': 61, 'y': 95}, {'station_cd': 3001802, 'x': 62, 'y': 89}, {'station_cd': 3001803, 'x': 63, 'y': 84}, {'station_cd': 3001804, 'x': 63, 'y': 79}, {'station_cd': 3001805, 'x': 62, 'y': 74}, {'station_cd': 3001806, 'x': 62, 'y': 71}, {'station_cd': 3001807, 'x': 61, 'y': 67}, {'station_cd': 3001808, 'x': 61, 'y': 65}, {'station_cd': 3001809, 'x': 63, 'y': 61}, {'station_cd': 3001810, 'x': 64, 'y': 58}, {'station_cd': 3001811, 'x': 65, 'y': 55}, {'station_cd': 3001812, 'x': 67, 'y': 50}, {'station_cd': 3001813, 'x': 68, 'y': 43}, {'station_cd': 3001814, 'x': 66, 'y': 33}]"
30019,犬山モノレール,"[(3001901, '犬山遊園'), (3001902, '成田山'), (3001903, '動物園')]","362.177,302.448,372.177,312.448","[{'station_cd': 3001901, 'x': 63, 'y': 63}, {'station_cd': 3001902, 'x': 63, 'y': 64}, {'station_cd': 3001903, 'x': 65, 'y': 64}]"
30020,名鉄竹鼻線,"[(3002001, '笠松'), (3002002, '西笠松'), (3002003, '柳津'), (3002004, '南宿'), (3002005, '須賀'), (3002006, '不破一色'), (3002007, '竹鼻'), (3002008, '羽島市役所前'), (3002009, '江吉良')]","357.755,303.376,367.755,313.376","[{'station_cd': 3002001, 'x': 73, 'y': 54}, {'station_cd': 3002002, 'x': 71, 'y': 56}, {'station_cd': 3002003, 'x': 65, 'y': 57}, {'station_cd': 3002004, 'x': 63, 'y': 63}, {'station_cd': 3002005, 'x': 63, 'y': 66}, {'station_cd': 3002006, 'x': 61, 'y': 68}, {'station_cd': 3002007, 'x': 57, 'y': 70}, {'station_cd': 3002008, 'x': 56, 'y': 72}, {'station_cd': 3002009, 'x': 55, 'y': 74}]"
30021,名鉄羽島線,"[(3002101, '江吉良'), (3002102, '新羽島')]","356.956,304.147,366.956,314.147","[{'station_cd': 3002101, 'x': 66, 'y': 64}, {'station_cd': 3002102, 'x': 62, 'y': 64}]"
31001,近鉄難波線,"[(3100101, '大阪難波'), (3100102, '近鉄日本橋'), (3100103, '大阪上本町'), (3100104, '鶴橋'), (3100105, '今里'), (3100106, '布施')]","333.324,320.673,343.324,330.673","[{'station_cd': 3100101, 'x': 56, 'y': 63}, {'station_cd': 3100102, 'x': 57, 'y': 63}, {'station_cd': 3100103, 'x': 62, 'y': 64}, {'station_cd': 3100104, 'x': 64, 'y': 64}, {'station_cd': 3100105, 'x': 69, 'y': 65}, {'station_cd': 3100106, 'x': 72, 'y': 65}]"
31002,近鉄橿原線,"[(3100201, '大和西大寺'), (3100202, '尼ヶ辻'), (3100203, '西ノ京'), (3100204, '九条'), (3100205, '近鉄郡山'), (3100206, '筒井'), (3100207, '平端'), (3100208, 'ファミリー公園前'), (3100209, '結崎'), (3100210, '石見'), (3100211, '田原本'), (3100212, '笠縫'), (3100213, '新ノ口'), (3100214, '大和八木'), (3100215, '八木西口'), (3100216, '畝傍御陵前'), (3100217, '橿原神宮前')]","338.413,323.149,348.413,333.149","[{'station_cd': 3100201, 'x': 64, 'y': 27}, {'station_cd': 3100202, 'x': 64, 'y': 31}, {'station_cd': 3100203, 'x': 63, 'y': 35}, {'station_cd': 3100204, 'x': 63, 'y': 39}, {'station_cd': 3100205, 'x': 63, 'y': 44}, {'station_cd': 3100206, 'x': 62, 'y': 53}, {'station_cd': 3100207, 'x': 63, 'y': 58}, {'station_cd': 3100208, 'x': 63, 'y': 61}, {'station_cd': 3100209, 'x': 63, 'y': 65}, {'station_cd': 3100210, 'x': 63, 'y': 70}, {'station_cd': 3100211, 'x': 65, 'y': 77}, {'station_cd': 3100212, 'x': 65, 'y': 81}, {'station_cd': 3100213, 'x': 65, 'y': 87}, {'station_cd': 3100214, 'x': 64, 'y': 91}, {'station_cd': 3100215, 'x': 64, 'y': 92}, {'station_cd': 3100216, 'x': 65, 'y': 98}, {'station_cd': 3100217, 'x': 65, 'y': 101}]"
31003,近鉄南大阪線,"[(3100301, '大阪阿部野橋'), (3100302, '河堀口'), (3100303, '北田辺'), (3100304, '今川'), (3100305, '針中野'), (3100306, '矢田'), (3100307, '河内天美'), (3100308, '布忍'), (3100309, '高見ノ里'), (3100310, '河内松原'), (3100311, '恵我ノ荘'), (3100312, '高鷲'), (3100313, '藤井寺'), (3100314, '土師ノ里'), (3100315, '道明寺'), (3100316, '古市'), (3100317, '駒ヶ谷'), (3100318, '上ノ太子'), (3100319, '二上山'), (3100320, '二上神社口'), (3100321, '当麻寺'), (3100322, '磐城'), (3100323, '尺土'), (3100324, '高田市'), (3100325, '浮孔'), (3100326, '坊城'), (3100327, '橿原神宮西口'), (3100328, '橿原神宮前')]","335.732,323.638,345.732,333.638","[{'station_cd': 3100301, 'x': 29, 'y': 33}, {'station_cd': 3100302, 'x': 31, 'y': 35}, {'station_cd': 3100303, 'x': 32, 'y': 38}, {'station_cd': 3100304, 'x': 33, 'y': 40}, {'station_cd': 3100305, 'x': 33, 'y': 43}, {'station_cd': 3100306, 'x': 33, 'y': 47}, {'station_cd': 3100307, 'x': 34, 'y': 55}, {'station_cd': 3100308, 'x': 35, 'y': 57}, {'station_cd': 3100309, 'x': 36, 'y': 58}, {'station_cd': 3100310, 'x': 39, 'y': 59}, {'station_cd': 3100311, 'x': 43, 'y': 59}, {'station_cd': 3100312, 'x': 46, 'y': 60}, {'station_cd': 3100313, 'x': 49, 'y': 61}, {'station_cd': 3100314, 'x': 54, 'y': 61}, {'station_cd': 3100315, 'x': 55, 'y': 62}, {'station_cd': 3100316, 'x': 52, 'y': 67}, {'station_cd': 3100317, 'x': 56, 'y': 70}, {'station_cd': 3100318, 'x': 59, 'y': 75}, {'station_cd': 3100319, 'x': 72, 'y': 74}, {'station_cd': 3100320, 'x': 74, 'y': 76}, {'station_cd': 3100321, 'x': 77, 'y': 82}, {'station_cd': 3100322, 'x': 78, 'y': 84}, {'station_cd': 3100323, 'x': 81, 'y': 85}, {'station_cd': 3100324, 'x': 86, 'y': 86}, {'station_cd': 3100325, 'x': 89, 'y': 89}, {'station_cd': 3100326, 'x': 92, 'y': 91}, {'station_cd': 3100327, 'x': 96, 'y': 94}, {'station_cd': 3100328, 'x': 99, 'y': 95}]"
31004,近鉄養老線,"[(3100401, '桑名'), (3100402, '播磨'), (3100403, '下深谷'), (3100404, '下野代'), (3100405, '多度'), (3100406, '美濃松山'), (3100407, '石津'), (3100408, '美濃山崎'), (3100409, '駒野'), (3100410, '美濃津屋'), (3100411, '養老'), (3100412, '美濃高田'), (3100413, '烏江'), (3100414, '大外羽'), (3100415, '友江'), (3100416, '美濃青柳'), (3100417, '西大垣'), (3100418, '大垣'), (3100419, '室'), (3100420, '北大垣'), (3100421, '東赤坂'), (3100422, '広神戸'), (3100423, '北神戸'), (3100424, '池野'), (3100425, '北池野'), (3100426, '美濃本郷'), (3100427, '揖斐')]","355.467,304.092,365.467,316.597","[{'station_cd': 3100401, 'x': 76, 'y': 122}, {'station_cd': 3100402, 'x': 74, 'y': 119}, {'station_cd': 3100403, 'x': 72, 'y': 114}, {'station_cd': 3100404, 'x': 69, 'y': 108}, {'station_cd': 3100405, 'x': 67, 'y': 103}, {'station_cd': 3100406, 'x': 66, 'y': 95}, {'station_cd': 3100407, 'x': 65, 'y': 89}, {'station_cd': 3100408, 'x': 64, 'y': 84}, {'station_cd': 3100409, 'x': 60, 'y': 77}, {'station_cd': 3100410, 'x': 53, 'y': 68}, {'station_cd': 3100411, 'x': 51, 'y': 58}, {'station_cd': 3100412, 'x': 53, 'y': 52}, {'station_cd': 3100413, 'x': 59, 'y': 53}, {'station_cd': 3100414, 'x': 60, 'y': 51}, {'station_cd': 3100415, 'x': 60, 'y': 47}, {'station_cd': 3100416, 'x': 61, 'y': 43}, {'station_cd': 3100417, 'x': 61, 'y': 38}, {'station_cd': 3100418, 'x': 64, 'y': 36}, {'station_cd': 3100419, 'x': 62, 'y': 36}, {'station_cd': 3100420, 'x': 61, 'y': 33}, {'station_cd': 3100421, 'x': 61, 'y': 28}, {'station_cd': 3100422, 'x': 61, 'y': 21}, {'station_cd': 3100423, 'x': 60, 'y': 18}, {'station_cd': 3100424, 'x': 56, 'y': 16}, {'station_cd': 3100425, 'x': 55, 'y': 14}, {'station_cd': 3100426, 'x': 55, 'y': 12}, {'station_cd': 3100427, 'x': 55, 'y': 6}]"
31005,近鉄大阪線,"[(3100501, '大阪上本町'), (3100502, '鶴橋'), (3100503, '今里'), (3100504, '布施'), (3100505, '俊徳道'), (3100506, '長瀬'), (3100507, '弥刀'), (3100508, '久宝寺口'), (3100509, '近鉄八尾'), (3100510, '河内山本'), (3100511, '高安'), (3100512, '恩智'), (3100513, '法善寺'), (3100514, '堅下'), (3100515, '安堂'), (3100516, '河内国分'), (3100517, '大阪教育大前'), (3100518, '関屋'), (3100519, '二上'), (3100520, '近鉄下田'), (3100521, '五位堂'), (3100522, '築山'), (3100523, '大和高田'), (3100524, '松塚'), (3100525, '真菅'), (3100526, '大和八木'), (3100527, '耳成'), (3100528, '大福'), (3100529, '桜井'), (3100530, '大和朝倉'), (3100531, '長谷寺'), (3100532, '榛原'), (3100533, '室生口大野'), (3100534, '三本松'), (3100535, '赤目口'), (3100536, '名張'), (3100537, '桔梗が丘'), (3100538, '美旗'), (3100539, '伊賀神戸'), (3100540, '青山町'), (3100541, '伊賀上津'), (3100542, '西青山'), (3100543, '東青山'), (3100544, '榊原温泉口'), (3100545, '大三'), (3100546, '伊勢石橋'), (3100547, '川合高岡'), (3100548, '伊勢中川')]","337.093,323.186,358.250,333.186","[{'station_cd': 3100501, 'x': 6, 'y': 49}, {'station_cd': 3100502, 'x': 7, 'y': 49}, {'station_cd': 3100503, 'x': 10, 'y': 49}, {'station_cd': 3100504, 'x': 11, 'y': 49}, {'station_cd': 3100505, 'x': 12, 'y': 50}, {'station_cd': 3100506, 'x': 13, 'y': 52}, {'station_cd': 3100507, 'x': 14, 'y': 53}, {'station_cd': 3100508, 'x': 15, 'y': 54}, {'station_cd': 3100509, 'x': 16, 'y': 55}, {'station_cd': 3100510, 'x': 18, 'y': 56}, {'station_cd': 3100511, 'x': 19, 'y': 57}, {'station_cd': 3100512, 'x': 19, 'y': 59}, {'station_cd': 3100513, 'x': 19, 'y': 61}, {'station_cd': 3100514, 'x': 19, 'y': 63}, {'station_cd': 3100515, 'x': 19, 'y': 64}, {'station_cd': 3100516, 'x': 20, 'y': 66}, {'station_cd': 3100517, 'x': 21, 'y': 68}, {'station_cd': 3100518, 'x': 24, 'y': 69}, {'station_cd': 3100519, 'x': 26, 'y': 70}, {'station_cd': 3100520, 'x': 28, 'y': 71}, {'station_cd': 3100521, 'x': 30, 'y': 72}, {'station_cd': 3100522, 'x': 31, 'y': 74}, {'station_cd': 3100523, 'x': 33, 'y': 75}, {'station_cd': 3100524, 'x': 35, 'y': 75}, {'station_cd': 3100525, 'x': 36, 'y': 75}, {'station_cd': 3100526, 'x': 38, 'y': 77}, {'station_cd': 3100527, 'x': 41, 'y': 77}, {'station_cd': 3100528, 'x': 43, 'y': 77}, {'station_cd': 3100529, 'x': 45, 'y': 77}, {'station_cd': 3100530, 'x': 48, 'y': 77}, {'station_cd': 3100531, 'x': 52, 'y': 75}, {'station_cd': 3100532, 'x': 58, 'y': 75}, {'station_cd': 3100533, 'x': 66, 'y': 69}, {'station_cd': 3100534, 'x': 68, 'y': 67}, {'station_cd': 3100535, 'x': 73, 'y': 64}, {'station_cd': 3100536, 'x': 76, 'y': 61}, {'station_cd': 3100537, 'x': 78, 'y': 58}, {'station_cd': 3100538, 'x': 80, 'y': 54}, {'station_cd': 3100539, 'x': 83, 'y': 52}, {'station_cd': 3100540, 'x': 86, 'y': 53}, {'station_cd': 3100541, 'x': 89, 'y': 51}, {'station_cd': 3100542, 'x': 93, 'y': 53}, {'station_cd': 3100543, 'x': 103, 'y': 53}, {'station_cd': 3100544, 'x': 106, 'y': 54}, {'station_cd': 3100545, 'x': 109, 'y': 56}, {'station_cd': 3100546, 'x': 114, 'y': 57}, {'station_cd': 3100547, 'x': 117, 'y': 58}, {'station_cd': 3100548, 'x': 122, 'y': 62}]"
31006,近鉄伊賀線,"[(3100601, '伊賀上野'), (3100602, '新居'), (3100603, '西大手'), (3100604, '上野市'), (3100605, '広小路'), (3100606, '茅町'), (3100607, '桑町'), (3100608, '猪田道'), (3100609, '市部'), (3100610, '依那古'), (3100611, '丸山'), (3100612, '上林'), (3100613, '比土'), (3100614, '伊賀神戸')]","345.521,319.651,355.521,329.651","[{'station_cd': 3100601, 'x': 60, 'y': 43}, {'station_cd': 3100602, 'x': 59, 'y': 44}, {'station_cd': 3100603, 'x': 61, 'y': 51}, {'station_cd': 3100604, 'x': 62, 'y': 51}, {'station_cd': 3100605, 'x': 63, 'y': 51}, {'station_cd': 3100606, 'x': 63, 'y': 53}, {'station_cd': 3100607, 'x': 64, 'y': 56}, {'station_cd': 3100608, 'x': 64, 'y': 63}, {'station_cd': 3100609, 'x': 67, 'y': 66}, {'station_cd': 3100610, 'x': 68, 'y': 70}, {'station_cd': 3100611, 'x': 69, 'y': 74}, {'station_cd': 3100612, 'x': 70, 'y': 77}, {'station_cd': 3100613, 'x': 69, 'y': 84}, {'station_cd': 3100614, 'x': 67, 'y': 85}]"
31007,近鉄吉野線,"[(3100701, '橿原神宮前'), (3100702, '岡寺'), (3100703, '飛鳥'), (3100704, '壺阪山'), (3100705, '市尾'), (3100706, '葛'), (3100707, '吉野口'), (3100708, '薬水'), (3100709, '福神'), (3100710, '大阿太'), (3100711, '下市口'), (3100712, '越部'), (3100713, '六田'), (3100714, '大和上市'), (3100715, '吉野神宮'), (3100716, '吉野')]","338.538,327.566,348.538,337.566","[{'station_cd': 3100701, 'x': 63, 'y': 45}, {'station_cd': 3100702, 'x': 64, 'y': 48}, {'station_cd': 3100703, 'x': 64, 'y': 52}, {'station_cd': 3100704, 'x': 63, 'y': 57}, {'station_cd': 3100705, 'x': 58, 'y': 60}, {'station_cd': 3100706, 'x': 54, 'y': 63}, {'station_cd': 3100707, 'x': 52, 'y': 67}, {'station_cd': 3100708, 'x': 50, 'y': 71}, {'station_cd': 3100709, 'x': 51, 'y': 76}, {'station_cd': 3100710, 'x': 56, 'y': 78}, {'station_cd': 3100711, 'x': 61, 'y': 80}, {'station_cd': 3100712, 'x': 65, 'y': 80}, {'station_cd': 3100713, 'x': 70, 'y': 79}, {'station_cd': 3100714, 'x': 76, 'y': 77}, {'station_cd': 3100715, 'x': 76, 'y': 79}, {'station_cd': 3100716, 'x': 78, 'y': 84}]"
31008,近鉄湯の山線,"[(3100801, '近鉄四日市'), (3100802, '中川原'), (3100803, '伊勢松本'), (3100804, '伊勢川島'), (3100805, '高角'), (3100806, '桜'), (3100807, '菰野'), (3100808, '中菰野'), (3100809, '大羽根園'), (3100810, '湯の山温泉')]","353.825,313.013,363.825,323.013","[{'station_cd': 3100801, 'x': 82, 'y': 73}, {'station_cd': 3100802, 'x': 78, 'y': 72}, {'station_cd': 3100803, 'x': 75, 'y': 72}, {'station_cd': 3100804, 'x': 69, 'y': 69}, {'station_cd': 3100805, 'x': 66, 'y': 66}, {'station_cd': 3100806, 'x': 63, 'y': 61}, {'station_cd': 3100807, 'x': 57, 'y': 57}, {'station_cd': 3100808, 'x': 53, 'y': 55}, {'station_cd': 3100809, 'x': 51, 'y': 55}, {'station_cd': 3100810, 'x': 46, 'y': 55}]"
31009,近鉄山田線,"[(3100901, '伊勢中川'), (3100902, '伊勢中原'), (3100903, '松ヶ崎'), (3100904, '松阪'), (3100905, '東松阪'), (3100906, '櫛田'), (3100907, '漕代'), (3100908, '斎宮'), (3100909, '明星'), (3100910, '明野'), (3100911, '小俣'), (3100912, '宮町'), (3100913, '伊勢市'), (3100914, '宇治山田')]","354.584,324.975,364.584,334.975","[{'station_cd': 3100901, 'x': 34, 'y': 36}, {'station_cd': 3100902, 'x': 39, 'y': 43}, {'station_cd': 3100903, 'x': 45, 'y': 50}, {'station_cd': 3100904, 'x': 49, 'y': 57}, {'station_cd': 3100905, 'x': 51, 'y': 62}, {'station_cd': 3100906, 'x': 61, 'y': 68}, {'station_cd': 3100907, 'x': 65, 'y': 71}, {'station_cd': 3100908, 'x': 69, 'y': 73}, {'station_cd': 3100909, 'x': 76, 'y': 76}, {'station_cd': 3100910, 'x': 82, 'y': 80}, {'station_cd': 3100911, 'x': 87, 'y': 83}, {'station_cd': 3100912, 'x': 90, 'y': 88}, {'station_cd': 3100913, 'x': 93, 'y': 91}, {'station_cd': 3100914, 'x': 94, 'y': 92}]"
31010,近鉄鳥羽線,"[(3101001, '宇治山田'), (3101002, '五十鈴川'), (3101003, '朝熊'), (3101004, '池の浦'), (3101005, '鳥羽')]","358.196,327.422,368.196,337.422","[{'station_cd': 3101001, 'x': 47, 'y': 61}, {'station_cd': 3101002, 'x': 51, 'y': 65}, {'station_cd': 3101003, 'x': 59, 'y': 65}, {'station_cd': 3101004, 'x': 74, 'y': 66}, {'station_cd': 3101005, 'x': 81, 'y': 64}]"
31011,近鉄天理線,"[(3101101, '平端'), (3101102, '二階堂'), (3101103, '前栽'), (3101104, '天理')]","338.793,322.754,348.793,332.754","[{'station_cd': 3101101, 'x': 58, 'y': 63}, {'station_cd': 3101102, 'x': 61, 'y': 64}, {'station_cd': 3101103, 'x': 67, 'y': 65}, {'station_cd': 3101104, 'x': 70, 'y': 65}]"
31012,近鉄道明寺線,"[(3101201, '道明寺'), (3101202, '柏原南口'), (3101203, '柏原')]","335.103,323.243,345.103,333.243","[{'station_cd': 3101201, 'x': 63, 'y': 67}, {'station_cd': 3101202, 'x': 65, 'y': 63}, {'station_cd': 3101203, 'x': 64, 'y': 61}]"
31013,内部線,"[(3101301, 'あすなろう四日市'), (3101302, '赤堀'), (3101303, '日永'), (3101304, '南日永'), (3101305, '泊'), (3101306, '追分'), (3101307, '小古曽'), (3101308, '内部')]","354.936,314.298,364.936,324.298","[{'station_cd': 3101301, 'x': 68, 'y': 57}, {'station_cd': 3101302, 'x': 66, 'y': 59}, {'station_cd': 3101303, 'x': 65, 'y': 60}, {'station_cd': 3101304, 'x': 64, 'y': 63}, {'station_cd': 3101305, 'x': 63, 'y': 66}, {'station_cd': 3101306, 'x': 62, 'y': 68}, {'station_cd': 3101307, 'x': 61, 'y': 70}, {'station_cd': 3101308, 'x': 60, 'y': 71}]"
31014,八王子線,"[(3101401, 'あすなろう四日市'), (3101402, '赤堀'), (3101403, '日永'), (3101404, '西日野')]","354.985,313.920,364.985,323.920","[{'station_cd': 3101401, 'x': 68, 'y': 62}, {'station_cd': 3101402, 'x': 65, 'y': 64}, {'station_cd': 3101403, 'x': 64, 'y': 65}, {'station_cd': 3101404, 'x': 60, 'y': 66}]"
31015,近鉄志摩線,"[(3101501, '鳥羽'), (3101502, '中之郷'), (3101503, '志摩赤崎'), (3101504, '船津'), (3101505, '加茂'), (3101506, '松尾'), (3101507, '白木'), (3101508, '五知'), (3101509, '沓掛'), (3101510, '上之郷'), (3101511, '志摩磯部'), (3101512, '穴川'), (3101513, '志摩横山'), (3101514, '鵜方'), (3101515, '志摩神明'), (3101516, '賢島')]","359.102,329.840,369.102,339.840","[{'station_cd': 3101501, 'x': 69, 'y': 33}, {'station_cd': 3101502, 'x': 70, 'y': 35}, {'station_cd': 3101503, 'x': 69, 'y': 39}, {'station_cd': 3101504, 'x': 68, 'y': 43}, {'station_cd': 3101505, 'x': 70, 'y': 48}, {'station_cd': 3101506, 'x': 68, 'y': 52}, {'station_cd': 3101507, 'x': 66, 'y': 53}, {'station_cd': 3101508, 'x': 60, 'y': 60}, {'station_cd': 3101509, 'x': 61, 'y': 65}, {'station_cd': 3101510, 'x': 60, 'y': 70}, {'station_cd': 3101511, 'x': 59, 'y': 74}, {'station_cd': 3101512, 'x': 61, 'y': 78}, {'station_cd': 3101513, 'x': 61, 'y': 86}, {'station_cd': 3101514, 'x': 63, 'y': 88}, {'station_cd': 3101515, 'x': 64, 'y': 93}, {'station_cd': 3101516, 'x': 62, 'y': 96}]"
31016,近鉄生駒線,"[(3101601, '生駒'), (3101602, '菜畑'), (3101603, '一分'), (3101604, '南生駒'), (3101605, '萩の台'), (3101606, '東山'), (3101607, '元山上口'), (3101608, '平群'), (3101609, '竜田川'), (3101610, '勢野北口'), (3101611, '信貴山下'), (3101612, '王寺')]","336.732,321.461,346.732,331.461","[{'station_cd': 3101601, 'x': 63, 'y': 47}, {'station_cd': 3101602, 'x': 65, 'y': 50}, {'station_cd': 3101603, 'x': 66, 'y': 53}, {'station_cd': 3101604, 'x': 66, 'y': 57}, {'station_cd': 3101605, 'x': 66, 'y': 60}, {'station_cd': 3101606, 'x': 66, 'y': 63}, {'station_cd': 3101607, 'x': 64, 'y': 66}, {'station_cd': 3101608, 'x': 64, 'y': 70}, {'station_cd': 3101609, 'x': 64, 'y': 74}, {'station_cd': 3101610, 'x': 63, 'y': 78}, {'station_cd': 3101611, 'x': 62, 'y': 80}, {'station_cd': 3101612, 'x': 64, 'y': 81}]"
31017,近鉄田原本線,"[(3101701, '西田原本'), (3101702, '黒田'), (3101703, '但馬'), (3101704, '箸尾'), (3101705, '池部'), (3101706, '佐味田川'), (3101707, '大輪田'), (3101708, '新王寺')]","337.591,323.455,347.591,333.455","[{'station_cd': 3101701, 'x': 75, 'y': 73}, {'station_cd': 3101702, 'x': 72, 'y': 67}, {'station_cd': 3101703, 'x': 69, 'y': 67}, {'station_cd': 3101704, 'x': 65, 'y': 66}, {'station_cd': 3101705, 'x': 62, 'y': 63}, {'station_cd': 3101706, 'x': 60, 'y': 60}, {'station_cd': 3101707, 'x': 57, 'y': 59}, {'station_cd': 3101708, 'x': 53, 'y': 55}]"
31018,近鉄御所線,"[(3101801, '尺土'), (3101802, '近鉄新庄'), (3101803, '忍海'), (3101804, '近鉄御所')]","337.140,325.908,347.140,335.908","[{'station_cd': 3101801, 'x': 63, 'y': 56}, {'station_cd': 3101802, 'x': 64, 'y': 63}, {'station_cd': 3101803, 'x': 65, 'y': 68}, {'station_cd': 3101804, 'x': 65, 'y': 72}]"
31019,近鉄鈴鹿線,"[(3101901, '伊勢若松'), (3101902, '柳'), (3101903, '鈴鹿市'), (3101904, '三日市'), (3101905, '平田町')]","354.434,316.195,364.434,326.195","[{'station_cd': 3101901, 'x': 73, 'y': 67}, {'station_cd': 3101902, 'x': 68, 'y': 66}, {'station_cd': 3101903, 'x': 65, 'y': 61}, {'station_cd': 3101904, 'x': 60, 'y': 62}, {'station_cd': 3101905, 'x': 54, 'y': 64}]"
31020,近鉄奈良線,"[(3102001, '布施'), (3102002, '河内永和'), (3102003, '河内小阪'), (3102004, '八戸ノ里'), (3102005, '若江岩田'), (3102006, '河内花園'), (3102007, '東花園'), (3102008, '瓢箪山'), (3102009, '枚岡'), (3102010, '額田'), (3102011, '石切'), (3102012, '生駒'), (3102013, '東生駒'), (3102014, '富雄'), (3102015, '学園前'), (3102016, '菖蒲池'), (3102017, '大和西大寺'), (3102018, '新大宮'), (3102019, '近鉄奈良')]","336.619,320.491,346.619,330.491","[{'station_cd': 3102001, 'x': 30, 'y': 67}, {'station_cd': 3102002, 'x': 33, 'y': 68}, {'station_cd': 3102003, 'x': 35, 'y': 68}, {'station_cd': 3102004, 'x': 37, 'y': 68}, {'station_cd': 3102005, 'x': 42, 'y': 69}, {'station_cd': 3102006, 'x': 44, 'y': 69}, {'station_cd': 3102007, 'x': 46, 'y': 69}, {'station_cd': 3102008, 'x': 49, 'y': 69}, {'station_cd': 3102009, 'x': 52, 'y': 67}, {'station_cd': 3102010, 'x': 53, 'y': 65}, {'station_cd': 3102011, 'x': 54, 'y': 62}, {'station_cd': 3102012, 'x': 65, 'y': 59}, {'station_cd': 3102013, 'x': 68, 'y': 60}, {'station_cd': 3102014, 'x': 74, 'y': 60}, {'station_cd': 3102015, 'x': 78, 'y': 59}, {'station_cd': 3102016, 'x': 81, 'y': 59}, {'station_cd': 3102017, 'x': 87, 'y': 61}, {'station_cd': 3102018, 'x': 94, 'y': 64}, {'station_cd': 3102019, 'x': 98, 'y': 65}]"
31021,近鉄信貴線,"[(3102101, '河内山本'), (3102102, '服部川'), (3102103, '信貴山口')]","335.291,321.963,345.291,331.963","[{'station_cd': 3102101, 'x': 61, 'y': 62}, {'station_cd': 3102102, 'x': 67, 'y': 63}, {'station_cd': 3102103, 'x': 67, 'y': 66}]"
31022,近鉄長野線,"[(3102201, '古市'), (3102202, '喜志'), (3102203, '富田林'), (3102204, '富田林西口'), (3102205, '川西'), (3102206, '滝谷不動'), (3102207, '汐ノ宮'), (3102208, '河内長野')]","334.429,325.289,344.429,335.289","[{'station_cd': 3102201, 'x': 69, 'y': 46}, {'station_cd': 3102202, 'x': 68, 'y': 57}, {'station_cd': 3102203, 'x': 66, 'y': 64}, {'station_cd': 3102204, 'x': 65, 'y': 65}, {'station_cd': 3102205, 'x': 64, 'y': 68}, {'station_cd': 3102206, 'x': 63, 'y': 71}, {'station_cd': 3102207, 'x': 61, 'y': 76}, {'station_cd': 3102208, 'x': 59, 'y': 82}]"
31023,近鉄けいはんな線,"[(3102301, '長田'), (3102302, '荒本'), (3102303, '吉田'), (3102304, '新石切'), (3102305, '生駒'), (3102306, '白庭台'), (3102307, '学研北生駒'), (3102308, '学研奈良登美ヶ丘')]","336.165,319.832,346.165,329.832","[{'station_cd': 3102301, 'x': 43, 'y': 71}, {'station_cd': 3102302, 'x': 47, 'y': 71}, {'station_cd': 3102303, 'x': 52, 'y': 71}, {'station_cd': 3102304, 'x': 56, 'y': 71}, {'station_cd': 3102305, 'x': 71, 'y': 68}, {'station_cd': 3102306, 'x': 76, 'y': 58}, {'station_cd': 3102307, 'x': 77, 'y': 57}, {'station_cd': 3102308, 'x': 85, 'y': 57}]"
31024,西信貴ケーブル,"[(3102401, '信貴山口'), (3102402, '高安山')]","335.632,322.184,345.632,332.184","[{'station_cd': 3102401, 'x': 63, 'y': 63}, {'station_cd': 3102402, 'x': 65, 'y': 65}]"
31025,近鉄京都線,"[(3102501, '京都'), (3102502, '東寺'), (3102503, '十条'), (3102504, '上鳥羽口'), (3102505, '竹田'), (3102506, '伏見'), (3102507, '近鉄丹波橋'), (3102508, '桃山御陵前'), (3102509, '向島'), (3102510, '小倉'), (3102511, '伊勢田'), (3102512, '大久保'), (3102513, '久津川'), (3102514, '寺田'), (3102515, '富野荘'), (3102516, '新田辺'), (3102517, '興戸'), (3102518, '三山木'), (3102519, '近鉄宮津'), (3102520, '狛田'), (3102521, '新祝園'), (3102522, '木津川台'), (3102523, '山田川'), (3102524, '高の原'), (3102525, '平城'), (3102526, '大和西大寺'), (3102527, '新大宮'), (3102528, '近鉄奈良')]","338.598,316.320,348.598,326.320","[{'station_cd': 3102501, 'x': 57, 'y': 10}, {'station_cd': 3102502, 'x': 55, 'y': 12}, {'station_cd': 3102503, 'x': 55, 'y': 14}, {'station_cd': 3102504, 'x': 55, 'y': 17}, {'station_cd': 3102505, 'x': 56, 'y': 20}, {'station_cd': 3102506, 'x': 58, 'y': 24}, {'station_cd': 3102507, 'x': 59, 'y': 27}, {'station_cd': 3102508, 'x': 58, 'y': 28}, {'station_cd': 3102509, 'x': 59, 'y': 35}, {'station_cd': 3102510, 'x': 62, 'y': 43}, {'station_cd': 3102511, 'x': 62, 'y': 47}, {'station_cd': 3102512, 'x': 61, 'y': 50}, {'station_cd': 3102513, 'x': 60, 'y': 53}, {'station_cd': 3102514, 'x': 60, 'y': 57}, {'station_cd': 3102515, 'x': 60, 'y': 62}, {'station_cd': 3102516, 'x': 60, 'y': 69}, {'station_cd': 3102517, 'x': 61, 'y': 73}, {'station_cd': 3102518, 'x': 63, 'y': 77}, {'station_cd': 3102519, 'x': 63, 'y': 79}, {'station_cd': 3102520, 'x': 64, 'y': 83}, {'station_cd': 3102521, 'x': 64, 'y': 91}, {'station_cd': 3102522, 'x': 65, 'y': 95}, {'station_cd': 3102523, 'x': 64, 'y': 99}, {'station_cd': 3102524, 'x': 64, 'y': 104}, {'station_cd': 3102525, 'x': 62, 'y': 111}, {'station_cd': 3102526, 'x': 61, 'y': 114}, {'station_cd': 3102527, 'x': 68, 'y': 117}, {'station_cd': 3102528, 'x': 73, 'y': 118}]"
31026,生駒ケーブル,"[(3102601, '鳥居前'), (3102602, '宝山寺'), (3102603, '梅屋敷'), (3102604, '霞ヶ丘'), (3102605, '生駒山上')]","336.480,320.314,346.480,330.314","[{'station_cd': 3102601, 'x': 66, 'y': 62}, {'station_cd': 3102602, 'x': 64, 'y': 64}, {'station_cd': 3102603, 'x': 64, 'y': 65}, {'station_cd': 3102604, 'x': 63, 'y': 66}, {'station_cd': 3102605, 'x': 62, 'y': 66}]"
31027,近鉄名古屋線,"[(3102701, '近鉄名古屋'), (3102702, '米野'), (3102703, '黄金'), (3102704, '烏森'), (3102705, '近鉄八田'), (3102706, '伏屋'), (3102707, '戸田'), (3102708, '近鉄蟹江'), (3102709, '富吉'), (3102710, '佐古木'), (3102711, '近鉄弥富'), (3102712, '近鉄長島'), (3102713, '桑名'), (3102714, '益生'), (3102715, '伊勢朝日'), (3102716, '川越富洲原'), (3102717, '近鉄富田'), (3102718, '霞ヶ浦'), (3102719, '阿倉川'), (3102720, '川原町'), (3102721, '近鉄四日市'), (3102722, '新正'), (3102723, '海山道'), (3102724, '塩浜'), (3102725, '北楠'), (3102726, '楠'), (3102727, '長太ノ浦'), (3102728, '箕田'), (3102729, '伊勢若松'), (3102730, '千代崎'), (3102731, '白子'), (3102732, '鼓ヶ浦'), (3102733, '磯山'), (3102734, '千里'), (3102735, '豊津上野'), (3102736, '白塚'), (3102737, '高田本山'), (3102738, '江戸橋'), (3102739, '津'), (3102740, '津新町'), (3102741, '南が丘'), (3102742, '久居'), (3102743, '桃園'), (3102744, '伊勢中川')]","356.473,312.158,366.473,329.086","[{'station_cd': 3102701, 'x': 96, 'y': 10}, {'station_cd': 3102702, 'x': 95, 'y': 11}, {'station_cd': 3102703, 'x': 94, 'y': 12}, {'station_cd': 3102704, 'x': 93, 'y': 13}, {'station_cd': 3102705, 'x': 91, 'y': 14}, {'station_cd': 3102706, 'x': 87, 'y': 15}, {'station_cd': 3102707, 'x': 84, 'y': 17}, {'station_cd': 3102708, 'x': 82, 'y': 17}, {'station_cd': 3102709, 'x': 78, 'y': 18}, {'station_cd': 3102710, 'x': 76, 'y': 19}, {'station_cd': 3102711, 'x': 72, 'y': 20}, {'station_cd': 3102712, 'x': 67, 'y': 23}, {'station_cd': 3102713, 'x': 65, 'y': 29}, {'station_cd': 3102714, 'x': 64, 'y': 31}, {'station_cd': 3102715, 'x': 63, 'y': 35}, {'station_cd': 3102716, 'x': 61, 'y': 40}, {'station_cd': 3102717, 'x': 60, 'y': 42}, {'station_cd': 3102718, 'x': 58, 'y': 44}, {'station_cd': 3102719, 'x': 57, 'y': 46}, {'station_cd': 3102720, 'x': 56, 'y': 48}, {'station_cd': 3102721, 'x': 55, 'y': 50}, {'station_cd': 3102722, 'x': 55, 'y': 52}, {'station_cd': 3102723, 'x': 55, 'y': 55}, {'station_cd': 3102724, 'x': 55, 'y': 57}, {'station_cd': 3102725, 'x': 56, 'y': 60}, {'station_cd': 3102726, 'x': 57, 'y': 63}, {'station_cd': 3102727, 'x': 56, 'y': 66}, {'station_cd': 3102728, 'x': 55, 'y': 68}, {'station_cd': 3102729, 'x': 54, 'y': 70}, {'station_cd': 3102730, 'x': 53, 'y': 73}, {'station_cd': 3102731, 'x': 50, 'y': 77}, {'station_cd': 3102732, 'x': 49, 'y': 79}, {'station_cd': 3102733, 'x': 47, 'y': 82}, {'station_cd': 3102734, 'x': 45, 'y': 85}, {'station_cd': 3102735, 'x': 43, 'y': 87}, {'station_cd': 3102736, 'x': 41, 'y': 90}, {'station_cd': 3102737, 'x': 39, 'y': 93}, {'station_cd': 3102738, 'x': 38, 'y': 95}, {'station_cd': 3102739, 'x': 38, 'y': 98}, {'station_cd': 3102740, 'x': 36, 'y': 101}, {'station_cd': 3102741, 'x': 35, 'y': 106}, {'station_cd': 3102742, 'x': 32, 'y': 110}, {'station_cd': 3102743, 'x': 32, 'y': 112}, {'station_cd': 3102744, 'x': 32, 'y': 118}]"
32001,南海本線,"[(3200101, '難波'), (3200102, '新今宮'), (3200103, '天下茶屋'), (3200104, '岸里玉出'), (3200105, '粉浜'), (3200106, '住吉大社'), (3200107, '住ノ江'), (3200108, '七道'), (3200109, '堺'), (3200110, '湊'), (3200111, '石津川'), (3200112, '諏訪ノ森'), (3200113, '浜寺公園'), (3200114, '羽衣'), (3200115, '高石'), (3200116, '北助松'), (3200117, '松ノ浜'), (3200118, '泉大津'), (3200119, '忠岡'), (3200120, '春木'), (3200121, '和泉大宮'), (3200122, '岸和田'), (3200123, '蛸地蔵'), (3200124, '貝塚'), (3200125, '二色浜'), (3200126, '鶴原'), (3200127, '井原里'), (3200128, '泉佐野'), (3200129, '羽倉崎'), (3200130, '吉見ノ里'), (3200131, '岡田浦'), (3200132, '樽井'), (3200133, '尾崎'), (3200134, '鳥取ノ荘'), (3200135, '箱作'), (3200136, '淡輪'), (3200137, 'みさき公園'), (3200138, '孝子'), (3200141, '和歌山大学前'), (3200139, '紀ノ川'), (3200140, '和歌山市')]","329.060,324.603,339.060,338.168","[{'station_cd': 3200101, 'x': 99, 'y': 10}, {'station_cd': 3200102, 'x': 98, 'y': 14}, {'station_cd': 3200103, 'x': 98, 'y': 17}, {'station_cd': 3200104, 'x': 97, 'y': 19}, {'station_cd': 3200105, 'x': 97, 'y': 22}, {'station_cd': 3200106, 'x': 96, 'y': 24}, {'station_cd': 3200107, 'x': 96, 'y': 25}, {'station_cd': 3200108, 'x': 94, 'y': 29}, {'station_cd': 3200109, 'x': 92, 'y': 31}, {'station_cd': 3200110, 'x': 90, 'y': 34}, {'station_cd': 3200111, 'x': 89, 'y': 37}, {'station_cd': 3200112, 'x': 88, 'y': 39}, {'station_cd': 3200113, 'x': 87, 'y': 42}, {'station_cd': 3200114, 'x': 87, 'y': 43}, {'station_cd': 3200115, 'x': 85, 'y': 47}, {'station_cd': 3200116, 'x': 83, 'y': 48}, {'station_cd': 3200117, 'x': 81, 'y': 50}, {'station_cd': 3200118, 'x': 80, 'y': 51}, {'station_cd': 3200119, 'x': 78, 'y': 55}, {'station_cd': 3200120, 'x': 77, 'y': 58}, {'station_cd': 3200121, 'x': 76, 'y': 60}, {'station_cd': 3200122, 'x': 74, 'y': 62}, {'station_cd': 3200123, 'x': 73, 'y': 63}, {'station_cd': 3200124, 'x': 70, 'y': 66}, {'station_cd': 3200125, 'x': 68, 'y': 69}, {'station_cd': 3200126, 'x': 66, 'y': 70}, {'station_cd': 3200127, 'x': 65, 'y': 72}, {'station_cd': 3200128, 'x': 62, 'y': 74}, {'station_cd': 3200129, 'x': 59, 'y': 77}, {'station_cd': 3200130, 'x': 57, 'y': 79}, {'station_cd': 3200131, 'x': 55, 'y': 81}, {'station_cd': 3200132, 'x': 52, 'y': 83}, {'station_cd': 3200133, 'x': 48, 'y': 86}, {'station_cd': 3200134, 'x': 46, 'y': 89}, {'station_cd': 3200135, 'x': 42, 'y': 91}, {'station_cd': 3200136, 'x': 36, 'y': 93}, {'station_cd': 3200137, 'x': 32, 'y': 95}, {'station_cd': 3200138, 'x': 30, 'y': 104}, {'station_cd': 3200141, 'x': 30, 'y': 108}, {'station_cd': 3200139, 'x': 33, 'y': 113}, {'station_cd': 3200140, 'x': 33, 'y': 118}]"
32002,南海空港線,"[(3200201, '泉佐野'), (3200202, 'りんくうタウン'), (3200203, '関西空港')]","328.157,327.082,338.157,337.082","[{'station_cd': 3200201, 'x': 73, 'y': 69}, {'station_cd': 3200202, 'x': 69, 'y': 69}, {'station_cd': 3200203, 'x': 55, 'y': 59}]"
32003,南海和歌山港線,"[(3200301, '和歌山市'), (3200302, '和歌山港')]","325.571,332.366,335.571,342.366","[{'station_cd': 3200301, 'x': 67, 'y': 61}, {'station_cd': 3200302, 'x': 61, 'y': 67}]"
32004,南海高師浜線,"[(3200401, '羽衣'), (3200402, '伽羅橋'), (3200403, '高師浜')]","331.356,324.291,341.356,334.291","[{'station_cd': 3200401, 'x': 65, 'y': 63}, {'station_cd': 3200402, 'x': 64, 'y': 65}, {'station_cd': 3200403, 'x': 63, 'y': 65}]"
32005,南海加太線,"[(3200501, '和歌山市'), (3200502, '紀ノ川'), (3200503, '東松江'), (3200504, '中松江'), (3200505, '八幡前'), (3200506, '西ノ庄'), (3200507, '二里ヶ浜'), (3200508, '磯ノ浦'), (3200509, '加太')]","324.929,331.517,334.929,341.517","[{'station_cd': 3200501, 'x': 75, 'y': 72}, {'station_cd': 3200502, 'x': 75, 'y': 65}, {'station_cd': 3200503, 'x': 68, 'y': 67}, {'station_cd': 3200504, 'x': 66, 'y': 67}, {'station_cd': 3200505, 'x': 63, 'y': 65}, {'station_cd': 3200506, 'x': 61, 'y': 64}, {'station_cd': 3200507, 'x': 59, 'y': 63}, {'station_cd': 3200508, 'x': 57, 'y': 62}, {'station_cd': 3200509, 'x': 53, 'y': 56}]"
32006,南海多奈川線,"[(3200601, 'みさき公園'), (3200602, '深日町'), (3200603, '深日港'), (3200604, '多奈川')]","325.474,329.765,335.474,339.765","[{'station_cd': 3200601, 'x': 67, 'y': 63}, {'station_cd': 3200602, 'x': 64, 'y': 65}, {'station_cd': 3200603, 'x': 62, 'y': 65}, {'station_cd': 3200604, 'x': 61, 'y': 65}]"
32007,南海高野線,"[(3200701, '難波'), (3200702, '今宮戎'), (3200703, '新今宮'), (3200704, '萩ノ茶屋'), (3200705, '天下茶屋'), (3200706, '岸里玉出'), (3200707, '帝塚山'), (3200708, '住吉東'), (3200709, '沢ノ町'), (3200710, '我孫子前'), (3200711, '浅香山'), (3200712, '堺東'), (3200713, '三国ヶ丘'), (3200714, '百舌鳥八幡'), (3200715, '中百舌鳥'), (3200716, '白鷺'), (3200717, '初芝'), (3200718, '萩原天神'), (3200719, '北野田'), (3200720, '狭山'), (3200721, '大阪狭山市'), (3200722, '金剛'), (3200723, '滝谷'), (3200724, '千代田'), (3200725, '河内長野'), (3200726, '三日市町'), (3200727, '美加の台'), (3200728, '千早口'), (3200729, '天見'), (3200730, '紀見峠'), (3200731, '林間田園都市'), (3200732, '御幸辻'), (3200733, '橋本'), (3200734, '紀伊清水'), (3200735, '学文路'), (3200736, '九度山'), (3200737, '高野下'), (3200738, '下古沢'), (3200739, '上古沢'), (3200740, '紀伊細川'), (3200741, '紀伊神谷'), (3200742, '極楽橋')]","333.573,325.063,343.573,338.378","[{'station_cd': 3200701, 'x': 56, 'y': 6}, {'station_cd': 3200702, 'x': 56, 'y': 8}, {'station_cd': 3200703, 'x': 56, 'y': 10}, {'station_cd': 3200704, 'x': 55, 'y': 11}, {'station_cd': 3200705, 'x': 55, 'y': 13}, {'station_cd': 3200706, 'x': 54, 'y': 15}, {'station_cd': 3200707, 'x': 55, 'y': 17}, {'station_cd': 3200708, 'x': 55, 'y': 19}, {'station_cd': 3200709, 'x': 55, 'y': 21}, {'station_cd': 3200710, 'x': 55, 'y': 23}, {'station_cd': 3200711, 'x': 53, 'y': 26}, {'station_cd': 3200712, 'x': 52, 'y': 29}, {'station_cd': 3200713, 'x': 54, 'y': 32}, {'station_cd': 3200714, 'x': 55, 'y': 34}, {'station_cd': 3200715, 'x': 56, 'y': 35}, {'station_cd': 3200716, 'x': 57, 'y': 36}, {'station_cd': 3200717, 'x': 60, 'y': 39}, {'station_cd': 3200718, 'x': 62, 'y': 40}, {'station_cd': 3200719, 'x': 63, 'y': 44}, {'station_cd': 3200720, 'x': 64, 'y': 46}, {'station_cd': 3200721, 'x': 66, 'y': 49}, {'station_cd': 3200722, 'x': 66, 'y': 52}, {'station_cd': 3200723, 'x': 67, 'y': 56}, {'station_cd': 3200724, 'x': 67, 'y': 59}, {'station_cd': 3200725, 'x': 68, 'y': 64}, {'station_cd': 3200726, 'x': 68, 'y': 68}, {'station_cd': 3200727, 'x': 69, 'y': 71}, {'station_cd': 3200728, 'x': 72, 'y': 75}, {'station_cd': 3200729, 'x': 73, 'y': 78}, {'station_cd': 3200730, 'x': 73, 'y': 87}, {'station_cd': 3200731, 'x': 74, 'y': 90}, {'station_cd': 3200732, 'x': 73, 'y': 94}, {'station_cd': 3200733, 'x': 76, 'y': 100}, {'station_cd': 3200734, 'x': 74, 'y': 103}, {'station_cd': 3200735, 'x': 69, 'y': 105}, {'station_cd': 3200736, 'x': 66, 'y': 107}, {'station_cd': 3200737, 'x': 66, 'y': 112}, {'station_cd': 3200738, 'x': 64, 'y': 113}, {'station_cd': 3200739, 'x': 63, 'y': 115}, {'station_cd': 3200740, 'x': 64, 'y': 121}, {'station_cd': 3200741, 'x': 67, 'y': 119}, {'station_cd': 3200742, 'x': 69, 'y': 122}]"
32008,南海高野山ケーブル,"[(3200801, '極楽橋'), (3200802, '高野山')]","334.050,332.818,344.050,342.818","[{'station_cd': 3200801, 'x': 65, 'y': 63}, {'station_cd': 3200802, 'x': 63, 'y': 65}]"
32009,南海汐見橋線,"[(3200901, '汐見橋'), (3200902, '芦原町'), (3200903, '木津川'), (3200904, '津守'), (3200905, '西天下茶屋'), (3200906, '岸里玉出')]","332.461,321.107,342.461,331.107","[{'station_cd': 3200901, 'x': 63, 'y': 57}, {'station_cd': 3200902, 'x': 64, 'y': 59}, {'station_cd': 3200903, 'x': 63, 'y': 62}, {'station_cd': 3200904, 'x': 63, 'y': 64}, {'station_cd': 3200905, 'x': 64, 'y': 67}, {'station_cd': 3200906, 'x': 65, 'y': 71}]"
33001,京阪本線,"[(3300101, '三条'), (3300102, '祇園四条'), (3300103, '清水五条'), (3300104, '七条'), (3300105, '東福寺'), (3300106, '鳥羽街道'), (3300107, '伏見稲荷'), (3300108, '龍谷大前深草'), (3300109, '藤森'), (3300110, '墨染'), (3300111, '丹波橋'), (3300112, '伏見桃山'), (3300113, '中書島'), (3300114, '淀'), (3300115, '石清水八幡宮'), (3300116, '橋本'), (3300117, '樟葉'), (3300118, '牧野'), (3300119, '御殿山'), (3300120, '枚方市'), (3300121, '枚方公園'), (3300122, '光善寺'), (3300123, '香里園'), (3300124, '寝屋川市'), (3300125, '萱島'), (3300126, '大和田'), (3300127, '古川橋'), (3300128, '門真市'), (3300129, '西三荘'), (3300130, '守口市'), (3300131, '土居'), (3300132, '滝井'), (3300133, '千林'), (3300134, '森小路'), (3300135, '関目'), (3300136, '野江'), (3300137, '京橋'), (3300138, '天満橋'), (3300139, '北浜'), (3300140, '淀屋橋')]","335.543,315.622,345.543,325.770","[{'station_cd': 3300101, 'x': 99, 'y': 10}, {'station_cd': 3300102, 'x': 99, 'y': 12}, {'station_cd': 3300103, 'x': 98, 'y': 15}, {'station_cd': 3300104, 'x': 98, 'y': 17}, {'station_cd': 3300105, 'x': 99, 'y': 20}, {'station_cd': 3300106, 'x': 98, 'y': 23}, {'station_cd': 3300107, 'x': 98, 'y': 24}, {'station_cd': 3300108, 'x': 98, 'y': 26}, {'station_cd': 3300109, 'x': 98, 'y': 29}, {'station_cd': 3300110, 'x': 98, 'y': 32}, {'station_cd': 3300111, 'x': 97, 'y': 35}, {'station_cd': 3300112, 'x': 97, 'y': 37}, {'station_cd': 3300113, 'x': 96, 'y': 39}, {'station_cd': 3300114, 'x': 85, 'y': 46}, {'station_cd': 3300115, 'x': 80, 'y': 53}, {'station_cd': 3300116, 'x': 76, 'y': 53}, {'station_cd': 3300117, 'x': 74, 'y': 60}, {'station_cd': 3300118, 'x': 71, 'y': 67}, {'station_cd': 3300119, 'x': 68, 'y': 71}, {'station_cd': 3300120, 'x': 67, 'y': 76}, {'station_cd': 3300121, 'x': 64, 'y': 77}, {'station_cd': 3300122, 'x': 62, 'y': 82}, {'station_cd': 3300123, 'x': 62, 'y': 87}, {'station_cd': 3300124, 'x': 59, 'y': 94}, {'station_cd': 3300125, 'x': 57, 'y': 99}, {'station_cd': 3300126, 'x': 55, 'y': 101}, {'station_cd': 3300127, 'x': 52, 'y': 102}, {'station_cd': 3300128, 'x': 50, 'y': 102}, {'station_cd': 3300129, 'x': 48, 'y': 102}, {'station_cd': 3300130, 'x': 45, 'y': 103}, {'station_cd': 3300131, 'x': 44, 'y': 104}, {'station_cd': 3300132, 'x': 43, 'y': 105}, {'station_cd': 3300133, 'x': 42, 'y': 107}, {'station_cd': 3300134, 'x': 42, 'y': 108}, {'station_cd': 3300135, 'x': 40, 'y': 111}, {'station_cd': 3300136, 'x': 39, 'y': 112}, {'station_cd': 3300137, 'x': 36, 'y': 116}, {'station_cd': 3300138, 'x': 32, 'y': 118}, {'station_cd': 3300139, 'x': 30, 'y': 117}, {'station_cd': 3300140, 'x': 29, 'y': 117}]"
33002,京阪宇治線,"[(3300201, '中書島'), (3300202, '観月橋'), (3300203, '桃山南口'), (3300204, '六地蔵'), (3300205, '木幡'), (3300206, '黄檗'), (3300207, '三室戸'), (3300208, '宇治')]","338.509,314.119,348.509,324.119","[{'station_cd': 3300201, 'x': 58, 'y': 59}, {'station_cd': 3300202, 'x': 60, 'y': 59}, {'station_cd': 3300203, 'x': 64, 'y': 58}, {'station_cd': 3300204, 'x': 67, 'y': 58}, {'station_cd': 3300205, 'x': 67, 'y': 60}, {'station_cd': 3300206, 'x': 69, 'y': 64}, {'station_cd': 3300207, 'x': 70, 'y': 70}, {'station_cd': 3300208, 'x': 70, 'y': 71}]"
33003,京阪交野線,"[(3300301, '枚方市'), (3300302, '宮之阪'), (3300303, '星ヶ丘'), (3300304, '村野'), (3300305, '郡津'), (3300306, '交野市'), (3300307, '河内森'), (3300308, '私市')]","336.126,317.342,346.126,327.342","[{'station_cd': 3300301, 'x': 59, 'y': 55}, {'station_cd': 3300302, 'x': 61, 'y': 56}, {'station_cd': 3300303, 'x': 62, 'y': 58}, {'station_cd': 3300304, 'x': 63, 'y': 60}, {'station_cd': 3300305, 'x': 65, 'y': 63}, {'station_cd': 3300306, 'x': 66, 'y': 66}, {'station_cd': 3300307, 'x': 68, 'y': 71}, {'station_cd': 3300308, 'x': 69, 'y': 73}]"
33004,京阪鴨東線,"[(3300401, '出町柳'), (3300402, '神宮丸太町'), (3300403, '三条')]","338.351,311.157,348.351,321.157","[{'station_cd': 3300401, 'x': 64, 'y': 60}, {'station_cd': 3300402, 'x': 64, 'y': 65}, {'station_cd': 3300403, 'x': 64, 'y': 68}]"
33005,石清水八幡宮参道ケーブル,"[(3300501, 'ケーブル八幡宮口'), (3300502, 'ケーブル八幡宮山上')]","336.818,314.858,346.818,324.858","[{'station_cd': 3300501, 'x': 64, 'y': 63}, {'station_cd': 3300502, 'x': 64, 'y': 65}]"
33006,京阪石山坂本線,"[(3300601, '石山寺'), (3300602, '唐橋前'), (3300603, '京阪石山'), (3300604, '粟津'), (3300605, '瓦ヶ浜'), (3300606, '中ノ庄'), (3300607, '膳所本町'), (3300608, '錦'), (3300609, '京阪膳所'), (3300610, '石場'), (3300611, '島ノ関'), (3300612, 'びわ湖浜大津'), (3300613, '三井寺'), (3300614, '大津市役所前'), (3300615, '京阪大津京'), (3300616, '近江神宮前'), (3300617, '南滋賀'), (3300618, '滋賀里'), (3300619, '穴太'), (3300620, '松ノ馬場'), (3300621, '坂本比叡山口')]","340.495,311.314,350.495,321.314","[{'station_cd': 3300601, 'x': 70, 'y': 83}, {'station_cd': 3300602, 'x': 70, 'y': 81}, {'station_cd': 3300603, 'x': 69, 'y': 79}, {'station_cd': 3300604, 'x': 68, 'y': 76}, {'station_cd': 3300605, 'x': 68, 'y': 75}, {'station_cd': 3300606, 'x': 67, 'y': 74}, {'station_cd': 3300607, 'x': 66, 'y': 73}, {'station_cd': 3300608, 'x': 65, 'y': 72}, {'station_cd': 3300609, 'x': 64, 'y': 71}, {'station_cd': 3300610, 'x': 63, 'y': 69}, {'station_cd': 3300611, 'x': 62, 'y': 68}, {'station_cd': 3300612, 'x': 60, 'y': 66}, {'station_cd': 3300613, 'x': 59, 'y': 66}, {'station_cd': 3300614, 'x': 58, 'y': 64}, {'station_cd': 3300615, 'x': 58, 'y': 62}, {'station_cd': 3300616, 'x': 58, 'y': 60}, {'station_cd': 3300617, 'x': 58, 'y': 57}, {'station_cd': 3300618, 'x': 59, 'y': 55}, {'station_cd': 3300619, 'x': 60, 'y': 51}, {'station_cd': 3300620, 'x': 62, 'y': 47}, {'station_cd': 3300621, 'x': 62, 'y': 45}]"
33007,京阪京津線,"[(3300701, '御陵'), (3300702, '京阪山科'), (3300703, '四宮'), (3300704, '追分'), (3300705, '大谷'), (3300706, '上栄町'), (3300707, 'びわ湖浜大津')]","339.551,311.738,349.551,321.738","[{'station_cd': 3300701, 'x': 56, 'y': 65}, {'station_cd': 3300702, 'x': 60, 'y': 67}, {'station_cd': 3300703, 'x': 62, 'y': 67}, {'station_cd': 3300704, 'x': 65, 'y': 68}, {'station_cd': 3300705, 'x': 69, 'y': 67}, {'station_cd': 3300706, 'x': 71, 'y': 63}, {'station_cd': 3300707, 'x': 72, 'y': 61}]"
33008,京阪中之島線,"[(3300801, '天満橋'), (3300802, 'なにわ橋'), (3300803, '大江橋'), (3300804, '渡辺橋'), (3300805, '中之島')]","332.752,319.893,342.752,329.893","[{'station_cd': 3300801, 'x': 68, 'y': 65}, {'station_cd': 3300802, 'x': 65, 'y': 64}, {'station_cd': 3300803, 'x': 64, 'y': 63}, {'station_cd': 3300804, 'x': 62, 'y': 63}, {'station_cd': 3300805, 'x': 60, 'y': 64}]"
34001,阪急神戸本線,"[(3400101, '大阪梅田'), (3400102, '中津'), (3400103, '十三'), (3400104, '神崎川'), (3400105, '園田'), (3400106, '塚口'), (3400107, '武庫之荘'), (3400108, '西宮北口'), (3400109, '夙川'), (3400110, '芦屋川'), (3400111, '岡本'), (3400112, '御影'), (3400113, '六甲'), (3400114, '王子公園'), (3400115, '春日野道'), (3400116, '神戸三宮')]","329.637,318.831,339.637,328.831","[{'station_cd': 3400101, 'x': 103, 'y': 73}, {'station_cd': 3400102, 'x': 102, 'y': 71}, {'station_cd': 3400103, 'x': 99, 'y': 67}, {'station_cd': 3400104, 'x': 97, 'y': 63}, {'station_cd': 3400105, 'x': 91, 'y': 55}, {'station_cd': 3400106, 'x': 82, 'y': 55}, {'station_cd': 3400107, 'x': 77, 'y': 55}, {'station_cd': 3400108, 'x': 67, 'y': 56}, {'station_cd': 3400109, 'x': 60, 'y': 57}, {'station_cd': 3400110, 'x': 53, 'y': 58}, {'station_cd': 3400111, 'x': 46, 'y': 61}, {'station_cd': 3400112, 'x': 40, 'y': 62}, {'station_cd': 3400113, 'x': 35, 'y': 63}, {'station_cd': 3400114, 'x': 31, 'y': 66}, {'station_cd': 3400115, 'x': 28, 'y': 69}, {'station_cd': 3400116, 'x': 25, 'y': 72}]"
34002,阪急宝塚本線,"[(3400201, '大阪梅田'), (3400202, '中津'), (3400203, '十三'), (3400204, '三国'), (3400205, '庄内'), (3400206, '服部天神'), (3400207, '曽根'), (3400208, '岡町'), (3400209, '豊中'), (3400210, '蛍池'), (3400211, '石橋阪大前'), (3400212, '池田'), (3400213, '川西能勢口'), (3400214, '雲雀丘花屋敷'), (3400215, '山本'), (3400216, '中山観音'), (3400217, '売布神社'), (3400218, '清荒神'), (3400219, '宝塚')]","331.145,317.717,341.145,327.717","[{'station_cd': 3400201, 'x': 84, 'y': 87}, {'station_cd': 3400202, 'x': 82, 'y': 85}, {'station_cd': 3400203, 'x': 80, 'y': 82}, {'station_cd': 3400204, 'x': 80, 'y': 76}, {'station_cd': 3400205, 'x': 78, 'y': 71}, {'station_cd': 3400206, 'x': 78, 'y': 66}, {'station_cd': 3400207, 'x': 76, 'y': 63}, {'station_cd': 3400208, 'x': 76, 'y': 60}, {'station_cd': 3400209, 'x': 75, 'y': 57}, {'station_cd': 3400210, 'x': 72, 'y': 55}, {'station_cd': 3400211, 'x': 71, 'y': 50}, {'station_cd': 3400212, 'x': 66, 'y': 45}, {'station_cd': 3400213, 'x': 63, 'y': 42}, {'station_cd': 3400214, 'x': 60, 'y': 42}, {'station_cd': 3400215, 'x': 56, 'y': 44}, {'station_cd': 3400216, 'x': 51, 'y': 44}, {'station_cd': 3400217, 'x': 49, 'y': 45}, {'station_cd': 3400218, 'x': 47, 'y': 47}, {'station_cd': 3400219, 'x': 44, 'y': 47}]"
34003,阪急京都本線,"[(3400301, '京都河原町'), (3400302, '烏丸'), (3400303, '大宮'), (3400304, '西院'), (3400305, '西京極'), (3400306, '桂'), (3400307, '洛西口'), (3400308, '東向日'), (3400309, '西向日'), (3400310, '長岡天神'), (3400328, '西山天王山'), (3400311, '大山崎'), (3400312, '水無瀬'), (3400313, '上牧'), (3400314, '高槻市'), (3400315, '富田'), (3400316, '総持寺'), (3400317, '茨木市'), (3400318, '南茨木'), (3400327, '摂津市'), (3400319, '正雀'), (3400320, '相川'), (3400321, '上新庄'), (3400322, '淡路'), (3400323, '崇禅寺'), (3400324, '南方'), (3400325, '十三'), (3400326, '大阪梅田')]","335.326,315.543,345.326,325.543","[{'station_cd': 3400301, 'x': 102, 'y': 13}, {'station_cd': 3400302, 'x': 99, 'y': 13}, {'station_cd': 3400303, 'x': 97, 'y': 13}, {'station_cd': 3400304, 'x': 92, 'y': 13}, {'station_cd': 3400305, 'x': 89, 'y': 17}, {'station_cd': 3400306, 'x': 85, 'y': 21}, {'station_cd': 3400307, 'x': 85, 'y': 26}, {'station_cd': 3400308, 'x': 85, 'y': 30}, {'station_cd': 3400309, 'x': 84, 'y': 35}, {'station_cd': 3400310, 'x': 82, 'y': 40}, {'station_cd': 3400328, 'x': 80, 'y': 44}, {'station_cd': 3400311, 'x': 79, 'y': 52}, {'station_cd': 3400312, 'x': 75, 'y': 56}, {'station_cd': 3400313, 'x': 73, 'y': 58}, {'station_cd': 3400314, 'x': 63, 'y': 66}, {'station_cd': 3400315, 'x': 55, 'y': 70}, {'station_cd': 3400316, 'x': 53, 'y': 73}, {'station_cd': 3400317, 'x': 51, 'y': 77}, {'station_cd': 3400318, 'x': 48, 'y': 82}, {'station_cd': 3400327, 'x': 45, 'y': 87}, {'station_cd': 3400319, 'x': 43, 'y': 91}, {'station_cd': 3400320, 'x': 40, 'y': 97}, {'station_cd': 3400321, 'x': 39, 'y': 99}, {'station_cd': 3400322, 'x': 35, 'y': 103}, {'station_cd': 3400323, 'x': 33, 'y': 106}, {'station_cd': 3400324, 'x': 31, 'y': 108}, {'station_cd': 3400325, 'x': 26, 'y': 109}, {'station_cd': 3400326, 'x': 30, 'y': 115}]"
34004,阪急今津線,"[(3400401, '今津'), (3400402, '阪神国道'), (3400403, '西宮北口'), (3400404, '門戸厄神'), (3400405, '甲東園'), (3400406, '仁川'), (3400407, '小林'), (3400408, '逆瀬川'), (3400409, '宝塚南口'), (3400410, '宝塚')]","329.761,317.496,339.761,327.496","[{'station_cd': 3400401, 'x': 64, 'y': 78}, {'station_cd': 3400402, 'x': 65, 'y': 76}, {'station_cd': 3400403, 'x': 65, 'y': 73}, {'station_cd': 3400404, 'x': 66, 'y': 69}, {'station_cd': 3400405, 'x': 66, 'y': 66}, {'station_cd': 3400406, 'x': 66, 'y': 63}, {'station_cd': 3400407, 'x': 65, 'y': 58}, {'station_cd': 3400408, 'x': 64, 'y': 55}, {'station_cd': 3400409, 'x': 63, 'y': 52}, {'station_cd': 3400410, 'x': 62, 'y': 50}]"
34005,阪急甲陽線,"[(3400501, '夙川'), (3400502, '苦楽園口'), (3400503, '甲陽園')]","329.323,318.014,339.323,328.014","[{'station_cd': 3400501, 'x': 64, 'y': 67}, {'station_cd': 3400502, 'x': 64, 'y': 65}, {'station_cd': 3400503, 'x': 64, 'y': 61}]"
34006,阪急伊丹線,"[(3400601, '塚口'), (3400602, '稲野'), (3400603, '新伊丹'), (3400604, '伊丹')]","331.046,317.717,341.046,327.717","[{'station_cd': 3400601, 'x': 64, 'y': 69}, {'station_cd': 3400602, 'x': 64, 'y': 65}, {'station_cd': 3400603, 'x': 64, 'y': 62}, {'station_cd': 3400604, 'x': 64, 'y': 59}]"
34007,阪急箕面線,"[(3400701, '石橋阪大前'), (3400702, '桜井'), (3400703, '牧落'), (3400704, '箕面')]","331.920,316.245,341.920,326.245","[{'station_cd': 3400701, 'x': 61, 'y': 68}, {'station_cd': 3400702, 'x': 65, 'y': 66}, {'station_cd': 3400703, 'x': 66, 'y': 63}, {'station_cd': 3400704, 'x': 67, 'y': 60}]"
34008,阪急千里線,"[(3400801, '北千里'), (3400802, '山田'), (3400803, '南千里'), (3400804, '千里山'), (3400805, '関大前'), (3400806, '豊津'), (3400807, '吹田'), (3400808, '下新庄'), (3400809, '淡路'), (3400810, '柴島'), (3400811, '天神橋筋六丁目')]","333.007,317.883,343.007,327.883","[{'station_cd': 3400801, 'x': 64, 'y': 44}, {'station_cd': 3400802, 'x': 65, 'y': 50}, {'station_cd': 3400803, 'x': 63, 'y': 54}, {'station_cd': 3400804, 'x': 62, 'y': 59}, {'station_cd': 3400805, 'x': 62, 'y': 62}, {'station_cd': 3400806, 'x': 63, 'y': 64}, {'station_cd': 3400807, 'x': 65, 'y': 66}, {'station_cd': 3400808, 'x': 66, 'y': 71}, {'station_cd': 3400809, 'x': 65, 'y': 73}, {'station_cd': 3400810, 'x': 63, 'y': 77}, {'station_cd': 3400811, 'x': 63, 'y': 83}]"
34009,阪急嵐山線,"[(3400901, '桂'), (3400902, '上桂'), (3400903, '松尾大社'), (3400904, '嵐山')]","336.736,311.731,346.736,321.731","[{'station_cd': 3400901, 'x': 67, 'y': 70}, {'station_cd': 3400902, 'x': 65, 'y': 66}, {'station_cd': 3400903, 'x': 63, 'y': 62}, {'station_cd': 3400904, 'x': 61, 'y': 58}]"
35001,阪神本線,"[(3500101, '大阪梅田'), (3500102, '福島'), (3500103, '野田'), (3500104, '淀川'), (3500105, '姫島'), (3500106, '千船'), (3500107, '杭瀬'), (3500108, '大物'), (3500109, '尼崎'), (3500110, '出屋敷'), (3500111, '尼崎センタープール前'), (3500112, '武庫川'), (3500113, '鳴尾・武庫川女子大前'), (3500114, '甲子園'), (3500115, '久寿川'), (3500116, '今津'), (3500117, '西宮'), (3500118, '香櫨園'), (3500119, '打出'), (3500120, '芦屋'), (3500121, '深江'), (3500122, '青木'), (3500123, '魚崎'), (3500124, '住吉'), (3500125, '御影'), (3500126, '石屋川'), (3500127, '新在家'), (3500128, '大石'), (3500129, '西灘'), (3500130, '岩屋'), (3500131, '春日野道'), (3500132, '神戸三宮'), (3500133, '元町')]","329.562,319.100,339.562,329.100","[{'station_cd': 3500101, 'x': 104, 'y': 71}, {'station_cd': 3500102, 'x': 101, 'y': 73}, {'station_cd': 3500103, 'x': 98, 'y': 73}, {'station_cd': 3500104, 'x': 95, 'y': 72}, {'station_cd': 3500105, 'x': 94, 'y': 69}, {'station_cd': 3500106, 'x': 90, 'y': 66}, {'station_cd': 3500107, 'x': 89, 'y': 64}, {'station_cd': 3500108, 'x': 85, 'y': 64}, {'station_cd': 3500109, 'x': 83, 'y': 63}, {'station_cd': 3500110, 'x': 80, 'y': 63}, {'station_cd': 3500111, 'x': 78, 'y': 63}, {'station_cd': 3500112, 'x': 75, 'y': 63}, {'station_cd': 3500113, 'x': 71, 'y': 62}, {'station_cd': 3500114, 'x': 69, 'y': 61}, {'station_cd': 3500115, 'x': 68, 'y': 59}, {'station_cd': 3500116, 'x': 67, 'y': 58}, {'station_cd': 3500117, 'x': 63, 'y': 55}, {'station_cd': 3500118, 'x': 61, 'y': 56}, {'station_cd': 3500119, 'x': 57, 'y': 57}, {'station_cd': 3500120, 'x': 54, 'y': 58}, {'station_cd': 3500121, 'x': 51, 'y': 60}, {'station_cd': 3500122, 'x': 48, 'y': 62}, {'station_cd': 3500123, 'x': 45, 'y': 63}, {'station_cd': 3500124, 'x': 43, 'y': 63}, {'station_cd': 3500125, 'x': 42, 'y': 62}, {'station_cd': 3500126, 'x': 40, 'y': 62}, {'station_cd': 3500127, 'x': 38, 'y': 63}, {'station_cd': 3500128, 'x': 35, 'y': 64}, {'station_cd': 3500129, 'x': 34, 'y': 65}, {'station_cd': 3500130, 'x': 32, 'y': 65}, {'station_cd': 3500131, 'x': 30, 'y': 67}, {'station_cd': 3500132, 'x': 26, 'y': 68}, {'station_cd': 3500133, 'x': 24, 'y': 70}]"
35002,阪神なんば線,"[(3500211, '大阪難波'), (3500210, '桜川'), (3500209, 'ドーム前'), (3500208, '九条'), (3500201, '西九条'), (3500202, '千鳥橋'), (3500203, '伝法'), (3500204, '福'), (3500205, '出来島'), (3500206, '大物'), (3500207, '尼崎')]","331.875,319.818,341.875,329.818","[{'station_cd': 3500211, 'x': 74, 'y': 74}, {'station_cd': 3500210, 'x': 71, 'y': 73}, {'station_cd': 3500209, 'x': 69, 'y': 72}, {'station_cd': 3500208, 'x': 68, 'y': 71}, {'station_cd': 3500201, 'x': 66, 'y': 68}, {'station_cd': 3500202, 'x': 64, 'y': 67}, {'station_cd': 3500203, 'x': 62, 'y': 65}, {'station_cd': 3500204, 'x': 60, 'y': 61}, {'station_cd': 3500205, 'x': 59, 'y': 59}, {'station_cd': 3500206, 'x': 56, 'y': 55}, {'station_cd': 3500207, 'x': 54, 'y': 54}]"
35003,阪神武庫川線,"[(3500301, '武庫川'), (3500302, '東鳴尾'), (3500303, '洲先'), (3500304, '武庫川団地前')]","330.304,319.195,340.304,329.195","[{'station_cd': 3500301, 'x': 65, 'y': 62}, {'station_cd': 3500302, 'x': 64, 'y': 64}, {'station_cd': 3500303, 'x': 64, 'y': 65}, {'station_cd': 3500304, 'x': 63, 'y': 66}]"
36001,西鉄天神大牟田線,"[(3600101, '西鉄福岡（天神）'), (3600102, '薬院'), (3600103, '西鉄平尾'), (3600104, '高宮'), (3600105, '大橋'), (3600106, '井尻'), (3600107, '雑餉隈'), (3600150, '桜並木'), (3600108, '春日原'), (3600109, '白木原'), (3600110, '下大利'), (3600111, '都府楼前'), (3600112, '西鉄二日市'), (3600149, '紫'), (3600113, '朝倉街道'), (3600114, '桜台'), (3600115, '筑紫'), (3600116, '津古'), (3600117, '三国が丘'), (3600118, '三沢'), (3600119, '大保'), (3600120, '西鉄小郡'), (3600121, '端間'), (3600122, '味坂'), (3600123, '宮の陣'), (3600124, '櫛原'), (3600125, '西鉄久留米'), (3600126, '花畑'), (3600127, '聖マリア病院前'), (3600128, '津福'), (3600129, '安武'), (3600130, '大善寺'), (3600131, '三潴'), (3600132, '犬塚'), (3600133, '大溝'), (3600134, '八丁牟田'), (3600135, '蒲池'), (3600136, '矢加部'), (3600137, '西鉄柳川'), (3600138, '徳益'), (3600139, '塩塚'), (3600140, '西鉄中島'), (3600141, '江の浦'), (3600142, '開'), (3600143, '西鉄渡瀬'), (3600144, '倉永'), (3600145, '東甘木'), (3600146, '西鉄銀水'), (3600147, '新栄町'), (3600148, '大牟田')]","231.458,348.013,241.458,365.357","[{'station_cd': 3600101, 'x': 53, 'y': 6}, {'station_cd': 3600102, 'x': 53, 'y': 7}, {'station_cd': 3600103, 'x': 54, 'y': 9}, {'station_cd': 3600104, 'x': 55, 'y': 10}, {'station_cd': 3600105, 'x': 57, 'y': 12}, {'station_cd': 3600106, 'x': 59, 'y': 14}, {'station_cd': 3600107, 'x': 62, 'y': 15}, {'station_cd': 3600150, 'x': 63, 'y': 16}, {'station_cd': 3600108, 'x': 64, 'y': 17}, {'station_cd': 3600109, 'x': 65, 'y': 19}, {'station_cd': 3600110, 'x': 66, 'y': 20}, {'station_cd': 3600111, 'x': 69, 'y': 23}, {'station_cd': 3600112, 'x': 70, 'y': 25}, {'station_cd': 3600149, 'x': 71, 'y': 26}, {'station_cd': 3600113, 'x': 72, 'y': 29}, {'station_cd': 3600114, 'x': 74, 'y': 31}, {'station_cd': 3600115, 'x': 75, 'y': 33}, {'station_cd': 3600116, 'x': 77, 'y': 37}, {'station_cd': 3600117, 'x': 76, 'y': 39}, {'station_cd': 3600118, 'x': 76, 'y': 41}, {'station_cd': 3600119, 'x': 76, 'y': 44}, {'station_cd': 3600120, 'x': 75, 'y': 47}, {'station_cd': 3600121, 'x': 74, 'y': 50}, {'station_cd': 3600122, 'x': 73, 'y': 56}, {'station_cd': 3600123, 'x': 71, 'y': 60}, {'station_cd': 3600124, 'x': 70, 'y': 62}, {'station_cd': 3600125, 'x': 70, 'y': 64}, {'station_cd': 3600126, 'x': 69, 'y': 65}, {'station_cd': 3600127, 'x': 68, 'y': 66}, {'station_cd': 3600128, 'x': 66, 'y': 67}, {'station_cd': 3600129, 'x': 65, 'y': 69}, {'station_cd': 3600130, 'x': 63, 'y': 72}, {'station_cd': 3600131, 'x': 62, 'y': 75}, {'station_cd': 3600132, 'x': 61, 'y': 77}, {'station_cd': 3600133, 'x': 59, 'y': 81}, {'station_cd': 3600134, 'x': 57, 'y': 84}, {'station_cd': 3600135, 'x': 55, 'y': 88}, {'station_cd': 3600136, 'x': 54, 'y': 91}, {'station_cd': 3600137, 'x': 54, 'y': 93}, {'station_cd': 3600138, 'x': 55, 'y': 95}, {'station_cd': 3600139, 'x': 56, 'y': 97}, {'station_cd': 3600140, 'x': 57, 'y': 102}, {'station_cd': 3600141, 'x': 58, 'y': 105}, {'station_cd': 3600142, 'x': 59, 'y': 107}, {'station_cd': 3600143, 'x': 60, 'y': 109}, {'station_cd': 3600144, 'x': 60, 'y': 112}, {'station_cd': 3600145, 'x': 60, 'y': 114}, {'station_cd': 3600146, 'x': 59, 'y': 117}, {'station_cd': 3600147, 'x': 58, 'y': 119}, {'station_cd': 3600148, 'x': 57, 'y': 121}]"
36002,西鉄太宰府線,"[(3600201, '西鉄二日市'), (3600202, '西鉄五条'), (3600203, '太宰府')]","232.413,346.144,242.413,356.144","[{'station_cd': 3600201, 'x': 62, 'y': 67}, {'station_cd': 3600202, 'x': 64, 'y': 64}, {'station_cd': 3600203, 'x': 66, 'y': 61}]"
36003,西鉄甘木線,"[(3600301, '宮の陣'), (3600302, '五郎丸'), (3600303, '学校前'), (3600304, '古賀茶屋'), (3600305, '北野'), (3600306, '大城'), (3600307, '金島'), (3600308, '大堰'), (3600309, '本郷'), (3600310, '上浦'), (3600311, '馬田'), (3600312, '甘木')]","233.704,350.035,243.704,360.035","[{'station_cd': 3600301, 'x': 48, 'y': 79}, {'station_cd': 3600302, 'x': 50, 'y': 79}, {'station_cd': 3600303, 'x': 52, 'y': 77}, {'station_cd': 3600304, 'x': 57, 'y': 74}, {'station_cd': 3600305, 'x': 61, 'y': 74}, {'station_cd': 3600306, 'x': 68, 'y': 72}, {'station_cd': 3600307, 'x': 72, 'y': 72}, {'station_cd': 3600308, 'x': 72, 'y': 65}, {'station_cd': 3600309, 'x': 73, 'y': 61}, {'station_cd': 3600310, 'x': 75, 'y': 56}, {'station_cd': 3600311, 'x': 76, 'y': 53}, {'station_cd': 3600312, 'x': 80, 'y': 49}]"
36004,西鉄貝塚線,"[(3600401, '貝塚'), (3600402, '名島'), (3600403, '西鉄千早'), (3600404, '香椎宮前'), (3600405, '西鉄香椎'), (3600406, '香椎花園前'), (3600407, '唐の原'), (3600408, '和白'), (3600409, '三苫'), (3600410, '西鉄新宮'), (3600411, '古賀ゴルフ場前'), (3600412, '西鉄古賀'), (3600413, '花見'), (3600414, '西鉄福間'), (3600415, '宮地岳'), (3600416, '津屋崎')]","231.034,340.506,241.034,350.506","[{'station_cd': 3600401, 'x': 57, 'y': 91}, {'station_cd': 3600402, 'x': 59, 'y': 88}, {'station_cd': 3600403, 'x': 61, 'y': 85}, {'station_cd': 3600404, 'x': 62, 'y': 83}, {'station_cd': 3600405, 'x': 61, 'y': 82}, {'station_cd': 3600406, 'x': 60, 'y': 78}, {'station_cd': 3600407, 'x': 60, 'y': 74}, {'station_cd': 3600408, 'x': 59, 'y': 71}, {'station_cd': 3600409, 'x': 57, 'y': 66}, {'station_cd': 3600410, 'x': 61, 'y': 62}, {'station_cd': 3600411, 'x': 65, 'y': 59}, {'station_cd': 3600412, 'x': 67, 'y': 56}, {'station_cd': 3600413, 'x': 68, 'y': 52}, {'station_cd': 3600414, 'x': 71, 'y': 44}, {'station_cd': 3600415, 'x': 72, 'y': 40}, {'station_cd': 3600416, 'x': 69, 'y': 37}]"
99101,札幌市営地下鉄東西線,"[(9910101, '宮の沢'), (9910102, '発寒南'), (9910103, '琴似'), (9910104, '二十四軒'), (9910105, '西２８丁目'), (9910106, '円山公園'), (9910107, '西１８丁目'), (9910108, '西１１丁目'), (9910109, '大通'), (9910110, 'バスセンター前'), (9910111, '菊水'), (9910112, '東札幌'), (9910113, '白石'), (9910114, '南郷７丁目'), (9910115, '南郷１３丁目'), (9910116, '南郷１８丁目'), (9910117, '大谷地'), (9910118, 'ひばりが丘'), (9910119, '新さっぽろ')]","455.088,95.073,465.088,105.073","[{'station_cd': 9910101, 'x': 39, 'y': 51}, {'station_cd': 9910102, 'x': 42, 'y': 54}, {'station_cd': 9910103, 'x': 46, 'y': 57}, {'station_cd': 9910104, 'x': 48, 'y': 59}, {'station_cd': 9910105, 'x': 48, 'y': 62}, {'station_cd': 9910106, 'x': 50, 'y': 64}, {'station_cd': 9910107, 'x': 52, 'y': 64}, {'station_cd': 9910108, 'x': 55, 'y': 64}, {'station_cd': 9910109, 'x': 59, 'y': 63}, {'station_cd': 9910110, 'x': 60, 'y': 63}, {'station_cd': 9910111, 'x': 63, 'y': 65}, {'station_cd': 9910112, 'x': 66, 'y': 67}, {'station_cd': 9910113, 'x': 69, 'y': 69}, {'station_cd': 9910114, 'x': 73, 'y': 71}, {'station_cd': 9910115, 'x': 76, 'y': 73}, {'station_cd': 9910116, 'x': 79, 'y': 75}, {'station_cd': 9910117, 'x': 84, 'y': 76}, {'station_cd': 9910118, 'x': 87, 'y': 75}, {'station_cd': 9910119, 'x': 89, 'y': 73}]"
99102,札幌市営地下鉄南北線,"[(9910201, '麻生'), (9910202, '北３４条'), (9910203, '北２４条'), (9910204, '北１８条'), (9910205, '北１２条'), (9910206, 'さっぽろ'), (9910207, '大通'), (9910208, 'すすきの'), (9910209, '中島公園'), (9910210, '幌平橋'), (9910211, '中の島'), (9910212, '平岸'), (9910213, '南平岸'), (9910214, '澄川'), (9910215, '自衛隊前'), (9910216, '真駒内')]","454.675,95.292,464.675,105.292","[{'station_cd': 9910201, 'x': 60, 'y': 43}, {'station_cd': 9910202, 'x': 61, 'y': 46}, {'station_cd': 9910203, 'x': 62, 'y': 50}, {'station_cd': 9910204, 'x': 62, 'y': 53}, {'station_cd': 9910205, 'x': 63, 'y': 55}, {'station_cd': 9910206, 'x': 63, 'y': 58}, {'station_cd': 9910207, 'x': 64, 'y': 60}, {'station_cd': 9910208, 'x': 64, 'y': 62}, {'station_cd': 9910209, 'x': 64, 'y': 64}, {'station_cd': 9910210, 'x': 64, 'y': 68}, {'station_cd': 9910211, 'x': 65, 'y': 69}, {'station_cd': 9910212, 'x': 67, 'y': 70}, {'station_cd': 9910213, 'x': 68, 'y': 73}, {'station_cd': 9910214, 'x': 67, 'y': 76}, {'station_cd': 9910215, 'x': 66, 'y': 80}, {'station_cd': 9910216, 'x': 65, 'y': 85}]"
99103,札幌市営地下鉄東豊線,"[(9910301, '栄町'), (9910302, '新道東'), (9910303, '元町'), (9910304, '環状通東'), (9910305, '東区役所前'), (9910306, '北１３条東'), (9910307, 'さっぽろ'), (9910308, '大通'), (9910309, '豊水すすきの'), (9910310, '学園前'), (9910311, '豊平公園'), (9910312, '美園'), (9910313, '月寒中央'), (9910314, '福住')]","455.124,94.844,465.124,104.844","[{'station_cd': 9910301, 'x': 62, 'y': 48}, {'station_cd': 9910302, 'x': 62, 'y': 51}, {'station_cd': 9910303, 'x': 63, 'y': 54}, {'station_cd': 9910304, 'x': 64, 'y': 59}, {'station_cd': 9910305, 'x': 61, 'y': 60}, {'station_cd': 9910306, 'x': 58, 'y': 60}, {'station_cd': 9910307, 'x': 57, 'y': 64}, {'station_cd': 9910308, 'x': 58, 'y': 66}, {'station_cd': 9910309, 'x': 59, 'y': 68}, {'station_cd': 9910310, 'x': 62, 'y': 71}, {'station_cd': 9910311, 'x': 64, 'y': 73}, {'station_cd': 9910312, 'x': 66, 'y': 75}, {'station_cd': 9910313, 'x': 69, 'y': 77}, {'station_cd': 9910314, 'x': 70, 'y': 81}]"
99104,札幌市電,"[(9910401, '西４丁目'), (9910402, '西８丁目'), (9910403, '中央区役所前'), (9910404, '西１５丁目'), (9910405, '西線６条'), (9910406, '西線９条旭山公園通'), (9910407, '西線１１条'), (9910408, '西線１４条'), (9910409, '西線１６条'), (9910410, 'ロープウェイ入口'), (9910411, '電車事業所前'), (9910412, '中央図書館前'), (9910413, '石山通'), (9910414, '東屯田通'), (9910415, '幌南小学校前'), (9910416, '山鼻１９条'), (9910417, '静修学園前'), (9910418, '行啓通'), (9910419, '中島公園通'), (9910420, '山鼻９条'), (9910421, '東本願寺前'), (9910422, '資生館小学校前'), (9910423, 'すすきの'), (9910424, '狸小路')]","454.459,95.430,464.459,105.430","[{'station_cd': 9910401, 'x': 66, 'y': 59}, {'station_cd': 9910402, 'x': 64, 'y': 59}, {'station_cd': 9910403, 'x': 64, 'y': 59}, {'station_cd': 9910404, 'x': 62, 'y': 59}, {'station_cd': 9910405, 'x': 62, 'y': 61}, {'station_cd': 9910406, 'x': 62, 'y': 63}, {'station_cd': 9910407, 'x': 62, 'y': 64}, {'station_cd': 9910408, 'x': 62, 'y': 65}, {'station_cd': 9910409, 'x': 62, 'y': 66}, {'station_cd': 9910410, 'x': 62, 'y': 68}, {'station_cd': 9910411, 'x': 62, 'y': 69}, {'station_cd': 9910412, 'x': 63, 'y': 69}, {'station_cd': 9910413, 'x': 64, 'y': 69}, {'station_cd': 9910414, 'x': 65, 'y': 69}, {'station_cd': 9910415, 'x': 66, 'y': 69}, {'station_cd': 9910416, 'x': 66, 'y': 68}, {'station_cd': 9910417, 'x': 66, 'y': 66}, {'station_cd': 9910418, 'x': 66, 'y': 65}, {'station_cd': 9910419, 'x': 66, 'y': 64}, {'station_cd': 9910420, 'x': 65, 'y': 63}, {'station_cd': 9910421, 'x': 65, 'y': 62}, {'station_cd': 9910422, 'x': 65, 'y': 60}, {'station_cd': 9910423, 'x': 66, 'y': 60}, {'station_cd': 9910424, 'x': 66, 'y': 60}]"
99105,函館市電２系統,"[(9910501, '湯の川'), (9910502, '湯の川温泉'), (9910503, '函館アリーナ前'), (9910504, '駒場車庫前'), (9910505, '競馬場前'), (9910506, '深堀町'), (9910507, '柏木町'), (9910508, '杉並町'), (9910509, '五稜郭公園前'), (9910510, '中央病院前'), (9910511, '千代台'), (9910512, '堀川町'), (9910513, '昭和橋'), (9910514, '千歳町'), (9910515, '新川町'), (9910516, '松風町'), (9910517, '函館駅前'), (9910518, '市役所前'), (9910519, '魚市場通'), (9910520, '十字街'), (9910521, '宝来町'), (9910522, '青柳町'), (9910523, '谷地頭')]","441.905,130.048,451.905,140.048","[{'station_cd': 9910501, 'x': 73, 'y': 61}, {'station_cd': 9910502, 'x': 72, 'y': 61}, {'station_cd': 9910503, 'x': 71, 'y': 61}, {'station_cd': 9910504, 'x': 71, 'y': 60}, {'station_cd': 9910505, 'x': 70, 'y': 60}, {'station_cd': 9910506, 'x': 68, 'y': 59}, {'station_cd': 9910507, 'x': 67, 'y': 58}, {'station_cd': 9910508, 'x': 66, 'y': 58}, {'station_cd': 9910509, 'x': 64, 'y': 58}, {'station_cd': 9910510, 'x': 64, 'y': 58}, {'station_cd': 9910511, 'x': 63, 'y': 59}, {'station_cd': 9910512, 'x': 62, 'y': 61}, {'station_cd': 9910513, 'x': 61, 'y': 61}, {'station_cd': 9910514, 'x': 60, 'y': 62}, {'station_cd': 9910515, 'x': 60, 'y': 63}, {'station_cd': 9910516, 'x': 59, 'y': 64}, {'station_cd': 9910517, 'x': 58, 'y': 63}, {'station_cd': 9910518, 'x': 57, 'y': 64}, {'station_cd': 9910519, 'x': 56, 'y': 65}, {'station_cd': 9910520, 'x': 55, 'y': 66}, {'station_cd': 9910521, 'x': 55, 'y': 67}, {'station_cd': 9910522, 'x': 55, 'y': 69}, {'station_cd': 9910523, 'x': 54, 'y': 70}]"
99106,函館市電５系統,"[(9910601, '湯の川'), (9910602, '湯の川温泉'), (9910603, '函館アリーナ前'), (9910604, '駒場車庫前'), (9910605, '競馬場前'), (9910606, '深堀町'), (9910607, '柏木町'), (9910608, '杉並町'), (9910609, '五稜郭公園前'), (9910610, '中央病院前'), (9910611, '千代台'), (9910612, '堀川町'), (9910613, '昭和橋'), (9910614, '千歳町'), (9910615, '新川町'), (9910616, '松風町'), (9910617, '函館駅前'), (9910618, '市役所前'), (9910619, '魚市場通'), (9910620, '十字街'), (9910621, '末広町'), (9910622, '大町'), (9910623, '函館どつく前')]","441.788,129.891,451.788,139.891","[{'station_cd': 9910601, 'x': 75, 'y': 63}, {'station_cd': 9910602, 'x': 74, 'y': 63}, {'station_cd': 9910603, 'x': 73, 'y': 63}, {'station_cd': 9910604, 'x': 72, 'y': 62}, {'station_cd': 9910605, 'x': 71, 'y': 62}, {'station_cd': 9910606, 'x': 70, 'y': 61}, {'station_cd': 9910607, 'x': 69, 'y': 60}, {'station_cd': 9910608, 'x': 67, 'y': 60}, {'station_cd': 9910609, 'x': 65, 'y': 60}, {'station_cd': 9910610, 'x': 65, 'y': 60}, {'station_cd': 9910611, 'x': 64, 'y': 61}, {'station_cd': 9910612, 'x': 63, 'y': 63}, {'station_cd': 9910613, 'x': 62, 'y': 63}, {'station_cd': 9910614, 'x': 62, 'y': 64}, {'station_cd': 9910615, 'x': 61, 'y': 65}, {'station_cd': 9910616, 'x': 60, 'y': 66}, {'station_cd': 9910617, 'x': 59, 'y': 65}, {'station_cd': 9910618, 'x': 58, 'y': 66}, {'station_cd': 9910619, 'x': 57, 'y': 67}, {'station_cd': 9910620, 'x': 57, 'y': 68}, {'station_cd': 9910621, 'x': 55, 'y': 67}, {'station_cd': 9910622, 'x': 54, 'y': 66}, {'station_cd': 9910623, 'x': 53, 'y': 65}]"
99107,ふるさと銀河線,"[(9910701, '池田'), (9910702, '様舞'), (9910703, '高島'), (9910704, '大森'), (9910705, '勇足'), (9910706, '南本別'), (9910707, '岡女堂'), (9910708, '本別'), (9910709, '仙美里'), (9910710, '足寄'), (9910711, '愛冠'), (9910712, '西一線'), (9910713, '塩幌'), (9910714, '上利別'), (9910715, '笹森'), (9910716, '大誉地'), (9910717, '薫別'), (9910718, '陸別'), (9910719, '分線'), (9910720, '川上'), (9910721, '小利別'), (9910722, '置戸'), (9910723, '豊住'), (9910724, '境野'), (9910725, '西訓子府'), (9910726, '西富'), (9910727, '訓子府'), (9910728, '穂波'), (9910729, '日ノ出'), (9910730, '広郷'), (9910731, '上常呂'), (9910732, '北光社'), (9910733, '北見')]","501.092,80.813,511.506,108.479","[{'station_cd': 9910701, 'x': 42, 'y': 119}, {'station_cd': 9910702, 'x': 42, 'y': 113}, {'station_cd': 9910703, 'x': 43, 'y': 107}, {'station_cd': 9910704, 'x': 45, 'y': 104}, {'station_cd': 9910705, 'x': 49, 'y': 98}, {'station_cd': 9910706, 'x': 52, 'y': 96}, {'station_cd': 9910707, 'x': 56, 'y': 96}, {'station_cd': 9910708, 'x': 58, 'y': 94}, {'station_cd': 9910709, 'x': 56, 'y': 87}, {'station_cd': 9910710, 'x': 52, 'y': 79}, {'station_cd': 9910711, 'x': 54, 'y': 73}, {'station_cd': 9910712, 'x': 55, 'y': 69}, {'station_cd': 9910713, 'x': 57, 'y': 68}, {'station_cd': 9910714, 'x': 58, 'y': 65}, {'station_cd': 9910715, 'x': 61, 'y': 63}, {'station_cd': 9910716, 'x': 65, 'y': 60}, {'station_cd': 9910717, 'x': 68, 'y': 58}, {'station_cd': 9910718, 'x': 71, 'y': 51}, {'station_cd': 9910719, 'x': 69, 'y': 45}, {'station_cd': 9910720, 'x': 69, 'y': 41}, {'station_cd': 9910721, 'x': 65, 'y': 35}, {'station_cd': 9910722, 'x': 57, 'y': 23}, {'station_cd': 9910723, 'x': 61, 'y': 20}, {'station_cd': 9910724, 'x': 64, 'y': 19}, {'station_cd': 9910725, 'x': 65, 'y': 19}, {'station_cd': 9910726, 'x': 69, 'y': 17}, {'station_cd': 9910727, 'x': 71, 'y': 17}, {'station_cd': 9910728, 'x': 73, 'y': 17}, {'station_cd': 9910729, 'x': 75, 'y': 17}, {'station_cd': 9910730, 'x': 77, 'y': 16}, {'station_cd': 9910731, 'x': 80, 'y': 14}, {'station_cd': 9910732, 'x': 83, 'y': 12}, {'station_cd': 9910733, 'x': 86, 'y': 9}]"
99108,道南いさりび鉄道線,"[(1111910, '木古内'), (1111911, '札苅'), (1111912, '泉沢'), (1111913, '釜谷'), (1111914, '渡島当別'), (1111915, '茂辺地'), (1111916, '上磯'), (1111917, '清川口'), (1111918, '久根別'), (1111919, '東久根別'), (1111920, '七重浜'), (1111921, '五稜郭'), (1111922, '函館')]","438.502,130.355,448.502,140.355","[{'station_cd': 1111910, 'x': 25, 'y': 88}, {'station_cd': 1111911, 'x': 34, 'y': 81}, {'station_cd': 1111912, 'x': 44, 'y': 81}, {'station_cd': 1111913, 'x': 52, 'y': 77}, {'station_cd': 1111914, 'x': 63, 'y': 69}, {'station_cd': 1111915, 'x': 68, 'y': 59}, {'station_cd': 1111916, 'x': 79, 'y': 41}, {'station_cd': 1111917, 'x': 82, 'y': 39}, {'station_cd': 1111918, 'x': 86, 'y': 39}, {'station_cd': 1111919, 'x': 89, 'y': 39}, {'station_cd': 1111920, 'x': 96, 'y': 43}, {'station_cd': 1111921, 'x': 103, 'y': 48}, {'station_cd': 1111922, 'x': 101, 'y': 59}]"
99201,津軽鉄道線,"[(9920101, '津軽五所川原'), (9920102, '十川'), (9920103, '五農校前'), (9920104, '津軽飯詰'), (9920105, '毘沙門'), (9920106, '嘉瀬'), (9920107, '金木'), (9920108, '芦野公園'), (9920109, '川倉'), (9920110, '大沢内'), (9920111, '深郷田'), (9920112, '津軽中里')]","435.505,154.235,445.505,164.235","[{'station_cd': 9920101, 'x': 61, 'y': 91}, {'station_cd': 9920102, 'x': 63, 'y': 89}, {'station_cd': 9920103, 'x': 69, 'y': 88}, {'station_cd': 9920104, 'x': 69, 'y': 85}, {'station_cd': 9920105, 'x': 69, 'y': 75}, {'station_cd': 9920106, 'x': 67, 'y': 66}, {'station_cd': 9920107, 'x': 64, 'y': 58}, {'station_cd': 9920108, 'x': 62, 'y': 55}, {'station_cd': 9920109, 'x': 60, 'y': 50}, {'station_cd': 9920110, 'x': 59, 'y': 45}, {'station_cd': 9920111, 'x': 60, 'y': 41}, {'station_cd': 9920112, 'x': 60, 'y': 36}]"
99202,弘南鉄道弘南線,"[(9920201, '弘前'), (9920202, '弘前東高前'), (9920203, '運動公園前'), (9920204, '新里'), (9920205, '館田'), (9920206, '平賀'), (9920207, '柏農高校前'), (9920208, '津軽尾上'), (9920209, '尾上高校前'), (9920213, '田んぼアート'), (9920210, '田舎館'), (9920211, '境松'), (9920212, '黒石')]","436.952,161.859,446.952,171.859","[{'station_cd': 9920201, 'x': 50, 'y': 69}, {'station_cd': 9920202, 'x': 51, 'y': 72}, {'station_cd': 9920203, 'x': 55, 'y': 73}, {'station_cd': 9920204, 'x': 59, 'y': 74}, {'station_cd': 9920205, 'x': 64, 'y': 75}, {'station_cd': 9920206, 'x': 70, 'y': 76}, {'station_cd': 9920207, 'x': 71, 'y': 70}, {'station_cd': 9920208, 'x': 74, 'y': 66}, {'station_cd': 9920209, 'x': 74, 'y': 61}, {'station_cd': 9920213, 'x': 73, 'y': 59}, {'station_cd': 9920210, 'x': 73, 'y': 57}, {'station_cd': 9920211, 'x': 74, 'y': 53}, {'station_cd': 9920212, 'x': 78, 'y': 54}]"
99203,弘南鉄道大鰐線,"[(9920301, '大鰐'), (9920302, '宿川原'), (9920303, '鯖石'), (9920304, '石川プール前'), (9920305, '石川'), (9920306, '義塾高校前'), (9920307, '津軽大沢'), (9920308, '松木平'), (9920309, '小栗山'), (9920310, '千年'), (9920311, '聖愛中高前'), (9920312, '弘前学院大前'), (9920313, '弘高下'), (9920314, '中央弘前')]","436.502,163.398,446.502,173.398","[{'station_cd': 9920301, 'x': 76, 'y': 79}, {'station_cd': 9920302, 'x': 74, 'y': 77}, {'station_cd': 9920303, 'x': 73, 'y': 73}, {'station_cd': 9920304, 'x': 72, 'y': 71}, {'station_cd': 9920305, 'x': 70, 'y': 68}, {'station_cd': 9920306, 'x': 67, 'y': 66}, {'station_cd': 9920307, 'x': 64, 'y': 65}, {'station_cd': 9920308, 'x': 59, 'y': 64}, {'station_cd': 9920309, 'x': 56, 'y': 62}, {'station_cd': 9920310, 'x': 55, 'y': 61}, {'station_cd': 9920311, 'x': 53, 'y': 57}, {'station_cd': 9920312, 'x': 52, 'y': 55}, {'station_cd': 9920313, 'x': 52, 'y': 52}, {'station_cd': 9920314, 'x': 53, 'y': 49}]"
99204,十和田観光電鉄,"[(9920401, '三沢'), (9920402, '大曲'), (9920403, '柳沢'), (9920404, '七百'), (9920405, '古里'), (9920406, '三農校前'), (9920407, '高清水'), (9920408, '北里大学前'), (9920409, '工業高校前'), (9920410, 'ひがし野団地'), (9920411, '十和田市')]","451.896,162.033,461.896,172.033","[{'station_cd': 9920401, 'x': 82, 'y': 57}, {'station_cd': 9920402, 'x': 79, 'y': 64}, {'station_cd': 9920403, 'x': 73, 'y': 66}, {'station_cd': 9920404, 'x': 70, 'y': 65}, {'station_cd': 9920405, 'x': 64, 'y': 67}, {'station_cd': 9920406, 'x': 60, 'y': 67}, {'station_cd': 9920407, 'x': 58, 'y': 68}, {'station_cd': 9920408, 'x': 52, 'y': 69}, {'station_cd': 9920409, 'x': 50, 'y': 70}, {'station_cd': 9920410, 'x': 48, 'y': 70}, {'station_cd': 9920411, 'x': 46, 'y': 71}]"
99205,いわて銀河鉄道線,"[(9920501, '盛岡'), (9920502, '青山'), (9920503, '厨川'), (9920504, '巣子'), (9920505, '滝沢'), (9920506, '渋民'), (9920507, '好摩'), (9920508, '岩手川口'), (9920509, 'いわて沼宮内'), (9920510, '御堂'), (9920511, '奥中山高原'), (9920512, '小繋'), (9920513, '小鳥谷'), (9920514, '一戸'), (9920515, '二戸'), (9920516, '斗米'), (9920517, '金田一温泉'), (9920518, '目時')]","450.130,174.077,460.130,194.242","[{'station_cd': 9920501, 'x': 53, 'y': 121}, {'station_cd': 9920502, 'x': 51, 'y': 116}, {'station_cd': 9920503, 'x': 52, 'y': 113}, {'station_cd': 9920504, 'x': 55, 'y': 106}, {'station_cd': 9920505, 'x': 55, 'y': 104}, {'station_cd': 9920506, 'x': 56, 'y': 97}, {'station_cd': 9920507, 'x': 58, 'y': 91}, {'station_cd': 9920508, 'x': 62, 'y': 83}, {'station_cd': 9920509, 'x': 64, 'y': 76}, {'station_cd': 9920510, 'x': 67, 'y': 68}, {'station_cd': 9920511, 'x': 66, 'y': 57}, {'station_cd': 9920512, 'x': 70, 'y': 47}, {'station_cd': 9920513, 'x': 77, 'y': 39}, {'station_cd': 9920514, 'x': 75, 'y': 32}, {'station_cd': 9920515, 'x': 74, 'y': 23}, {'station_cd': 9920516, 'x': 75, 'y': 19}, {'station_cd': 9920517, 'x': 77, 'y': 12}, {'station_cd': 9920518, 'x': 75, 'y': 7}]"
99206,青い森鉄道線,"[(9920601, '目時'), (9920602, '三戸'), (9920603, '諏訪ノ平'), (9920604, '剣吉'), (9920605, '苫米地'), (9920606, '北高岩'), (9920607, '八戸'), (1120102, '陸奥市川'), (1120103, '下田'), (1120104, '向山'), (1120105, '三沢'), (1120106, '小川原'), (1120107, '上北町'), (1120108, '乙供'), (1120109, '千曳'), (1120110, '野辺地'), (1120111, '狩場沢'), (1120112, '清水川'), (1120113, '小湊'), (1120114, '西平内'), (1120115, '浅虫温泉'), (1120116, '野内'), (1120117, '矢田前'), (1120118, '小柳'), (1120119, '東青森'), (9920608, '筒井'), (1120120, '青森')]","445.013,157.571,460.891,176.269","[{'station_cd': 9920601, 'x': 91, 'y': 121}, {'station_cd': 9920602, 'x': 89, 'y': 112}, {'station_cd': 9920603, 'x': 93, 'y': 109}, {'station_cd': 9920604, 'x': 99, 'y': 103}, {'station_cd': 9920605, 'x': 103, 'y': 100}, {'station_cd': 9920606, 'x': 107, 'y': 98}, {'station_cd': 9920607, 'x': 111, 'y': 92}, {'station_cd': 1120102, 'x': 112, 'y': 82}, {'station_cd': 1120103, 'x': 108, 'y': 76}, {'station_cd': 1120104, 'x': 103, 'y': 69}, {'station_cd': 1120105, 'x': 101, 'y': 61}, {'station_cd': 1120106, 'x': 93, 'y': 53}, {'station_cd': 1120107, 'x': 89, 'y': 48}, {'station_cd': 1120108, 'x': 82, 'y': 39}, {'station_cd': 1120109, 'x': 74, 'y': 33}, {'station_cd': 1120110, 'x': 69, 'y': 24}, {'station_cd': 1120111, 'x': 63, 'y': 14}, {'station_cd': 1120112, 'x': 57, 'y': 10}, {'station_cd': 1120113, 'x': 47, 'y': 8}, {'station_cd': 1120114, 'x': 41, 'y': 10}, {'station_cd': 1120115, 'x': 34, 'y': 14}, {'station_cd': 1120116, 'x': 28, 'y': 22}, {'station_cd': 1120117, 'x': 26, 'y': 25}, {'station_cd': 1120118, 'x': 25, 'y': 28}, {'station_cd': 1120119, 'x': 23, 'y': 29}, {'station_cd': 9920608, 'x': 21, 'y': 30}, {'station_cd': 1120120, 'x': 16, 'y': 25}]"
99208,三陸鉄道リアス線,"[(9920801, '盛'), (9920802, '陸前赤崎'), (9920803, '綾里'), (9920804, '恋し浜'), (9920805, '甫嶺'), (9920806, '三陸'), (9920807, '吉浜'), (9920808, '唐丹'), (9920809, '平田'), (9920810, '釜石'), (9920811, '両石'), (9920812, '鵜住居'), (9920813, '大槌'), (9920814, '吉里吉里'), (9920815, '浪板海岸'), (9920816, '岩手船越'), (9920817, '織笠'), (9920818, '陸中山田'), (9920819, '豊間根'), (9920820, '払川'), (9920821, '津軽石'), (9920822, '八木沢・宮古短大'), (9920823, '磯鶏'), (9920701, '宮古'), (9920716, '山口団地'), (9920702, '一の渡'), (9920703, '佐羽根'), (9920704, '田老'), (9920824, '新田老'), (9920705, '摂待'), (9920706, '岩泉小本'), (9920707, '島越'), (9920708, '田野畑'), (9920709, '普代'), (9920710, '白井海岸'), (9920711, '堀内'), (9920712, '野田玉川'), (9920717, '十府ヶ浦海岸'), (9920713, '陸中野田'), (9920714, '陸中宇部'), (9920715, '久慈')]","462.503,178.673,472.503,213.800","[{'station_cd': 9920801, 'x': 53, 'y': 118}, {'station_cd': 9920802, 'x': 55, 'y': 120}, {'station_cd': 9920803, 'x': 60, 'y': 121}, {'station_cd': 9920804, 'x': 61, 'y': 119}, {'station_cd': 9920805, 'x': 60, 'y': 117}, {'station_cd': 9920806, 'x': 61, 'y': 115}, {'station_cd': 9920807, 'x': 63, 'y': 112}, {'station_cd': 9920808, 'x': 65, 'y': 107}, {'station_cd': 9920809, 'x': 66, 'y': 102}, {'station_cd': 9920810, 'x': 65, 'y': 100}, {'station_cd': 9920811, 'x': 67, 'y': 96}, {'station_cd': 9920812, 'x': 67, 'y': 94}, {'station_cd': 9920813, 'x': 68, 'y': 91}, {'station_cd': 9920814, 'x': 71, 'y': 90}, {'station_cd': 9920815, 'x': 70, 'y': 89}, {'station_cd': 9920816, 'x': 73, 'y': 84}, {'station_cd': 9920817, 'x': 72, 'y': 82}, {'station_cd': 9920818, 'x': 72, 'y': 81}, {'station_cd': 9920819, 'x': 70, 'y': 73}, {'station_cd': 9920820, 'x': 70, 'y': 70}, {'station_cd': 9920821, 'x': 71, 'y': 69}, {'station_cd': 9920822, 'x': 72, 'y': 65}, {'station_cd': 9920823, 'x': 73, 'y': 64}, {'station_cd': 9920701, 'x': 72, 'y': 63}, {'station_cd': 9920716, 'x': 71, 'y': 62}, {'station_cd': 9920702, 'x': 71, 'y': 58}, {'station_cd': 9920703, 'x': 71, 'y': 55}, {'station_cd': 9920704, 'x': 73, 'y': 53}, {'station_cd': 9920824, 'x': 73, 'y': 53}, {'station_cd': 9920705, 'x': 73, 'y': 46}, {'station_cd': 9920706, 'x': 73, 'y': 42}, {'station_cd': 9920707, 'x': 72, 'y': 35}, {'station_cd': 9920708, 'x': 71, 'y': 33}, {'station_cd': 9920709, 'x': 68, 'y': 26}, {'station_cd': 9920710, 'x': 68, 'y': 23}, {'station_cd': 9920711, 'x': 66, 'y': 21}, {'station_cd': 9920712, 'x': 64, 'y': 17}, {'station_cd': 9920717, 'x': 64, 'y': 15}, {'station_cd': 9920713, 'x': 63, 'y': 14}, {'station_cd': 9920714, 'x': 61, 'y': 12}, {'station_cd': 9920715, 'x': 60, 'y': 6}]"
99209,秋田内陸線,"[(9920901, '鷹巣'), (9920902, '西鷹巣'), (9920903, '縄文小ヶ田'), (9920904, '大野台'), (9920905, '合川'), (9920906, '上杉'), (9920907, '米内沢'), (9920908, '桂瀬'), (9920909, '阿仁前田温泉'), (9920910, '前田南'), (9920911, '小渕'), (9920912, '阿仁合'), (9920913, '荒瀬'), (9920914, '萱草'), (9920915, '笑内'), (9920916, '岩野目'), (9920917, '比立内'), (9920918, '奥阿仁'), (9920919, '阿仁マタギ'), (9920920, '戸沢'), (9920921, '上桧木内'), (9920922, '左通'), (9920923, '羽後中里'), (9920924, '松葉'), (9920925, '羽後長戸呂'), (9920926, '八津'), (9920927, '西明寺'), (9920928, '羽後太田'), (9920929, '角館')]","435.114,176.372,445.114,196.352","[{'station_cd': 9920901, 'x': 53, 'y': 6}, {'station_cd': 9920902, 'x': 51, 'y': 7}, {'station_cd': 9920903, 'x': 50, 'y': 11}, {'station_cd': 9920904, 'x': 49, 'y': 14}, {'station_cd': 9920905, 'x': 47, 'y': 18}, {'station_cd': 9920906, 'x': 50, 'y': 21}, {'station_cd': 9920907, 'x': 53, 'y': 25}, {'station_cd': 9920908, 'x': 58, 'y': 30}, {'station_cd': 9920909, 'x': 58, 'y': 37}, {'station_cd': 9920910, 'x': 56, 'y': 39}, {'station_cd': 9920911, 'x': 56, 'y': 42}, {'station_cd': 9920912, 'x': 56, 'y': 48}, {'station_cd': 9920913, 'x': 56, 'y': 51}, {'station_cd': 9920914, 'x': 57, 'y': 55}, {'station_cd': 9920915, 'x': 57, 'y': 59}, {'station_cd': 9920916, 'x': 59, 'y': 62}, {'station_cd': 9920917, 'x': 62, 'y': 65}, {'station_cd': 9920918, 'x': 67, 'y': 64}, {'station_cd': 9920919, 'x': 70, 'y': 63}, {'station_cd': 9920920, 'x': 79, 'y': 74}, {'station_cd': 9920921, 'x': 79, 'y': 82}, {'station_cd': 9920922, 'x': 79, 'y': 85}, {'station_cd': 9920923, 'x': 81, 'y': 90}, {'station_cd': 9920924, 'x': 79, 'y': 95}, {'station_cd': 9920925, 'x': 76, 'y': 98}, {'station_cd': 9920926, 'x': 74, 'y': 105}, {'station_cd': 9920927, 'x': 75, 'y': 111}, {'station_cd': 9920928, 'x': 77, 'y': 116}, {'station_cd': 9920929, 'x': 76, 'y': 122}]"
99210,鳥海山ろく線,"[(9921001, '羽後本荘'), (9921002, '薬師堂'), (9921003, '子吉'), (9921004, '鮎川'), (9921005, '黒沢'), (9921006, '曲沢'), (9921007, '前郷'), (9921008, '久保田'), (9921009, '西滝沢'), (9921010, '吉沢'), (9921011, '川辺'), (9921012, '矢島')]","427.312,197.641,437.312,207.641","[{'station_cd': 9921001, 'x': 55, 'y': 36}, {'station_cd': 9921002, 'x': 53, 'y': 42}, {'station_cd': 9921003, 'x': 56, 'y': 49}, {'station_cd': 9921004, 'x': 58, 'y': 56}, {'station_cd': 9921005, 'x': 64, 'y': 60}, {'station_cd': 9921006, 'x': 66, 'y': 60}, {'station_cd': 9921007, 'x': 69, 'y': 63}, {'station_cd': 9921008, 'x': 68, 'y': 69}, {'station_cd': 9921009, 'x': 70, 'y': 75}, {'station_cd': 9921010, 'x': 69, 'y': 79}, {'station_cd': 9921011, 'x': 70, 'y': 86}, {'station_cd': 9921012, 'x': 75, 'y': 93}]"
99211,フラワー長井線,"[(9921101, '赤湯'), (9921102, '南陽市役所'), (9921103, '宮内'), (9921104, 'おりはた'), (9921105, '梨郷'), (9921106, '西大塚'), (9921107, '今泉'), (9921108, '時庭'), (9921109, '南長井'), (9921110, '長井'), (9921111, 'あやめ公園'), (9921112, '羽前成田'), (9921113, '白兎'), (9921114, '蚕桑'), (9921115, '鮎貝'), (9921117, '四季の郷'), (9921116, '荒砥')]","426.546,230.748,436.546,240.748","[{'station_cd': 9921101, 'x': 79, 'y': 90}, {'station_cd': 9921102, 'x': 79, 'y': 87}, {'station_cd': 9921103, 'x': 75, 'y': 81}, {'station_cd': 9921104, 'x': 72, 'y': 83}, {'station_cd': 9921105, 'x': 66, 'y': 86}, {'station_cd': 9921106, 'x': 57, 'y': 86}, {'station_cd': 9921107, 'x': 52, 'y': 85}, {'station_cd': 9921108, 'x': 48, 'y': 78}, {'station_cd': 9921109, 'x': 50, 'y': 70}, {'station_cd': 9921110, 'x': 50, 'y': 67}, {'station_cd': 9921111, 'x': 49, 'y': 64}, {'station_cd': 9921112, 'x': 50, 'y': 58}, {'station_cd': 9921113, 'x': 52, 'y': 52}, {'station_cd': 9921114, 'x': 53, 'y': 48}, {'station_cd': 9921115, 'x': 60, 'y': 41}, {'station_cd': 9921117, 'x': 61, 'y': 40}, {'station_cd': 9921116, 'x': 67, 'y': 39}]"
99212,くりはら田園鉄道線,"[(9921201, '石越'), (9921202, '荒町'), (9921203, '若柳'), (9921204, '谷地畑'), (9921205, '大岡小前'), (9921206, '大岡'), (9921207, '沢辺'), (9921208, '津久毛'), (9921209, '杉橋'), (9921210, '鳥矢崎'), (9921211, '栗駒'), (9921212, '栗原田町'), (9921213, '尾松'), (9921214, '鶯沢'), (9921215, '鶯沢工業高校前'), (9921216, '細倉マインパーク前')]","445.816,213.041,455.816,223.041","[{'station_cd': 9921201, 'x': 96, 'y': 77}, {'station_cd': 9921202, 'x': 94, 'y': 74}, {'station_cd': 9921203, 'x': 89, 'y': 74}, {'station_cd': 9921204, 'x': 85, 'y': 72}, {'station_cd': 9921205, 'x': 83, 'y': 70}, {'station_cd': 9921206, 'x': 78, 'y': 68}, {'station_cd': 9921207, 'x': 73, 'y': 65}, {'station_cd': 9921208, 'x': 65, 'y': 57}, {'station_cd': 9921209, 'x': 62, 'y': 54}, {'station_cd': 9921210, 'x': 59, 'y': 53}, {'station_cd': 9921211, 'x': 54, 'y': 52}, {'station_cd': 9921212, 'x': 52, 'y': 54}, {'station_cd': 9921213, 'x': 50, 'y': 56}, {'station_cd': 9921214, 'x': 43, 'y': 59}, {'station_cd': 9921215, 'x': 37, 'y': 59}, {'station_cd': 9921216, 'x': 32, 'y': 60}]"
99213,阿武隈急行線,"[(9921301, '福島'), (9921302, '卸町'), (9921303, '福島学院前'), (9921304, '瀬上'), (9921305, '向瀬上'), (9921306, '高子'), (9921307, '上保原'), (9921308, '保原'), (9921309, '大泉'), (9921310, '二井田'), (9921311, '新田'), (9921312, '梁川'), (9921313, 'やながわ希望の森公園前'), (9921314, '富野'), (9921315, '兜'), (9921316, 'あぶくま'), (9921317, '丸森'), (9921318, '北丸森'), (9921319, '南角田'), (9921320, '角田'), (9921321, '横倉'), (9921322, '岡'), (9921323, '東船岡'), (9921324, '槻木')]","437.362,236.848,447.362,247.244","[{'station_cd': 9921301, 'x': 20, 'y': 116}, {'station_cd': 9921302, 'x': 25, 'y': 103}, {'station_cd': 9921303, 'x': 27, 'y': 102}, {'station_cd': 9921304, 'x': 30, 'y': 101}, {'station_cd': 9921305, 'x': 33, 'y': 100}, {'station_cd': 9921306, 'x': 37, 'y': 99}, {'station_cd': 9921307, 'x': 41, 'y': 99}, {'station_cd': 9921308, 'x': 44, 'y': 98}, {'station_cd': 9921309, 'x': 47, 'y': 96}, {'station_cd': 9921310, 'x': 50, 'y': 93}, {'station_cd': 9921311, 'x': 53, 'y': 90}, {'station_cd': 9921312, 'x': 56, 'y': 88}, {'station_cd': 9921313, 'x': 59, 'y': 84}, {'station_cd': 9921314, 'x': 62, 'y': 78}, {'station_cd': 9921315, 'x': 67, 'y': 72}, {'station_cd': 9921316, 'x': 76, 'y': 66}, {'station_cd': 9921317, 'x': 95, 'y': 61}, {'station_cd': 9921318, 'x': 98, 'y': 57}, {'station_cd': 9921319, 'x': 98, 'y': 50}, {'station_cd': 9921320, 'x': 98, 'y': 45}, {'station_cd': 9921321, 'x': 99, 'y': 39}, {'station_cd': 9921322, 'x': 101, 'y': 31}, {'station_cd': 9921323, 'x': 103, 'y': 21}, {'station_cd': 9921324, 'x': 108, 'y': 12}]"
99214,仙台市営地下鉄南北線,"[(9921401, '泉中央'), (9921402, '八乙女'), (9921403, '黒松'), (9921404, '旭ヶ丘'), (9921405, '台原'), (9921406, '北仙台'), (9921407, '北四番丁'), (9921408, '勾当台公園'), (9921409, '広瀬通'), (9921410, '仙台'), (9921411, '五橋'), (9921412, '愛宕橋'), (9921413, '河原町'), (9921414, '長町一丁目'), (9921415, '長町'), (9921416, '長町南'), (9921417, '富沢')]","442.432,227.594,452.432,237.594","[{'station_cd': 9921401, 'x': 65, 'y': 45}, {'station_cd': 9921402, 'x': 66, 'y': 48}, {'station_cd': 9921403, 'x': 66, 'y': 52}, {'station_cd': 9921404, 'x': 66, 'y': 54}, {'station_cd': 9921405, 'x': 64, 'y': 57}, {'station_cd': 9921406, 'x': 62, 'y': 59}, {'station_cd': 9921407, 'x': 62, 'y': 63}, {'station_cd': 9921408, 'x': 62, 'y': 65}, {'station_cd': 9921409, 'x': 63, 'y': 66}, {'station_cd': 9921410, 'x': 64, 'y': 67}, {'station_cd': 9921411, 'x': 65, 'y': 70}, {'station_cd': 9921412, 'x': 65, 'y': 72}, {'station_cd': 9921413, 'x': 66, 'y': 74}, {'station_cd': 9921414, 'x': 66, 'y': 76}, {'station_cd': 9921415, 'x': 65, 'y': 78}, {'station_cd': 9921416, 'x': 63, 'y': 80}, {'station_cd': 9921417, 'x': 62, 'y': 83}]"
99215,福島交通飯坂線,"[(9921501, '福島'), (9921502, '曽根田'), (9921503, '美術館図書館前'), (9921504, '岩代清水'), (9921505, '泉'), (9921506, '上松川'), (9921507, '笹谷'), (9921508, '桜水'), (9921509, '平野'), (9921510, '医王寺前'), (9921511, '花水坂'), (9921512, '飯坂温泉')]","433.583,240.269,443.583,250.269","[{'station_cd': 9921501, 'x': 66, 'y': 78}, {'station_cd': 9921502, 'x': 66, 'y': 76}, {'station_cd': 9921503, 'x': 65, 'y': 73}, {'station_cd': 9921504, 'x': 63, 'y': 70}, {'station_cd': 9921505, 'x': 63, 'y': 69}, {'station_cd': 9921506, 'x': 62, 'y': 67}, {'station_cd': 9921507, 'x': 61, 'y': 66}, {'station_cd': 9921508, 'x': 62, 'y': 62}, {'station_cd': 9921509, 'x': 62, 'y': 59}, {'station_cd': 9921510, 'x': 63, 'y': 55}, {'station_cd': 9921511, 'x': 64, 'y': 52}, {'station_cd': 9921512, 'x': 66, 'y': 51}]"
99216,会津鉄道会津線,"[(9921601, '西若松'), (9921602, '南若松'), (9921603, '門田'), (9921604, 'あまや'), (9921605, '芦ノ牧温泉'), (9921606, '大川ダム公園'), (9921607, '芦ノ牧温泉南'), (9921608, '湯野上温泉'), (9921609, '塔のへつり'), (9921610, '弥五島'), (9921611, '会津下郷'), (9921612, 'ふるさと公園'), (9921613, '養鱒公園'), (9921614, '会津長野'), (9921615, '田島高校前'), (9921616, '会津田島'), (9921617, '中荒井'), (9921618, '会津荒海'), (9921619, '会津山村道場'), (9921620, '七ヶ岳登山口'), (9921621, '会津高原尾瀬口')]","420.660,252.230,430.660,264.672","[{'station_cd': 9921601, 'x': 85, 'y': 9}, {'station_cd': 9921602, 'x': 85, 'y': 16}, {'station_cd': 9921603, 'x': 84, 'y': 21}, {'station_cd': 9921604, 'x': 85, 'y': 29}, {'station_cd': 9921605, 'x': 88, 'y': 35}, {'station_cd': 9921606, 'x': 85, 'y': 49}, {'station_cd': 9921607, 'x': 85, 'y': 52}, {'station_cd': 9921608, 'x': 80, 'y': 60}, {'station_cd': 9921609, 'x': 81, 'y': 69}, {'station_cd': 9921610, 'x': 79, 'y': 71}, {'station_cd': 9921611, 'x': 73, 'y': 74}, {'station_cd': 9921612, 'x': 72, 'y': 77}, {'station_cd': 9921613, 'x': 68, 'y': 82}, {'station_cd': 9921614, 'x': 65, 'y': 85}, {'station_cd': 9921615, 'x': 60, 'y': 86}, {'station_cd': 9921616, 'x': 54, 'y': 88}, {'station_cd': 9921617, 'x': 49, 'y': 94}, {'station_cd': 9921618, 'x': 46, 'y': 101}, {'station_cd': 9921619, 'x': 45, 'y': 104}, {'station_cd': 9921620, 'x': 42, 'y': 109}, {'station_cd': 9921621, 'x': 39, 'y': 119}]"
99217,仙台空港線,"[(9921701, '名取'), (9921702, '杜せきのした'), (9921703, '美田園'), (9921704, '仙台空港')]","442.931,230.772,452.931,240.772","[{'station_cd': 9921701, 'x': 58, 'y': 57}, {'station_cd': 9921702, 'x': 61, 'y': 60}, {'station_cd': 9921703, 'x': 67, 'y': 63}, {'station_cd': 9921704, 'x': 70, 'y': 71}]"
99218,仙台市営地下鉄東西線,"[(9921801, '八木山動物公園'), (9921802, '青葉山'), (9921803, '川内'), (9921804, '国際センター'), (9921805, '大町西公園'), (9921806, '青葉通一番町'), (9921807, '仙台'), (9921808, '宮城野通'), (9921809, '連坊'), (9921810, '薬師堂'), (9921811, '卸町'), (9921812, '六丁の目'), (9921813, '荒井')]","442.695,228.083,452.695,238.083","[{'station_cd': 9921801, 'x': 52, 'y': 66}, {'station_cd': 9921802, 'x': 49, 'y': 62}, {'station_cd': 9921803, 'x': 53, 'y': 60}, {'station_cd': 9921804, 'x': 55, 'y': 60}, {'station_cd': 9921805, 'x': 57, 'y': 61}, {'station_cd': 9921806, 'x': 59, 'y': 61}, {'station_cd': 9921807, 'x': 61, 'y': 61}, {'station_cd': 9921808, 'x': 62, 'y': 62}, {'station_cd': 9921809, 'x': 64, 'y': 64}, {'station_cd': 9921810, 'x': 68, 'y': 65}, {'station_cd': 9921811, 'x': 71, 'y': 65}, {'station_cd': 9921812, 'x': 75, 'y': 65}, {'station_cd': 9921813, 'x': 78, 'y': 67}]"
99301,都営大江戸線,"[(9930101, '都庁前'), (9930102, '新宿西口'), (9930103, '東新宿'), (9930104, '若松河田'), (9930105, '牛込柳町'), (9930106, '牛込神楽坂'), (9930107, '飯田橋'), (9930108, '春日'), (9930109, '本郷三丁目'), (9930110, '上野御徒町'), (9930111, '新御徒町'), (9930112, '蔵前'), (9930113, '両国'), (9930114, '森下'), (9930115, '清澄白河'), (9930116, '門前仲町'), (9930117, '月島'), (9930118, '勝どき'), (9930119, '築地市場'), (9930120, '汐留'), (9930121, '大門'), (9930122, '赤羽橋'), (9930123, '麻布十番'), (9930124, '六本木'), (9930125, '青山一丁目'), (9930126, '国立競技場'), (9930127, '代々木'), (9930128, '新宿'), (9930129, '西新宿五丁目'), (9930130, '中野坂上'), (9930131, '東中野'), (9930132, '中井'), (9930133, '落合南長崎'), (9930134, '新江古田'), (9930135, '練馬'), (9930136, '豊島園'), (9930137, '練馬春日町'), (9930138, '光が丘')]","417.665,297.273,427.665,307.273","[{'station_cd': 9930101, 'x': 58, 'y': 69}, {'station_cd': 9930102, 'x': 60, 'y': 69}, {'station_cd': 9930103, 'x': 62, 'y': 67}, {'station_cd': 9930104, 'x': 65, 'y': 67}, {'station_cd': 9930105, 'x': 67, 'y': 67}, {'station_cd': 9930106, 'x': 70, 'y': 66}, {'station_cd': 9930107, 'x': 72, 'y': 66}, {'station_cd': 9930108, 'x': 74, 'y': 64}, {'station_cd': 9930109, 'x': 76, 'y': 65}, {'station_cd': 9930110, 'x': 80, 'y': 65}, {'station_cd': 9930111, 'x': 81, 'y': 65}, {'station_cd': 9930112, 'x': 84, 'y': 67}, {'station_cd': 9930113, 'x': 85, 'y': 69}, {'station_cd': 9930114, 'x': 85, 'y': 72}, {'station_cd': 9930115, 'x': 86, 'y': 74}, {'station_cd': 9930116, 'x': 85, 'y': 78}, {'station_cd': 9930117, 'x': 82, 'y': 80}, {'station_cd': 9930118, 'x': 80, 'y': 82}, {'station_cd': 9930119, 'x': 77, 'y': 80}, {'station_cd': 9930120, 'x': 76, 'y': 80}, {'station_cd': 9930121, 'x': 74, 'y': 82}, {'station_cd': 9930122, 'x': 71, 'y': 83}, {'station_cd': 9930123, 'x': 69, 'y': 82}, {'station_cd': 9930124, 'x': 68, 'y': 80}, {'station_cd': 9930125, 'x': 66, 'y': 76}, {'station_cd': 9930126, 'x': 64, 'y': 74}, {'station_cd': 9930127, 'x': 61, 'y': 72}, {'station_cd': 9930128, 'x': 60, 'y': 70}, {'station_cd': 9930129, 'x': 56, 'y': 70}, {'station_cd': 9930130, 'x': 56, 'y': 67}, {'station_cd': 9930131, 'x': 56, 'y': 63}, {'station_cd': 9930132, 'x': 57, 'y': 61}, {'station_cd': 9930133, 'x': 56, 'y': 57}, {'station_cd': 9930134, 'x': 53, 'y': 54}, {'station_cd': 9930135, 'x': 49, 'y': 52}, {'station_cd': 9930136, 'x': 48, 'y': 50}, {'station_cd': 9930137, 'x': 45, 'y': 47}, {'station_cd': 9930138, 'x': 43, 'y': 44}]"
99302,都営浅草線,"[(9930201, '西馬込'), (9930202, '馬込'), (9930203, '中延'), (9930204, '戸越'), (9930205, '五反田'), (9930206, '高輪台'), (9930207, '泉岳寺'), (9930208, '三田'), (9930209, '大門'), (9930210, '新橋'), (9930211, '東銀座'), (9930212, '宝町'), (9930213, '日本橋'), (9930214, '人形町'), (9930215, '東日本橋'), (9930216, '浅草橋'), (9930217, '蔵前'), (9930218, '浅草'), (9930219, '本所吾妻橋'), (9930220, '押上（スカイツリー前）')]","418.547,298.946,428.547,308.946","[{'station_cd': 9930201, 'x': 50, 'y': 85}, {'station_cd': 9930202, 'x': 51, 'y': 82}, {'station_cd': 9930203, 'x': 52, 'y': 79}, {'station_cd': 9930204, 'x': 53, 'y': 75}, {'station_cd': 9930205, 'x': 55, 'y': 71}, {'station_cd': 9930206, 'x': 56, 'y': 70}, {'station_cd': 9930207, 'x': 59, 'y': 67}, {'station_cd': 9930208, 'x': 61, 'y': 64}, {'station_cd': 9930209, 'x': 63, 'y': 61}, {'station_cd': 9930210, 'x': 64, 'y': 58}, {'station_cd': 9930211, 'x': 66, 'y': 57}, {'station_cd': 9930212, 'x': 67, 'y': 55}, {'station_cd': 9930213, 'x': 68, 'y': 53}, {'station_cd': 9930214, 'x': 70, 'y': 51}, {'station_cd': 9930215, 'x': 71, 'y': 49}, {'station_cd': 9930216, 'x': 71, 'y': 47}, {'station_cd': 9930217, 'x': 72, 'y': 45}, {'station_cd': 9930218, 'x': 74, 'y': 43}, {'station_cd': 9930219, 'x': 76, 'y': 43}, {'station_cd': 9930220, 'x': 78, 'y': 43}]"
99303,都営三田線,"[(9930301, '目黒'), (9930302, '白金台'), (9930303, '白金高輪'), (9930304, '三田'), (9930305, '芝公園'), (9930306, '御成門'), (9930307, '内幸町'), (9930308, '日比谷'), (9930309, '大手町'), (9930310, '神保町'), (9930311, '水道橋'), (9930312, '春日'), (9930313, '白山'), (9930314, '千石'), (9930315, '巣鴨'), (9930316, '西巣鴨'), (9930317, '新板橋'), (9930318, '板橋区役所前'), (9930319, '板橋本町'), (9930320, '本蓮沼'), (9930321, '志村坂上'), (9930322, '志村三丁目'), (9930323, '蓮根'), (9930324, '西台'), (9930325, '高島平'), (9930326, '新高島平'), (9930327, '西高島平')]","417.482,297.100,427.482,307.100","[{'station_cd': 9930301, 'x': 66, 'y': 92}, {'station_cd': 9930302, 'x': 69, 'y': 91}, {'station_cd': 9930303, 'x': 71, 'y': 89}, {'station_cd': 9930304, 'x': 75, 'y': 88}, {'station_cd': 9930305, 'x': 75, 'y': 86}, {'station_cd': 9930306, 'x': 76, 'y': 83}, {'station_cd': 9930307, 'x': 77, 'y': 80}, {'station_cd': 9930308, 'x': 78, 'y': 78}, {'station_cd': 9930309, 'x': 79, 'y': 75}, {'station_cd': 9930310, 'x': 78, 'y': 71}, {'station_cd': 9930311, 'x': 77, 'y': 68}, {'station_cd': 9930312, 'x': 76, 'y': 66}, {'station_cd': 9930313, 'x': 76, 'y': 62}, {'station_cd': 9930314, 'x': 74, 'y': 59}, {'station_cd': 9930315, 'x': 73, 'y': 57}, {'station_cd': 9930316, 'x': 70, 'y': 53}, {'station_cd': 9930317, 'x': 68, 'y': 51}, {'station_cd': 9930318, 'x': 66, 'y': 50}, {'station_cd': 9930319, 'x': 65, 'y': 47}, {'station_cd': 9930320, 'x': 64, 'y': 44}, {'station_cd': 9930321, 'x': 62, 'y': 41}, {'station_cd': 9930322, 'x': 60, 'y': 41}, {'station_cd': 9930323, 'x': 58, 'y': 38}, {'station_cd': 9930324, 'x': 57, 'y': 37}, {'station_cd': 9930325, 'x': 53, 'y': 36}, {'station_cd': 9930326, 'x': 52, 'y': 36}, {'station_cd': 9930327, 'x': 50, 'y': 35}]"
99304,都営新宿線,"[(9930401, '新宿'), (9930402, '新宿三丁目'), (9930403, '曙橋'), (9930404, '市ヶ谷'), (9930405, '九段下'), (9930406, '神保町'), (9930407, '小川町'), (9930408, '岩本町'), (9930409, '馬喰横山'), (9930410, '浜町'), (9930411, '森下'), (9930412, '菊川'), (9930413, '住吉'), (9930414, '西大島'), (9930415, '大島'), (9930416, '東大島'), (9930417, '船堀'), (9930418, '一之江'), (9930419, '瑞江'), (9930420, '篠崎'), (9930421, '本八幡')]","419.645,297.499,429.645,307.499","[{'station_cd': 9930401, 'x': 35, 'y': 67}, {'station_cd': 9930402, 'x': 37, 'y': 67}, {'station_cd': 9930403, 'x': 41, 'y': 66}, {'station_cd': 9930404, 'x': 45, 'y': 67}, {'station_cd': 9930405, 'x': 48, 'y': 66}, {'station_cd': 9930406, 'x': 50, 'y': 66}, {'station_cd': 9930407, 'x': 52, 'y': 66}, {'station_cd': 9930408, 'x': 54, 'y': 66}, {'station_cd': 9930409, 'x': 56, 'y': 67}, {'station_cd': 9930410, 'x': 58, 'y': 69}, {'station_cd': 9930411, 'x': 60, 'y': 69}, {'station_cd': 9930412, 'x': 62, 'y': 69}, {'station_cd': 9930413, 'x': 65, 'y': 69}, {'station_cd': 9930414, 'x': 67, 'y': 69}, {'station_cd': 9930415, 'x': 70, 'y': 69}, {'station_cd': 9930416, 'x': 72, 'y': 69}, {'station_cd': 9930417, 'x': 77, 'y': 72}, {'station_cd': 9930418, 'x': 82, 'y': 71}, {'station_cd': 9930419, 'x': 86, 'y': 69}, {'station_cd': 9930420, 'x': 87, 'y': 65}, {'station_cd': 9930421, 'x': 93, 'y': 59}]"
99305,東京さくらトラム（都電荒川線）,"[(9930501, '三ノ輪橋'), (9930502, '荒川一中前'), (9930503, '荒川区役所前'), (9930504, '荒川二丁目'), (9930505, '荒川七丁目'), (9930506, '町屋駅前'), (9930507, '町屋二丁目'), (9930508, '東尾久三丁目'), (9930509, '熊野前'), (9930510, '宮ノ前'), (9930511, '小台'), (9930512, '荒川遊園地前'), (9930513, '荒川車庫前'), (9930514, '梶原'), (9930515, '栄町'), (9930516, '王子駅前'), (9930517, '飛鳥山'), (9930518, '滝野川一丁目'), (9930519, '西ヶ原四丁目'), (9930520, '新庚申塚'), (9930521, '庚申塚'), (9930522, '巣鴨新田'), (9930523, '大塚駅前'), (9930524, '向原'), (9930525, '東池袋四丁目'), (9930526, '都電雑司ヶ谷'), (9930527, '鬼子母神前'), (9930528, '学習院下'), (9930529, '面影橋'), (9930530, '早稲田')]","418.444,296.614,428.444,306.614","[{'station_cd': 9930501, 'x': 74, 'y': 65}, {'station_cd': 9930502, 'x': 74, 'y': 64}, {'station_cd': 9930503, 'x': 73, 'y': 64}, {'station_cd': 9930504, 'x': 72, 'y': 62}, {'station_cd': 9930505, 'x': 72, 'y': 61}, {'station_cd': 9930506, 'x': 72, 'y': 61}, {'station_cd': 9930507, 'x': 70, 'y': 60}, {'station_cd': 9930508, 'x': 70, 'y': 60}, {'station_cd': 9930509, 'x': 69, 'y': 58}, {'station_cd': 9930510, 'x': 67, 'y': 58}, {'station_cd': 9930511, 'x': 67, 'y': 58}, {'station_cd': 9930512, 'x': 66, 'y': 58}, {'station_cd': 9930513, 'x': 64, 'y': 57}, {'station_cd': 9930514, 'x': 63, 'y': 57}, {'station_cd': 9930515, 'x': 62, 'y': 57}, {'station_cd': 9930516, 'x': 61, 'y': 56}, {'station_cd': 9930517, 'x': 60, 'y': 57}, {'station_cd': 9930518, 'x': 60, 'y': 58}, {'station_cd': 9930519, 'x': 59, 'y': 59}, {'station_cd': 9930520, 'x': 59, 'y': 60}, {'station_cd': 9930521, 'x': 58, 'y': 61}, {'station_cd': 9930522, 'x': 58, 'y': 62}, {'station_cd': 9930523, 'x': 58, 'y': 64}, {'station_cd': 9930524, 'x': 57, 'y': 65}, {'station_cd': 9930525, 'x': 56, 'y': 66}, {'station_cd': 9930526, 'x': 55, 'y': 66}, {'station_cd': 9930527, 'x': 54, 'y': 68}, {'station_cd': 9930528, 'x': 54, 'y': 69}, {'station_cd': 9930529, 'x': 54, 'y': 70}, {'station_cd': 9930530, 'x': 55, 'y': 71}]"
99306,秩父鉄道秩父本線,"[(9930601, '羽生'), (9930602, '西羽生'), (9930603, '新郷'), (9930604, '武州荒木'), (9930605, '東行田'), (9930606, '行田市'), (9930607, '持田'), (9930636, 'ソシオ流通センター'), (9930608, '熊谷'), (9930609, '上熊谷'), (9930610, '石原'), (9930611, 'ひろせ野鳥の森'), (9930612, '大麻生'), (9930613, '明戸'), (9930614, '武川'), (9930615, '永田'), (9930637, 'ふかや花園'), (9930616, '小前田'), (9930617, '桜沢'), (9930618, '寄居'), (9930619, '波久礼'), (9930620, '樋口'), (9930621, '野上'), (9930622, '長瀞'), (9930623, '上長瀞'), (9930624, '親鼻'), (9930625, '皆野'), (9930626, '和銅黒谷'), (9930627, '大野原'), (9930628, '秩父'), (9930629, '御花畑'), (9930630, '影森'), (9930631, '浦山口'), (9930632, '武州中川'), (9930633, '武州日野'), (9930634, '白久'), (9930635, '三峰口')]","407.523,286.704,419.892,296.704","[{'station_cd': 9930601, 'x': 122, 'y': 38}, {'station_cd': 9930602, 'x': 120, 'y': 36}, {'station_cd': 9930603, 'x': 117, 'y': 37}, {'station_cd': 9930604, 'x': 113, 'y': 39}, {'station_cd': 9930605, 'x': 108, 'y': 43}, {'station_cd': 9930606, 'x': 106, 'y': 44}, {'station_cd': 9930607, 'x': 103, 'y': 46}, {'station_cd': 9930636, 'x': 99, 'y': 46}, {'station_cd': 9930608, 'x': 92, 'y': 44}, {'station_cd': 9930609, 'x': 90, 'y': 43}, {'station_cd': 9930610, 'x': 88, 'y': 42}, {'station_cd': 9930611, 'x': 84, 'y': 42}, {'station_cd': 9930612, 'x': 80, 'y': 42}, {'station_cd': 9930613, 'x': 74, 'y': 42}, {'station_cd': 9930614, 'x': 70, 'y': 42}, {'station_cd': 9930615, 'x': 65, 'y': 44}, {'station_cd': 9930637, 'x': 63, 'y': 45}, {'station_cd': 9930616, 'x': 57, 'y': 45}, {'station_cd': 9930617, 'x': 54, 'y': 45}, {'station_cd': 9930618, 'x': 51, 'y': 48}, {'station_cd': 9930619, 'x': 44, 'y': 45}, {'station_cd': 9930620, 'x': 37, 'y': 43}, {'station_cd': 9930621, 'x': 34, 'y': 49}, {'station_cd': 9930622, 'x': 34, 'y': 53}, {'station_cd': 9930623, 'x': 34, 'y': 56}, {'station_cd': 9930624, 'x': 33, 'y': 58}, {'station_cd': 9930625, 'x': 30, 'y': 61}, {'station_cd': 9930626, 'x': 32, 'y': 67}, {'station_cd': 9930627, 'x': 30, 'y': 75}, {'station_cd': 9930628, 'x': 28, 'y': 81}, {'station_cd': 9930629, 'x': 28, 'y': 83}, {'station_cd': 9930630, 'x': 25, 'y': 88}, {'station_cd': 9930631, 'x': 22, 'y': 90}, {'station_cd': 9930632, 'x': 18, 'y': 92}, {'station_cd': 9930633, 'x': 15, 'y': 93}, {'station_cd': 9930634, 'x': 9, 'y': 91}, {'station_cd': 9930635, 'x': 6, 'y': 90}]"
99307,埼玉高速鉄道線,"[(9930701, '赤羽岩淵'), (9930702, '川口元郷'), (9930703, '南鳩ヶ谷'), (9930704, '鳩ヶ谷'), (9930705, '新井宿'), (9930706, '戸塚安行'), (9930707, '東川口'), (9930708, '浦和美園')]","418.223,293.641,428.223,303.641","[{'station_cd': 9930701, 'x': 60, 'y': 83}, {'station_cd': 9930702, 'x': 62, 'y': 78}, {'station_cd': 9930703, 'x': 63, 'y': 72}, {'station_cd': 9930704, 'x': 63, 'y': 67}, {'station_cd': 9930705, 'x': 64, 'y': 62}, {'station_cd': 9930706, 'x': 68, 'y': 57}, {'station_cd': 9930707, 'x': 66, 'y': 51}, {'station_cd': 9930708, 'x': 62, 'y': 44}]"
99308,いすみ線,"[(9930801, '大原'), (9930802, '西大原'), (9930803, '上総東'), (9930804, '新田野'), (9930805, '国吉'), (9930806, '上総中川'), (9930814, '城見ヶ丘'), (9930807, '大多喜'), (9930808, '小谷松'), (9930809, '東総元'), (9930810, '久我原'), (9930811, '総元'), (9930812, '西畑'), (9930813, '上総中野')]","429.060,310.294,439.060,320.294","[{'station_cd': 9930801, 'x': 88, 'y': 71}, {'station_cd': 9930802, 'x': 85, 'y': 67}, {'station_cd': 9930803, 'x': 77, 'y': 66}, {'station_cd': 9930804, 'x': 72, 'y': 61}, {'station_cd': 9930805, 'x': 69, 'y': 59}, {'station_cd': 9930806, 'x': 60, 'y': 58}, {'station_cd': 9930814, 'x': 53, 'y': 54}, {'station_cd': 9930807, 'x': 51, 'y': 56}, {'station_cd': 9930808, 'x': 53, 'y': 62}, {'station_cd': 9930809, 'x': 52, 'y': 66}, {'station_cd': 9930810, 'x': 52, 'y': 69}, {'station_cd': 9930811, 'x': 50, 'y': 72}, {'station_cd': 9930812, 'x': 43, 'y': 68}, {'station_cd': 9930813, 'x': 39, 'y': 68}]"
99309,つくばエクスプレス,"[(9930901, '秋葉原'), (9930902, '新御徒町'), (9930903, '浅草'), (9930904, '南千住'), (9930905, '北千住'), (9930906, '青井'), (9930907, '六町'), (9930908, '八潮'), (9930909, '三郷中央'), (9930910, '南流山'), (9930911, '流山セントラルパーク'), (9930912, '流山おおたかの森'), (9930913, '柏の葉キャンパス'), (9930914, '柏たなか'), (9930915, '守谷'), (9930916, 'みらい平'), (9930917, 'みどりの'), (9930918, '万博記念公園'), (9930919, '研究学園'), (9930920, 'つくば')]","422.348,291.352,432.348,303.574","[{'station_cd': 9930901, 'x': 28, 'y': 118}, {'station_cd': 9930902, 'x': 29, 'y': 115}, {'station_cd': 9930903, 'x': 31, 'y': 113}, {'station_cd': 9930904, 'x': 33, 'y': 108}, {'station_cd': 9930905, 'x': 34, 'y': 103}, {'station_cd': 9930906, 'x': 38, 'y': 97}, {'station_cd': 9930907, 'x': 38, 'y': 93}, {'station_cd': 9930908, 'x': 43, 'y': 87}, {'station_cd': 9930909, 'x': 50, 'y': 82}, {'station_cd': 9930910, 'x': 55, 'y': 79}, {'station_cd': 9930911, 'x': 58, 'y': 74}, {'station_cd': 9930912, 'x': 60, 'y': 69}, {'station_cd': 9930913, 'x': 66, 'y': 63}, {'station_cd': 9930914, 'x': 67, 'y': 58}, {'station_cd': 9930915, 'x': 75, 'y': 47}, {'station_cd': 9930916, 'x': 85, 'y': 35}, {'station_cd': 9930917, 'x': 89, 'y': 25}, {'station_cd': 9930918, 'x': 89, 'y': 17}, {'station_cd': 9930919, 'x': 94, 'y': 10}, {'station_cd': 9930920, 'x': 100, 'y': 10}]"
99310,みなとみらい線,"[(9931001, '横浜'), (9931002, '新高島'), (9931003, 'みなとみらい'), (9931004, '馬車道'), (9931005, '日本大通り'), (9931006, '元町・中華街')]","415.973,304.187,425.973,314.187","[{'station_cd': 9931001, 'x': 60, 'y': 59}, {'station_cd': 9931002, 'x': 62, 'y': 61}, {'station_cd': 9931003, 'x': 63, 'y': 63}, {'station_cd': 9931004, 'x': 64, 'y': 66}, {'station_cd': 9931005, 'x': 66, 'y': 67}, {'station_cd': 9931006, 'x': 68, 'y': 68}]"
99311,ゆりかもめ,"[(9931101, '新橋'), (9931102, '汐留'), (9931103, '竹芝'), (9931104, '日の出'), (9931105, '芝浦ふ頭'), (9931106, 'お台場海浜公園'), (9931107, '台場'), (9931108, '東京国際クルーズターミナル'), (9931109, 'テレコムセンター'), (9931110, '青海'), (9931111, '東京ビッグサイト'), (9931112, '有明'), (9931113, '有明テニスの森'), (9931114, '市場前'), (9931115, '新豊洲'), (9931116, '豊洲')]","418.887,299.170,428.887,309.170","[{'station_cd': 9931101, 'x': 60, 'y': 55}, {'station_cd': 9931102, 'x': 60, 'y': 56}, {'station_cd': 9931103, 'x': 60, 'y': 59}, {'station_cd': 9931104, 'x': 60, 'y': 61}, {'station_cd': 9931105, 'x': 59, 'y': 64}, {'station_cd': 9931106, 'x': 64, 'y': 68}, {'station_cd': 9931107, 'x': 63, 'y': 69}, {'station_cd': 9931108, 'x': 63, 'y': 71}, {'station_cd': 9931109, 'x': 65, 'y': 73}, {'station_cd': 9931110, 'x': 65, 'y': 70}, {'station_cd': 9931111, 'x': 68, 'y': 68}, {'station_cd': 9931112, 'x': 68, 'y': 67}, {'station_cd': 9931113, 'x': 67, 'y': 65}, {'station_cd': 9931114, 'x': 66, 'y': 63}, {'station_cd': 9931115, 'x': 67, 'y': 62}, {'station_cd': 9931116, 'x': 69, 'y': 60}]"
99312,わたらせ渓谷線,"[(9931201, '桐生'), (9931202, '下新田'), (9931203, '相老'), (9931204, '運動公園'), (9931205, '大間々'), (9931206, '上神梅'), (9931207, '本宿'), (9931208, '水沼'), (9931209, '花輪'), (9931210, '中野'), (9931211, '小中'), (9931212, '神戸'), (9931213, '沢入'), (9931214, '原向'), (9931215, '通洞'), (9931216, '足尾'), (9931217, '間藤')]","410.924,273.891,420.924,283.891","[{'station_cd': 9931201, 'x': 58, 'y': 106}, {'station_cd': 9931202, 'x': 53, 'y': 107}, {'station_cd': 9931203, 'x': 50, 'y': 106}, {'station_cd': 9931204, 'x': 50, 'y': 102}, {'station_cd': 9931205, 'x': 44, 'y': 97}, {'station_cd': 9931206, 'x': 39, 'y': 84}, {'station_cd': 9931207, 'x': 39, 'y': 80}, {'station_cd': 9931208, 'x': 44, 'y': 74}, {'station_cd': 9931209, 'x': 52, 'y': 67}, {'station_cd': 9931210, 'x': 55, 'y': 66}, {'station_cd': 9931211, 'x': 60, 'y': 62}, {'station_cd': 9931212, 'x': 65, 'y': 62}, {'station_cd': 9931213, 'x': 75, 'y': 47}, {'station_cd': 9931214, 'x': 82, 'y': 34}, {'station_cd': 9931215, 'x': 87, 'y': 28}, {'station_cd': 9931216, 'x': 89, 'y': 26}, {'station_cd': 9931217, 'x': 90, 'y': 22}]"
99313,ユーカリが丘線,"[(9931301, 'ユーカリが丘'), (9931302, '地区センター'), (9931303, '公園'), (9931304, '女子大'), (9931305, '中学校'), (9931306, '井野')]","426.469,297.176,436.469,307.176","[{'station_cd': 9931301, 'x': 65, 'y': 67}, {'station_cd': 9931302, 'x': 65, 'y': 66}, {'station_cd': 9931303, 'x': 64, 'y': 64}, {'station_cd': 9931304, 'x': 65, 'y': 61}, {'station_cd': 9931305, 'x': 63, 'y': 61}, {'station_cd': 9931306, 'x': 63, 'y': 63}]"
99314,伊豆箱根鉄道大雄山線,"[(9931401, '小田原'), (9931402, '緑町'), (9931403, '井細田'), (9931404, '五百羅漢'), (9931405, '穴部'), (9931406, '飯田岡'), (9931407, '相模沼田'), (9931408, '岩原'), (9931409, '塚原'), (9931410, '和田河原'), (9931411, '富士フイルム前'), (9931412, '大雄山')]","405.761,308.148,415.761,318.148","[{'station_cd': 9931401, 'x': 70, 'y': 76}, {'station_cd': 9931402, 'x': 71, 'y': 75}, {'station_cd': 9931403, 'x': 71, 'y': 71}, {'station_cd': 9931404, 'x': 70, 'y': 69}, {'station_cd': 9931405, 'x': 68, 'y': 67}, {'station_cd': 9931406, 'x': 66, 'y': 64}, {'station_cd': 9931407, 'x': 65, 'y': 62}, {'station_cd': 9931408, 'x': 63, 'y': 60}, {'station_cd': 9931409, 'x': 63, 'y': 59}, {'station_cd': 9931410, 'x': 61, 'y': 54}, {'station_cd': 9931411, 'x': 59, 'y': 53}, {'station_cd': 9931412, 'x': 57, 'y': 52}]"
99315,ひたちなか海浜鉄道湊線,"[(9931501, '阿字ヶ浦'), (9931502, '磯崎'), (9931511, '美乃浜学園'), (9931503, '平磯'), (9931504, '殿山'), (9931505, '那珂湊'), (9931510, '高田の鉄橋'), (9931506, '中根'), (9931507, '金上'), (9931508, '工機前'), (9931509, '勝田')]","435.210,279.978,445.210,289.978","[{'station_cd': 9931501, 'x': 75, 'y': 60}, {'station_cd': 9931502, 'x': 76, 'y': 62}, {'station_cd': 9931511, 'x': 76, 'y': 64}, {'station_cd': 9931503, 'x': 73, 'y': 69}, {'station_cd': 9931504, 'x': 72, 'y': 72}, {'station_cd': 9931505, 'x': 68, 'y': 73}, {'station_cd': 9931510, 'x': 66, 'y': 70}, {'station_cd': 9931506, 'x': 62, 'y': 65}, {'station_cd': 9931507, 'x': 55, 'y': 59}, {'station_cd': 9931508, 'x': 52, 'y': 57}, {'station_cd': 9931509, 'x': 52, 'y': 55}]"
99316,ブルーライン,"[(9931601, 'あざみ野'), (9931602, '中川'), (9931603, 'センター北'), (9931604, 'センター南'), (9931605, '仲町台'), (9931606, '新羽'), (9931607, '北新横浜'), (9931608, '新横浜'), (9931609, '岸根公園'), (9931610, '片倉町'), (9931611, '三ツ沢上町'), (9931612, '三ツ沢下町'), (9931613, '横浜'), (9931614, '高島町'), (9931615, '桜木町'), (9931616, '関内'), (9931617, '伊勢佐木長者町'), (9931618, '阪東橋'), (9931619, '吉野町'), (9931620, '蒔田'), (9931621, '弘明寺'), (9931622, '上大岡'), (9931623, '港南中央'), (9931624, '上永谷'), (9931625, '下永谷'), (9931626, '舞岡'), (9931627, '戸塚'), (9931628, '踊場'), (9931629, '中田'), (9931630, '立場'), (9931631, '下飯田'), (9931632, '湘南台')]","414.290,303.299,424.290,313.299","[{'station_cd': 9931601, 'x': 65, 'y': 34}, {'station_cd': 9931602, 'x': 69, 'y': 36}, {'station_cd': 9931603, 'x': 71, 'y': 39}, {'station_cd': 9931604, 'x': 70, 'y': 42}, {'station_cd': 9931605, 'x': 74, 'y': 46}, {'station_cd': 9931606, 'x': 80, 'y': 49}, {'station_cd': 9931607, 'x': 80, 'y': 52}, {'station_cd': 9931608, 'x': 81, 'y': 56}, {'station_cd': 9931609, 'x': 81, 'y': 60}, {'station_cd': 9931610, 'x': 78, 'y': 62}, {'station_cd': 9931611, 'x': 78, 'y': 67}, {'station_cd': 9931612, 'x': 80, 'y': 67}, {'station_cd': 9931613, 'x': 81, 'y': 71}, {'station_cd': 9931614, 'x': 82, 'y': 74}, {'station_cd': 9931615, 'x': 84, 'y': 77}, {'station_cd': 9931616, 'x': 85, 'y': 78}, {'station_cd': 9931617, 'x': 85, 'y': 80}, {'station_cd': 9931618, 'x': 82, 'y': 81}, {'station_cd': 9931619, 'x': 81, 'y': 82}, {'station_cd': 9931620, 'x': 79, 'y': 84}, {'station_cd': 9931621, 'x': 77, 'y': 86}, {'station_cd': 9931622, 'x': 75, 'y': 91}, {'station_cd': 9931623, 'x': 74, 'y': 94}, {'station_cd': 9931624, 'x': 69, 'y': 93}, {'station_cd': 9931625, 'x': 65, 'y': 92}, {'station_cd': 9931626, 'x': 63, 'y': 92}, {'station_cd': 9931627, 'x': 59, 'y': 93}, {'station_cd': 9931628, 'x': 55, 'y': 91}, {'station_cd': 9931629, 'x': 53, 'y': 89}, {'station_cd': 9931630, 'x': 50, 'y': 87}, {'station_cd': 9931631, 'x': 46, 'y': 91}, {'station_cd': 9931632, 'x': 42, 'y': 93}]"
99317,金沢シーサイドライン,"[(9931701, '新杉田'), (9931702, '南部市場'), (9931703, '鳥浜'), (9931704, '並木北'), (9931705, '並木中央'), (9931706, '幸浦'), (9931707, '産業振興センター'), (9931708, '福浦'), (9931709, '市大医学部'), (9931710, '八景島'), (9931711, '海の公園柴口'), (9931712, '海の公園南口'), (9931713, '野島公園'), (9931714, '金沢八景')]","415.898,306.859,425.898,316.859","[{'station_cd': 9931701, 'x': 60, 'y': 54}, {'station_cd': 9931702, 'x': 64, 'y': 56}, {'station_cd': 9931703, 'x': 66, 'y': 57}, {'station_cd': 9931704, 'x': 66, 'y': 59}, {'station_cd': 9931705, 'x': 66, 'y': 62}, {'station_cd': 9931706, 'x': 66, 'y': 64}, {'station_cd': 9931707, 'x': 67, 'y': 66}, {'station_cd': 9931708, 'x': 67, 'y': 67}, {'station_cd': 9931709, 'x': 68, 'y': 69}, {'station_cd': 9931710, 'x': 65, 'y': 70}, {'station_cd': 9931711, 'x': 64, 'y': 70}, {'station_cd': 9931712, 'x': 63, 'y': 71}, {'station_cd': 9931713, 'x': 63, 'y': 74}, {'station_cd': 9931714, 'x': 60, 'y': 73}]"
99318,関東鉄道常総線,"[(9931801, '取手'), (9931802, '西取手'), (9931803, '寺原'), (9931804, '新取手'), (9931825, 'ゆめみ野'), (9931805, '稲戸井'), (9931806, '戸頭'), (9931807, '南守谷'), (9931808, '守谷'), (9931809, '新守谷'), (9931810, '小絹'), (9931811, '水海道'), (9931812, '北水海道'), (9931813, '中妻'), (9931814, '三妻'), (9931815, '南石下'), (9931816, '石下'), (9931817, '玉村'), (9931818, '宗道'), (9931819, '下妻'), (9931820, '大宝'), (9931821, '騰波ノ江'), (9931822, '黒子'), (9931823, '大田郷'), (9931824, '下館')]","423.847,285.422,433.847,298.063","[{'station_cd': 9931801, 'x': 73, 'y': 122}, {'station_cd': 9931802, 'x': 73, 'y': 118}, {'station_cd': 9931803, 'x': 72, 'y': 117}, {'station_cd': 9931804, 'x': 69, 'y': 116}, {'station_cd': 9931825, 'x': 68, 'y': 115}, {'station_cd': 9931805, 'x': 65, 'y': 113}, {'station_cd': 9931806, 'x': 64, 'y': 112}, {'station_cd': 9931807, 'x': 61, 'y': 110}, {'station_cd': 9931808, 'x': 59, 'y': 106}, {'station_cd': 9931809, 'x': 58, 'y': 101}, {'station_cd': 9931810, 'x': 58, 'y': 97}, {'station_cd': 9931811, 'x': 59, 'y': 87}, {'station_cd': 9931812, 'x': 60, 'y': 83}, {'station_cd': 9931813, 'x': 60, 'y': 78}, {'station_cd': 9931814, 'x': 58, 'y': 71}, {'station_cd': 9931815, 'x': 56, 'y': 63}, {'station_cd': 9931816, 'x': 57, 'y': 59}, {'station_cd': 9931817, 'x': 56, 'y': 53}, {'station_cd': 9931818, 'x': 56, 'y': 48}, {'station_cd': 9931819, 'x': 55, 'y': 40}, {'station_cd': 9931820, 'x': 56, 'y': 34}, {'station_cd': 9931821, 'x': 58, 'y': 29}, {'station_cd': 9931822, 'x': 57, 'y': 22}, {'station_cd': 9931823, 'x': 55, 'y': 13}, {'station_cd': 9931824, 'x': 58, 'y': 6}]"
99319,関東鉄道竜ヶ崎線,"[(9931901, '佐貫'), (9931902, '入地'), (9931903, '竜ヶ崎')]","426.693,291.960,436.693,301.960","[{'station_cd': 9931901, 'x': 59, 'y': 60}, {'station_cd': 9931902, 'x': 64, 'y': 64}, {'station_cd': 9931903, 'x': 69, 'y': 68}]"
99320,江ノ島電鉄線,"[(9932001, '藤沢'), (9932002, '石上'), (9932003, '柳小路'), (9932004, '鵠沼'), (9932005, '湘南海岸公園'), (9932006, '江ノ島'), (9932007, '腰越'), (9932008, '鎌倉高校前'), (9932009, '七里ヶ浜'), (9932010, '稲村ヶ崎'), (9932011, '極楽寺'), (9932012, '長谷'), (9932013, '由比ヶ浜'), (9932014, '和田塚'), (9932015, '鎌倉')]","413.495,307.743,423.495,317.743","[{'station_cd': 9932001, 'x': 57, 'y': 58}, {'station_cd': 9932002, 'x': 56, 'y': 59}, {'station_cd': 9932003, 'x': 56, 'y': 61}, {'station_cd': 9932004, 'x': 55, 'y': 63}, {'station_cd': 9932005, 'x': 55, 'y': 65}, {'station_cd': 9932006, 'x': 57, 'y': 67}, {'station_cd': 9932007, 'x': 58, 'y': 68}, {'station_cd': 9932008, 'x': 60, 'y': 69}, {'station_cd': 9932009, 'x': 62, 'y': 69}, {'station_cd': 9932010, 'x': 65, 'y': 70}, {'station_cd': 9932011, 'x': 67, 'y': 68}, {'station_cd': 9932012, 'x': 69, 'y': 68}, {'station_cd': 9932013, 'x': 70, 'y': 67}, {'station_cd': 9932014, 'x': 71, 'y': 67}, {'station_cd': 9932015, 'x': 73, 'y': 65}]"
99321,ニューシャトル,"[(9932101, '大宮'), (9932102, '鉄道博物館'), (9932103, '加茂宮'), (9932104, '東宮原'), (9932105, '今羽'), (9932106, '吉野原'), (9932107, '原市'), (9932108, '沼南'), (9932109, '丸山'), (9932110, '志久'), (9932111, '伊奈中央'), (9932112, '羽貫'), (9932113, '内宿')]","415.777,290.075,425.777,300.075","[{'station_cd': 9932101, 'x': 66, 'y': 83}, {'station_cd': 9932102, 'x': 65, 'y': 79}, {'station_cd': 9932103, 'x': 65, 'y': 73}, {'station_cd': 9932104, 'x': 65, 'y': 71}, {'station_cd': 9932105, 'x': 66, 'y': 68}, {'station_cd': 9932106, 'x': 66, 'y': 65}, {'station_cd': 9932107, 'x': 67, 'y': 63}, {'station_cd': 9932108, 'x': 67, 'y': 61}, {'station_cd': 9932109, 'x': 67, 'y': 57}, {'station_cd': 9932110, 'x': 67, 'y': 53}, {'station_cd': 9932111, 'x': 66, 'y': 50}, {'station_cd': 9932112, 'x': 63, 'y': 47}, {'station_cd': 9932113, 'x': 61, 'y': 45}]"
99322,鹿島鉄道線,"[(9932201, '鉾田'), (9932202, '坂戸'), (9932203, '巴川'), (9932204, '借宿前'), (9932205, '榎本'), (9932206, '玉造町'), (9932207, '浜'), (9932208, '八木蒔'), (9932209, '桃浦'), (9932210, '小川高校下'), (9932211, '常陸小川'), (9932212, '四箇村'), (9932213, '新高浜'), (9932214, '玉里'), (9932215, '東田中'), (9932216, '石岡南台'), (9932217, '石岡')]","431.532,285.806,441.532,295.806","[{'station_cd': 9932201, 'x': 93, 'y': 65}, {'station_cd': 9932202, 'x': 88, 'y': 64}, {'station_cd': 9932203, 'x': 84, 'y': 63}, {'station_cd': 9932204, 'x': 80, 'y': 69}, {'station_cd': 9932205, 'x': 77, 'y': 73}, {'station_cd': 9932206, 'x': 69, 'y': 79}, {'station_cd': 9932207, 'x': 66, 'y': 77}, {'station_cd': 9932208, 'x': 64, 'y': 72}, {'station_cd': 9932209, 'x': 60, 'y': 67}, {'station_cd': 9932210, 'x': 55, 'y': 60}, {'station_cd': 9932211, 'x': 53, 'y': 58}, {'station_cd': 9932212, 'x': 48, 'y': 54}, {'station_cd': 9932213, 'x': 46, 'y': 53}, {'station_cd': 9932214, 'x': 44, 'y': 53}, {'station_cd': 9932215, 'x': 41, 'y': 52}, {'station_cd': 9932216, 'x': 38, 'y': 51}, {'station_cd': 9932217, 'x': 35, 'y': 48}]"
99323,鹿島臨海鉄道大洗鹿島線,"[(9932301, '水戸'), (9932302, '東水戸'), (9932303, '常澄'), (9932304, '大洗'), (9932305, '涸沼'), (9932306, '鹿島旭'), (9932307, '徳宿'), (9932308, '新鉾田'), (9932309, '北浦湖畔'), (9932310, '大洋'), (9932311, '鹿島灘'), (9932312, '鹿島大野'), (9932313, '長者ヶ浜潮騒はまなす公園前'), (9932314, '荒野台'), (9932315, '鹿島サッカースタジアム（臨）'), (9932316, '鹿島神宮')]","434.801,284.254,444.801,296.728","[{'station_cd': 9932301, 'x': 49, 'y': 6}, {'station_cd': 9932302, 'x': 57, 'y': 9}, {'station_cd': 9932303, 'x': 66, 'y': 16}, {'station_cd': 9932304, 'x': 66, 'y': 23}, {'station_cd': 9932305, 'x': 59, 'y': 36}, {'station_cd': 9932306, 'x': 55, 'y': 48}, {'station_cd': 9932307, 'x': 55, 'y': 58}, {'station_cd': 9932308, 'x': 57, 'y': 69}, {'station_cd': 9932309, 'x': 60, 'y': 78}, {'station_cd': 9932310, 'x': 68, 'y': 82}, {'station_cd': 9932311, 'x': 72, 'y': 92}, {'station_cd': 9932312, 'x': 74, 'y': 99}, {'station_cd': 9932313, 'x': 76, 'y': 105}, {'station_cd': 9932314, 'x': 77, 'y': 109}, {'station_cd': 9932315, 'x': 79, 'y': 116}, {'station_cd': 9932316, 'x': 77, 'y': 122}]"
99324,芝山鉄道線,"[(9932401, '東成田'), (9932402, '芝山千代田')]","431.303,296.634,441.303,306.634","[{'station_cd': 9932401, 'x': 63, 'y': 61}, {'station_cd': 9932402, 'x': 65, 'y': 67}]"
99325,小湊鉄道線,"[(9932501, '五井'), (9932502, '上総村上'), (9932503, '海士有木'), (9932504, '上総三又'), (9932505, '上総山田'), (9932506, '光風台'), (9932507, '馬立'), (9932508, '上総牛久'), (9932509, '上総川間'), (9932510, '上総鶴舞'), (9932511, '上総久保'), (9932512, '高滝'), (9932513, '里見'), (9932514, '飯給'), (9932515, '月崎'), (9932516, '上総大久保'), (9932517, '養老渓谷'), (9932518, '上総中野')]","426.108,306.887,436.108,316.887","[{'station_cd': 9932501, 'x': 51, 'y': 16}, {'station_cd': 9932502, 'x': 54, 'y': 22}, {'station_cd': 9932503, 'x': 60, 'y': 28}, {'station_cd': 9932504, 'x': 60, 'y': 34}, {'station_cd': 9932505, 'x': 60, 'y': 38}, {'station_cd': 9932506, 'x': 57, 'y': 43}, {'station_cd': 9932507, 'x': 57, 'y': 48}, {'station_cd': 9932508, 'x': 64, 'y': 57}, {'station_cd': 9932509, 'x': 66, 'y': 62}, {'station_cd': 9932510, 'x': 69, 'y': 64}, {'station_cd': 9932511, 'x': 66, 'y': 69}, {'station_cd': 9932512, 'x': 65, 'y': 74}, {'station_cd': 9932513, 'x': 64, 'y': 80}, {'station_cd': 9932514, 'x': 63, 'y': 86}, {'station_cd': 9932515, 'x': 62, 'y': 92}, {'station_cd': 9932516, 'x': 64, 'y': 99}, {'station_cd': 9932517, 'x': 67, 'y': 105}, {'station_cd': 9932518, 'x': 77, 'y': 112}]"
99326,湘南モノレール,"[(9932601, '大船'), (9932602, '富士見町'), (9932603, '湘南町屋'), (9932604, '湘南深沢'), (9932605, '西鎌倉'), (9932606, '片瀬山'), (9932607, '目白山下'), (9932608, '湘南江の島')]","413.365,307.418,423.365,317.418","[{'station_cd': 9932601, 'x': 70, 'y': 57}, {'station_cd': 9932602, 'x': 69, 'y': 60}, {'station_cd': 9932603, 'x': 67, 'y': 62}, {'station_cd': 9932604, 'x': 66, 'y': 64}, {'station_cd': 9932605, 'x': 63, 'y': 68}, {'station_cd': 9932606, 'x': 60, 'y': 69}, {'station_cd': 9932607, 'x': 59, 'y': 70}, {'station_cd': 9932608, 'x': 58, 'y': 71}]"
99327,上信電鉄,"[(9932701, '高崎'), (9932702, '南高崎'), (9932721, '佐野のわたし'), (9932703, '根小屋'), (9932704, '高崎商科大学前'), (9932705, '山名'), (9932706, '西山名'), (9932707, '馬庭'), (9932708, '吉井'), (9932709, '西吉井'), (9932710, '上州新屋'), (9932711, '上州福島'), (9932712, '東富岡'), (9932713, '上州富岡'), (9932714, '西富岡'), (9932715, '上州七日市'), (9932716, '上州一ノ宮'), (9932717, '神農原'), (9932718, '南蛇井'), (9932719, '千平'), (9932720, '下仁田')]","401.933,280.672,411.933,290.672","[{'station_cd': 9932701, 'x': 90, 'y': 46}, {'station_cd': 9932702, 'x': 90, 'y': 49}, {'station_cd': 9932721, 'x': 91, 'y': 53}, {'station_cd': 9932703, 'x': 92, 'y': 57}, {'station_cd': 9932704, 'x': 94, 'y': 59}, {'station_cd': 9932705, 'x': 96, 'y': 62}, {'station_cd': 9932706, 'x': 95, 'y': 64}, {'station_cd': 9932707, 'x': 89, 'y': 67}, {'station_cd': 9932708, 'x': 82, 'y': 69}, {'station_cd': 9932709, 'x': 78, 'y': 68}, {'station_cd': 9932710, 'x': 74, 'y': 68}, {'station_cd': 9932711, 'x': 68, 'y': 68}, {'station_cd': 9932712, 'x': 61, 'y': 66}, {'station_cd': 9932713, 'x': 59, 'y': 66}, {'station_cd': 9932714, 'x': 56, 'y': 65}, {'station_cd': 9932715, 'x': 54, 'y': 66}, {'station_cd': 9932716, 'x': 51, 'y': 68}, {'station_cd': 9932717, 'x': 46, 'y': 71}, {'station_cd': 9932718, 'x': 39, 'y': 72}, {'station_cd': 9932719, 'x': 35, 'y': 75}, {'station_cd': 9932720, 'x': 31, 'y': 82}]"
99328,上毛電気鉄道上毛線,"[(9932801, '中央前橋'), (9932802, '城東'), (9932803, '三俣'), (9932804, '片貝'), (9932805, '上泉'), (9932806, '赤坂'), (9932807, '心臓血管センター'), (9932808, '江木'), (9932809, '大胡'), (9932810, '樋越'), (9932811, '北原'), (9932812, '新屋'), (9932813, '粕川'), (9932814, '膳'), (9932815, '新里'), (9932816, '新川'), (9932817, '東新川'), (9932818, '赤城'), (9932823, '桐生球場前'), (9932819, '天王宿'), (9932820, '富士山下'), (9932821, '丸山下'), (9932822, '西桐生')]","407.854,277.094,417.854,287.094","[{'station_cd': 9932801, 'x': 31, 'y': 68}, {'station_cd': 9932802, 'x': 32, 'y': 68}, {'station_cd': 9932803, 'x': 34, 'y': 67}, {'station_cd': 9932804, 'x': 36, 'y': 67}, {'station_cd': 9932805, 'x': 39, 'y': 67}, {'station_cd': 9932806, 'x': 42, 'y': 66}, {'station_cd': 9932807, 'x': 45, 'y': 64}, {'station_cd': 9932808, 'x': 46, 'y': 63}, {'station_cd': 9932809, 'x': 52, 'y': 62}, {'station_cd': 9932810, 'x': 56, 'y': 61}, {'station_cd': 9932811, 'x': 59, 'y': 62}, {'station_cd': 9932812, 'x': 62, 'y': 62}, {'station_cd': 9932813, 'x': 66, 'y': 61}, {'station_cd': 9932814, 'x': 69, 'y': 61}, {'station_cd': 9932815, 'x': 73, 'y': 61}, {'station_cd': 9932816, 'x': 78, 'y': 61}, {'station_cd': 9932817, 'x': 80, 'y': 60}, {'station_cd': 9932818, 'x': 83, 'y': 59}, {'station_cd': 9932823, 'x': 88, 'y': 62}, {'station_cd': 9932819, 'x': 91, 'y': 63}, {'station_cd': 9932820, 'x': 93, 'y': 64}, {'station_cd': 9932821, 'x': 94, 'y': 63}, {'station_cd': 9932822, 'x': 97, 'y': 64}]"
99329,京成松戸線,"[(9932901, '京成津田沼'), (9932902, '新津田沼'), (9932903, '前原'), (9932904, '薬園台'), (9932905, '習志野'), (9932906, '北習志野'), (9932907, '高根木戸'), (9932908, '高根公団'), (9932909, '滝不動'), (9932910, '三咲'), (9932911, '二和向台'), (9932912, '鎌ヶ谷大仏'), (9932913, '初富'), (9932914, '新鎌ヶ谷'), (9932915, '北初富'), (9932916, 'くぬぎ山'), (9932917, '元山'), (9932918, '五香'), (9932919, '常盤平'), (9932920, '八柱'), (9932921, 'みのり台'), (9932922, '松戸新田'), (9932923, '上本郷'), (9932924, '松戸')]","422.853,296.596,432.853,306.596","[{'station_cd': 9932901, 'x': 77, 'y': 86}, {'station_cd': 9932902, 'x': 77, 'y': 84}, {'station_cd': 9932903, 'x': 78, 'y': 80}, {'station_cd': 9932904, 'x': 81, 'y': 77}, {'station_cd': 9932905, 'x': 82, 'y': 75}, {'station_cd': 9932906, 'x': 82, 'y': 73}, {'station_cd': 9932907, 'x': 80, 'y': 71}, {'station_cd': 9932908, 'x': 79, 'y': 70}, {'station_cd': 9932909, 'x': 78, 'y': 67}, {'station_cd': 9932910, 'x': 79, 'y': 63}, {'station_cd': 9932911, 'x': 77, 'y': 61}, {'station_cd': 9932912, 'x': 75, 'y': 60}, {'station_cd': 9932913, 'x': 72, 'y': 54}, {'station_cd': 9932914, 'x': 71, 'y': 52}, {'station_cd': 9932915, 'x': 69, 'y': 52}, {'station_cd': 9932916, 'x': 65, 'y': 50}, {'station_cd': 9932917, 'x': 65, 'y': 47}, {'station_cd': 9932918, 'x': 63, 'y': 45}, {'station_cd': 9932919, 'x': 59, 'y': 42}, {'station_cd': 9932920, 'x': 56, 'y': 46}, {'station_cd': 9932921, 'x': 53, 'y': 47}, {'station_cd': 9932922, 'x': 52, 'y': 46}, {'station_cd': 9932923, 'x': 50, 'y': 47}, {'station_cd': 9932924, 'x': 46, 'y': 48}]"
99330,真岡鐵道真岡線,"[(9933001, '下館'), (9933002, '下館二高前'), (9933003, '折本'), (9933004, 'ひぐち'), (9933005, '久下田'), (9933006, '寺内'), (9933007, '真岡'), (9933008, '北真岡'), (9933009, '西田井'), (9933010, '北山'), (9933011, '益子'), (9933012, '七井'), (9933013, '多田羅'), (9933014, '市塙'), (9933015, '笹原田'), (9933016, '天矢場'), (9933017, '茂木')]","425.317,277.892,435.317,287.892","[{'station_cd': 9933001, 'x': 38, 'y': 104}, {'station_cd': 9933002, 'x': 37, 'y': 99}, {'station_cd': 9933003, 'x': 37, 'y': 91}, {'station_cd': 9933004, 'x': 36, 'y': 85}, {'station_cd': 9933005, 'x': 37, 'y': 78}, {'station_cd': 9933006, 'x': 39, 'y': 66}, {'station_cd': 9933007, 'x': 45, 'y': 56}, {'station_cd': 9933008, 'x': 48, 'y': 53}, {'station_cd': 9933009, 'x': 57, 'y': 52}, {'station_cd': 9933010, 'x': 62, 'y': 52}, {'station_cd': 9933011, 'x': 68, 'y': 49}, {'station_cd': 9933012, 'x': 69, 'y': 39}, {'station_cd': 9933013, 'x': 68, 'y': 31}, {'station_cd': 9933014, 'x': 74, 'y': 23}, {'station_cd': 9933015, 'x': 83, 'y': 25}, {'station_cd': 9933016, 'x': 85, 'y': 27}, {'station_cd': 9933017, 'x': 92, 'y': 27}]"
99331,千葉都市モノレール１号線,"[(9933101, '千葉みなと'), (9933102, '市役所前'), (9933103, '千葉'), (9933104, '栄町'), (9933105, '葭川公園'), (9933106, '県庁前')]","425.591,300.537,435.591,310.537","[{'station_cd': 9933101, 'x': 61, 'y': 64}, {'station_cd': 9933102, 'x': 63, 'y': 64}, {'station_cd': 9933103, 'x': 64, 'y': 63}, {'station_cd': 9933104, 'x': 66, 'y': 63}, {'station_cd': 9933105, 'x': 66, 'y': 64}, {'station_cd': 9933106, 'x': 67, 'y': 66}]"
99332,千葉都市モノレール２号線,"[(9933214, '千葉みなと'), (9933215, '市役所前'), (9933201, '千葉'), (9933202, '千葉公園'), (9933203, '作草部'), (9933204, '天台'), (9933205, '穴川'), (9933206, 'スポーツセンター'), (9933207, '動物公園'), (9933208, 'みつわ台'), (9933209, '都賀'), (9933210, '桜木'), (9933211, '小倉台'), (9933212, '千城台北'), (9933213, '千城台')]","426.265,300.118,436.265,310.118","[{'station_cd': 9933214, 'x': 53, 'y': 70}, {'station_cd': 9933215, 'x': 54, 'y': 70}, {'station_cd': 9933201, 'x': 56, 'y': 68}, {'station_cd': 9933202, 'x': 57, 'y': 65}, {'station_cd': 9933203, 'x': 56, 'y': 63}, {'station_cd': 9933204, 'x': 56, 'y': 61}, {'station_cd': 9933205, 'x': 55, 'y': 58}, {'station_cd': 9933206, 'x': 57, 'y': 57}, {'station_cd': 9933207, 'x': 59, 'y': 57}, {'station_cd': 9933208, 'x': 61, 'y': 59}, {'station_cd': 9933209, 'x': 65, 'y': 60}, {'station_cd': 9933210, 'x': 68, 'y': 62}, {'station_cd': 9933211, 'x': 71, 'y': 63}, {'station_cd': 9933212, 'x': 73, 'y': 64}, {'station_cd': 9933213, 'x': 75, 'y': 66}]"
99333,流鉄流山線,"[(9933301, '馬橋'), (9933302, '幸谷'), (9933303, '小金城趾'), (9933304, '鰭ヶ崎'), (9933305, '平和台'), (9933306, '流山')]","421.677,294.001,431.677,304.001","[{'station_cd': 9933301, 'x': 66, 'y': 72}, {'station_cd': 9933302, 'x': 66, 'y': 67}, {'station_cd': 9933303, 'x': 66, 'y': 63}, {'station_cd': 9933304, 'x': 64, 'y': 61}, {'station_cd': 9933305, 'x': 62, 'y': 58}, {'station_cd': 9933306, 'x': 62, 'y': 56}]"
99334,多摩モノレール,"[(9933401, '多摩センター'), (9933402, '松が谷'), (9933403, '大塚・帝京大学'), (9933404, '中央大学・明星大学'), (9933405, '多摩動物公園'), (9933406, '程久保'), (9933407, '高幡不動'), (9933408, '万願寺'), (9933409, '甲州街道'), (9933410, '柴崎体育館'), (9933411, '立川南'), (9933412, '立川北'), (9933413, '高松'), (9933414, '立飛'), (9933415, '泉体育館'), (9933416, '砂川七番'), (9933417, '玉川上水'), (9933418, '桜街道'), (9933419, '上北台')]","411.635,297.486,421.635,307.486","[{'station_cd': 9933401, 'x': 66, 'y': 86}, {'station_cd': 9933402, 'x': 66, 'y': 83}, {'station_cd': 9933403, 'x': 64, 'y': 81}, {'station_cd': 9933404, 'x': 63, 'y': 79}, {'station_cd': 9933405, 'x': 61, 'y': 77}, {'station_cd': 9933406, 'x': 63, 'y': 75}, {'station_cd': 9933407, 'x': 64, 'y': 72}, {'station_cd': 9933408, 'x': 66, 'y': 69}, {'station_cd': 9933409, 'x': 63, 'y': 66}, {'station_cd': 9933410, 'x': 63, 'y': 62}, {'station_cd': 9933411, 'x': 64, 'y': 60}, {'station_cd': 9933412, 'x': 64, 'y': 59}, {'station_cd': 9933413, 'x': 64, 'y': 55}, {'station_cd': 9933414, 'x': 65, 'y': 53}, {'station_cd': 9933415, 'x': 66, 'y': 52}, {'station_cd': 9933416, 'x': 66, 'y': 50}, {'station_cd': 9933417, 'x': 66, 'y': 47}, {'station_cd': 9933418, 'x': 65, 'y': 45}, {'station_cd': 9933419, 'x': 65, 'y': 42}]"
99335,銚子電鉄線,"[(9933501, '銚子'), (9933502, '仲ノ町'), (9933503, '観音'), (9933504, '本銚子'), (9933505, '笠上黒生'), (9933506, '西海鹿島'), (9933507, '海鹿島'), (9933508, '君ヶ浜'), (9933509, '犬吠'), (9933510, '外川')]","440.330,298.540,450.330,308.540","[{'station_cd': 9933501, 'x': 60, 'y': 59}, {'station_cd': 9933502, 'x': 61, 'y': 59}, {'station_cd': 9933503, 'x': 63, 'y': 59}, {'station_cd': 9933504, 'x': 65, 'y': 58}, {'station_cd': 9933505, 'x': 67, 'y': 59}, {'station_cd': 9933506, 'x': 68, 'y': 61}, {'station_cd': 9933507, 'x': 69, 'y': 62}, {'station_cd': 9933508, 'x': 68, 'y': 65}, {'station_cd': 9933509, 'x': 68, 'y': 67}, {'station_cd': 9933510, 'x': 67, 'y': 70}]"
99336,東京モノレール,"[(9933601, 'モノレール浜松町'), (9933602, '天王洲アイル'), (9933603, '大井競馬場前'), (9933604, '流通センター'), (9933605, '昭和島'), (9933606, '整備場'), (9933607, '天空橋'), (9933611, '羽田空港第3ターミナル'), (9933608, '新整備場'), (9933609, '羽田空港第1ターミナル'), (9933610, '羽田空港第2ターミナル')]","418.681,300.334,428.681,310.334","[{'station_cd': 9933601, 'x': 62, 'y': 44}, {'station_cd': 9933602, 'x': 60, 'y': 55}, {'station_cd': 9933603, 'x': 59, 'y': 65}, {'station_cd': 9933604, 'x': 59, 'y': 70}, {'station_cd': 9933605, 'x': 59, 'y': 74}, {'station_cd': 9933606, 'x': 60, 'y': 79}, {'station_cd': 9933607, 'x': 60, 'y': 82}, {'station_cd': 9933611, 'x': 64, 'y': 84}, {'station_cd': 9933608, 'x': 69, 'y': 84}, {'station_cd': 9933609, 'x': 68, 'y': 82}, {'station_cd': 9933610, 'x': 69, 'y': 82}]"
99337,りんかい線,"[(9933701, '新木場'), (9933702, '東雲'), (9933703, '国際展示場'), (9933704, '東京テレポート'), (9933705, '天王洲アイル'), (9933706, '品川シーサイド'), (9933707, '大井町'), (9933708, '大崎')]","418.905,299.580,428.905,309.580","[{'station_cd': 9933701, 'x': 77, 'y': 58}, {'station_cd': 9933702, 'x': 71, 'y': 59}, {'station_cd': 9933703, 'x': 68, 'y': 62}, {'station_cd': 9933704, 'x': 64, 'y': 64}, {'station_cd': 9933705, 'x': 57, 'y': 66}, {'station_cd': 9933706, 'x': 57, 'y': 70}, {'station_cd': 9933707, 'x': 53, 'y': 70}, {'station_cd': 9933708, 'x': 51, 'y': 66}]"
99338,東葉高速線,"[(9933801, '西船橋'), (9933802, '東海神'), (9933803, '飯山満'), (9933804, '北習志野'), (9933805, '船橋日大前'), (9933806, '八千代緑が丘'), (9933807, '八千代中央'), (9933808, '村上'), (9933809, '東葉勝田台')]","424.255,297.414,434.255,307.414","[{'station_cd': 9933801, 'x': 43, 'y': 66}, {'station_cd': 9933802, 'x': 48, 'y': 67}, {'station_cd': 9933803, 'x': 59, 'y': 65}, {'station_cd': 9933804, 'x': 64, 'y': 62}, {'station_cd': 9933805, 'x': 68, 'y': 61}, {'station_cd': 9933806, 'x': 72, 'y': 60}, {'station_cd': 9933807, 'x': 80, 'y': 61}, {'station_cd': 9933808, 'x': 83, 'y': 63}, {'station_cd': 9933809, 'x': 85, 'y': 66}]"
99339,箱根登山鉄道鉄道線,"[(9933901, '小田原'), (9933902, '箱根板橋'), (9933903, '風祭'), (9933904, '入生田'), (9933905, '箱根湯本'), (9933906, '塔ノ沢'), (9933907, '大平台'), (9933908, '宮ノ下'), (9933909, '小涌谷'), (9933910, '彫刻の森'), (9933911, '強羅')]","405.149,309.302,415.149,319.302","[{'station_cd': 9933901, 'x': 78, 'y': 61}, {'station_cd': 9933902, 'x': 75, 'y': 65}, {'station_cd': 9933903, 'x': 71, 'y': 64}, {'station_cd': 9933904, 'x': 69, 'y': 66}, {'station_cd': 9933905, 'x': 64, 'y': 68}, {'station_cd': 9933906, 'x': 62, 'y': 68}, {'station_cd': 9933907, 'x': 57, 'y': 66}, {'station_cd': 9933908, 'x': 54, 'y': 64}, {'station_cd': 9933909, 'x': 52, 'y': 65}, {'station_cd': 9933910, 'x': 51, 'y': 63}, {'station_cd': 9933911, 'x': 50, 'y': 61}]"
99340,北総鉄道北総線,"[(9934001, '京成高砂'), (9934002, '新柴又'), (9934003, '矢切'), (9934004, '北国分'), (9934005, '秋山'), (9934006, '東松戸'), (9934007, '松飛台'), (9934008, '大町'), (9934009, '新鎌ヶ谷'), (9934010, '西白井'), (9934011, '白井'), (9934012, '小室'), (9934013, '千葉ニュータウン中央'), (9934014, '印西牧の原'), (9934015, '印旛日本医大')]","424.138,295.739,434.138,305.739","[{'station_cd': 9934001, 'x': 21, 'y': 71}, {'station_cd': 9934002, 'x': 24, 'y': 71}, {'station_cd': 9934003, 'x': 29, 'y': 69}, {'station_cd': 9934004, 'x': 33, 'y': 67}, {'station_cd': 9934005, 'x': 37, 'y': 66}, {'station_cd': 9934006, 'x': 40, 'y': 65}, {'station_cd': 9934007, 'x': 44, 'y': 63}, {'station_cd': 9934008, 'x': 48, 'y': 64}, {'station_cd': 9934009, 'x': 55, 'y': 63}, {'station_cd': 9934010, 'x': 63, 'y': 61}, {'station_cd': 9934011, 'x': 69, 'y': 62}, {'station_cd': 9934012, 'x': 75, 'y': 61}, {'station_cd': 9934013, 'x': 85, 'y': 57}, {'station_cd': 9934014, 'x': 98, 'y': 57}, {'station_cd': 9934015, 'x': 107, 'y': 63}]"
99341,ほっとスパ・ライン,"[(9934101, '新藤原'), (9934102, '龍王峡'), (9934103, '川治温泉'), (9934104, '川治湯元'), (9934105, '湯西川温泉'), (9934106, '中三依温泉'), (9934107, '上三依塩原温泉口'), (9934108, '男鹿高原'), (9934109, '会津高原尾瀬口')]","418.316,262.115,428.316,272.115","[{'station_cd': 9934101, 'x': 69, 'y': 107}, {'station_cd': 9934102, 'x': 65, 'y': 103}, {'station_cd': 9934103, 'x': 62, 'y': 95}, {'station_cd': 9934104, 'x': 61, 'y': 91}, {'station_cd': 9934105, 'x': 58, 'y': 78}, {'station_cd': 9934106, 'x': 60, 'y': 59}, {'station_cd': 9934107, 'x': 69, 'y': 49}, {'station_cd': 9934108, 'x': 68, 'y': 37}, {'station_cd': 9934109, 'x': 63, 'y': 22}]"
99342,日暮里・舎人ライナー,"[(9934201, '日暮里'), (9934202, '西日暮里'), (9934203, '赤土小学校前'), (9934204, '熊野前'), (9934205, '足立小台'), (9934206, '扇大橋'), (9934207, '高野'), (9934208, '江北'), (9934209, '西新井大師西'), (9934210, '谷在家'), (9934211, '舎人公園'), (9934212, '舎人'), (9934213, '見沼代親水公園')]","418.809,295.554,428.809,305.554","[{'station_cd': 9934201, 'x': 64, 'y': 79}, {'station_cd': 9934202, 'x': 63, 'y': 78}, {'station_cd': 9934203, 'x': 64, 'y': 74}, {'station_cd': 9934204, 'x': 64, 'y': 72}, {'station_cd': 9934205, 'x': 64, 'y': 70}, {'station_cd': 9934206, 'x': 64, 'y': 67}, {'station_cd': 9934207, 'x': 64, 'y': 65}, {'station_cd': 9934208, 'x': 64, 'y': 63}, {'station_cd': 9934209, 'x': 64, 'y': 60}, {'station_cd': 9934210, 'x': 64, 'y': 58}, {'station_cd': 9934211, 'x': 64, 'y': 55}, {'station_cd': 9934212, 'x': 65, 'y': 52}, {'station_cd': 9934213, 'x': 65, 'y': 49}]"
99343,グリーンライン,"[(9934301, '中山'), (9934302, '川和町'), (9934303, '都筑ふれあいの丘'), (9934304, 'センター南'), (9934305, 'センター北'), (9934306, '北山田'), (9934307, '東山田'), (9934308, '高田'), (9934309, '日吉本町'), (9934310, '日吉')]","415.165,301.804,425.165,311.804","[{'station_cd': 9934301, 'x': 50, 'y': 71}, {'station_cd': 9934302, 'x': 52, 'y': 67}, {'station_cd': 9934303, 'x': 56, 'y': 64}, {'station_cd': 9934304, 'x': 59, 'y': 61}, {'station_cd': 9934305, 'x': 60, 'y': 58}, {'station_cd': 9934306, 'x': 64, 'y': 56}, {'station_cd': 9934307, 'x': 67, 'y': 58}, {'station_cd': 9934308, 'x': 71, 'y': 60}, {'station_cd': 9934309, 'x': 74, 'y': 60}, {'station_cd': 9934310, 'x': 78, 'y': 59}]"
99344,箱根登山ケーブルカー,"[(9934401, '強羅'), (9934402, '公園下'), (9934403, '公園上'), (9934404, '中強羅'), (9934405, '上強羅'), (9934406, '早雲山')]","403.952,309.119,413.952,319.119","[{'station_cd': 9934401, 'x': 66, 'y': 63}, {'station_cd': 9934402, 'x': 65, 'y': 64}, {'station_cd': 9934403, 'x': 64, 'y': 64}, {'station_cd': 9934404, 'x': 64, 'y': 64}, {'station_cd': 9934405, 'x': 63, 'y': 64}, {'station_cd': 9934406, 'x': 62, 'y': 65}]"
99345,芳賀・宇都宮LRT,"[(9934501, '宇都宮駅東口'), (9934502, '東宿郷'), (9934503, '駅東公園前'), (9934504, '峰'), (9934505, '陽東3丁目'), (9934506, '宇都宮大学陽東キャンパス'), (9934507, '平石'), (9934508, '平石中央小学校前'), (9934509, '飛山城跡'), (9934510, '清陵高校前'), (9934511, '清原地区市民センター前'), (9934512, 'グリーンスタジアム前'), (9934513, 'ゆいの杜西'), (9934514, 'ゆいの杜中央'), (9934515, 'ゆいの杜東'), (9934516, '芳賀台'), (9934517, '芳賀町工業団地管理センター前'), (9934518, 'かしの森公園前'), (9934519, '芳賀・高根沢工業団地')]","423.021,273.826,433.021,283.826","[{'station_cd': 9934501, 'x': 49, 'y': 64}, {'station_cd': 9934502, 'x': 50, 'y': 64}, {'station_cd': 9934503, 'x': 51, 'y': 65}, {'station_cd': 9934504, 'x': 53, 'y': 65}, {'station_cd': 9934505, 'x': 55, 'y': 65}, {'station_cd': 9934506, 'x': 57, 'y': 65}, {'station_cd': 9934507, 'x': 59, 'y': 66}, {'station_cd': 9934508, 'x': 61, 'y': 66}, {'station_cd': 9934509, 'x': 66, 'y': 69}, {'station_cd': 9934510, 'x': 69, 'y': 70}, {'station_cd': 9934511, 'x': 71, 'y': 69}, {'station_cd': 9934512, 'x': 71, 'y': 67}, {'station_cd': 9934513, 'x': 72, 'y': 63}, {'station_cd': 9934514, 'x': 73, 'y': 62}, {'station_cd': 9934515, 'x': 75, 'y': 63}, {'station_cd': 9934516, 'x': 77, 'y': 63}, {'station_cd': 9934517, 'x': 78, 'y': 64}, {'station_cd': 9934518, 'x': 79, 'y': 61}, {'station_cd': 9934519, 'x': 78, 'y': 59}]"
99401,富士急行線,"[(9940101, '大月'), (9940102, '上大月'), (9940103, '田野倉'), (9940104, '禾生'), (9940105, '赤坂'), (9940106, '都留市'), (9940107, '谷村町'), (9940108, '都留文科大学前'), (9940109, '十日市場'), (9940110, '東桂'), (9940111, '三つ峠'), (9940112, '寿'), (9940113, '葭池温泉前'), (9940114, '下吉田'), (9940115, '月江寺'), (9940116, '富士山'), (9940117, '富士急ハイランド'), (9940118, '河口湖')]","400.390,300.542,410.390,310.542","[{'station_cd': 9940101, 'x': 87, 'y': 42}, {'station_cd': 9940102, 'x': 86, 'y': 44}, {'station_cd': 9940103, 'x': 84, 'y': 49}, {'station_cd': 9940104, 'x': 83, 'y': 56}, {'station_cd': 9940105, 'x': 80, 'y': 59}, {'station_cd': 9940106, 'x': 77, 'y': 62}, {'station_cd': 9940107, 'x': 77, 'y': 64}, {'station_cd': 9940108, 'x': 74, 'y': 67}, {'station_cd': 9940109, 'x': 72, 'y': 68}, {'station_cd': 9940110, 'x': 68, 'y': 68}, {'station_cd': 9940111, 'x': 61, 'y': 72}, {'station_cd': 9940112, 'x': 56, 'y': 78}, {'station_cd': 9940113, 'x': 53, 'y': 80}, {'station_cd': 9940114, 'x': 50, 'y': 81}, {'station_cd': 9940115, 'x': 49, 'y': 83}, {'station_cd': 9940116, 'x': 48, 'y': 86}, {'station_cd': 9940117, 'x': 45, 'y': 84}, {'station_cd': 9940118, 'x': 41, 'y': 80}]"
99402,北越急行ほくほく線,"[(9940201, '六日町'), (9940202, '魚沼丘陵'), (9940203, '美佐島'), (9940204, 'しんざ'), (9940205, '十日町'), (9940206, 'まつだい'), (9940207, 'ほくほく大島'), (9940208, '虫川大杉'), (9940209, 'うらがわら'), (9940210, '大池いこいの森'), (9940211, 'くびき'), (9940212, '犀潟')]","394.649,255.975,407.348,265.975","[{'station_cd': 9940201, 'x': 121, 'y': 88}, {'station_cd': 9940202, 'x': 122, 'y': 80}, {'station_cd': 9940203, 'x': 104, 'y': 69}, {'station_cd': 9940204, 'x': 100, 'y': 66}, {'station_cd': 9940205, 'x': 97, 'y': 67}, {'station_cd': 9940206, 'x': 69, 'y': 66}, {'station_cd': 9940207, 'x': 48, 'y': 61}, {'station_cd': 9940208, 'x': 34, 'y': 57}, {'station_cd': 9940209, 'x': 29, 'y': 56}, {'station_cd': 9940210, 'x': 20, 'y': 48}, {'station_cd': 9940211, 'x': 18, 'y': 44}, {'station_cd': 9940212, 'x': 7, 'y': 40}]"
99403,しなの鉄道線,"[(9940301, '軽井沢'), (9940302, '中軽井沢'), (9940303, '信濃追分'), (9940304, '御代田'), (9940305, '平原'), (9940306, '小諸'), (9940307, '滋野'), (9940308, '田中'), (9940309, '大屋'), (9940310, '信濃国分寺'), (9940311, '上田'), (9940312, '西上田'), (9940313, 'テクノさかき'), (9940314, '坂城'), (9940315, '戸倉'), (9940319, '千曲'), (9940316, '屋代'), (9940317, '屋代高校前'), (9940318, '篠ノ井')]","390.739,275.042,402.072,285.042","[{'station_cd': 9940301, 'x': 121, 'y': 99}, {'station_cd': 9940302, 'x': 111, 'y': 97}, {'station_cd': 9940303, 'x': 103, 'y': 100}, {'station_cd': 9940304, 'x': 91, 'y': 105}, {'station_cd': 9940305, 'x': 79, 'y': 107}, {'station_cd': 9940306, 'x': 72, 'y': 101}, {'station_cd': 9940307, 'x': 59, 'y': 95}, {'station_cd': 9940308, 'x': 52, 'y': 91}, {'station_cd': 9940309, 'x': 44, 'y': 86}, {'station_cd': 9940310, 'x': 39, 'y': 83}, {'station_cd': 9940311, 'x': 34, 'y': 77}, {'station_cd': 9940312, 'x': 25, 'y': 69}, {'station_cd': 9940313, 'x': 20, 'y': 62}, {'station_cd': 9940314, 'x': 19, 'y': 55}, {'station_cd': 9940315, 'x': 13, 'y': 45}, {'station_cd': 9940319, 'x': 10, 'y': 40}, {'station_cd': 9940316, 'x': 7, 'y': 32}, {'station_cd': 9940317, 'x': 8, 'y': 27}, {'station_cd': 9940318, 'x': 10, 'y': 18}]"
99404,上田電鉄別所線,"[(9940401, '上田'), (9940402, '城下'), (9940403, '三好町'), (9940404, '赤坂上'), (9940405, '上田原'), (9940406, '寺下'), (9940407, '神畑'), (9940408, '大学前'), (9940409, '下之郷'), (9940410, '中塩田'), (9940411, '塩田町'), (9940412, '中野'), (9940413, '舞田'), (9940414, '八木沢'), (9940415, '別所温泉')]","387.837,276.698,397.837,286.698","[{'station_cd': 9940401, 'x': 75, 'y': 57}, {'station_cd': 9940402, 'x': 74, 'y': 58}, {'station_cd': 9940403, 'x': 72, 'y': 59}, {'station_cd': 9940404, 'x': 70, 'y': 59}, {'station_cd': 9940405, 'x': 68, 'y': 59}, {'station_cd': 9940406, 'x': 67, 'y': 61}, {'station_cd': 9940407, 'x': 67, 'y': 63}, {'station_cd': 9940408, 'x': 66, 'y': 65}, {'station_cd': 9940409, 'x': 67, 'y': 68}, {'station_cd': 9940410, 'x': 64, 'y': 68}, {'station_cd': 9940411, 'x': 62, 'y': 69}, {'station_cd': 9940412, 'x': 61, 'y': 69}, {'station_cd': 9940413, 'x': 58, 'y': 69}, {'station_cd': 9940414, 'x': 56, 'y': 69}, {'station_cd': 9940415, 'x': 53, 'y': 71}]"
99405,長野電鉄長野線,"[(9940501, '長野'), (9940502, '市役所前'), (9940503, '権堂'), (9940504, '善光寺下'), (9940505, '本郷'), (9940506, '桐原'), (9940507, '信濃吉田'), (9940508, '朝陽'), (9940509, '附属中学前'), (9940510, '柳原'), (9940511, '村山'), (9940512, '日野'), (9940513, '須坂'), (9940514, '北須坂'), (9940515, '小布施'), (9940516, '都住'), (9940517, '桜沢'), (9940518, '延徳'), (9940519, '信州中野'), (9940520, '中野松川'), (9940521, '信濃竹原'), (9940522, '夜間瀬'), (9940523, '上条'), (9940524, '湯田中')]","389.950,267.712,399.950,277.712","[{'station_cd': 9940501, 'x': 35, 'y': 83}, {'station_cd': 9940502, 'x': 35, 'y': 81}, {'station_cd': 9940503, 'x': 36, 'y': 80}, {'station_cd': 9940504, 'x': 36, 'y': 78}, {'station_cd': 9940505, 'x': 39, 'y': 77}, {'station_cd': 9940506, 'x': 41, 'y': 76}, {'station_cd': 9940507, 'x': 43, 'y': 75}, {'station_cd': 9940508, 'x': 48, 'y': 76}, {'station_cd': 9940509, 'x': 50, 'y': 77}, {'station_cd': 9940510, 'x': 53, 'y': 77}, {'station_cd': 9940511, 'x': 58, 'y': 79}, {'station_cd': 9940512, 'x': 61, 'y': 81}, {'station_cd': 9940513, 'x': 64, 'y': 80}, {'station_cd': 9940514, 'x': 66, 'y': 73}, {'station_cd': 9940515, 'x': 67, 'y': 66}, {'station_cd': 9940516, 'x': 69, 'y': 64}, {'station_cd': 9940517, 'x': 76, 'y': 61}, {'station_cd': 9940518, 'x': 80, 'y': 56}, {'station_cd': 9940519, 'x': 81, 'y': 50}, {'station_cd': 9940520, 'x': 83, 'y': 48}, {'station_cd': 9940521, 'x': 88, 'y': 45}, {'station_cd': 9940522, 'x': 90, 'y': 45}, {'station_cd': 9940523, 'x': 92, 'y': 49}, {'station_cd': 9940524, 'x': 93, 'y': 52}]"
99406,長野電鉄屋代線,"[(9940601, '屋代'), (9940602, '東屋代'), (9940603, '雨宮'), (9940604, '岩野'), (9940605, '象山口'), (9940606, '松代'), (9940607, '金井山'), (9940608, '大室'), (9940609, '信濃川田'), (9940610, '若穂'), (9940611, '綿内'), (9940612, '井上'), (9940613, '須坂')]","388.182,270.610,398.182,280.610","[{'station_cd': 9940601, 'x': 41, 'y': 85}, {'station_cd': 9940602, 'x': 42, 'y': 81}, {'station_cd': 9940603, 'x': 46, 'y': 79}, {'station_cd': 9940604, 'x': 50, 'y': 75}, {'station_cd': 9940605, 'x': 57, 'y': 75}, {'station_cd': 9940606, 'x': 59, 'y': 74}, {'station_cd': 9940607, 'x': 60, 'y': 65}, {'station_cd': 9940608, 'x': 66, 'y': 62}, {'station_cd': 9940609, 'x': 70, 'y': 60}, {'station_cd': 9940610, 'x': 73, 'y': 59}, {'station_cd': 9940611, 'x': 75, 'y': 54}, {'station_cd': 9940612, 'x': 81, 'y': 49}, {'station_cd': 9940613, 'x': 87, 'y': 43}]"
99407,上高地線,"[(9940701, '松本'), (9940702, '西松本'), (9940703, '渚'), (9940704, '信濃荒井'), (9940705, '大庭'), (9940706, '下新'), (9940707, '北新・松本大学前'), (9940708, '新村'), (9940709, '三溝'), (9940710, '森口'), (9940711, '下島'), (9940712, '波田'), (9940713, '渕東'), (9940714, '新島々')]","381.484,280.856,391.484,290.856","[{'station_cd': 9940701, 'x': 82, 'y': 58}, {'station_cd': 9940702, 'x': 82, 'y': 59}, {'station_cd': 9940703, 'x': 80, 'y': 59}, {'station_cd': 9940704, 'x': 79, 'y': 58}, {'station_cd': 9940705, 'x': 77, 'y': 59}, {'station_cd': 9940706, 'x': 72, 'y': 59}, {'station_cd': 9940707, 'x': 69, 'y': 61}, {'station_cd': 9940708, 'x': 67, 'y': 62}, {'station_cd': 9940709, 'x': 64, 'y': 63}, {'station_cd': 9940710, 'x': 61, 'y': 65}, {'station_cd': 9940711, 'x': 59, 'y': 65}, {'station_cd': 9940712, 'x': 55, 'y': 67}, {'station_cd': 9940713, 'x': 50, 'y': 68}, {'station_cd': 9940714, 'x': 46, 'y': 70}]"
99408,富山地鉄本線,"[(9940801, '電鉄富山'), (9940802, '稲荷町'), (9940839, '新庄田中'), (9940803, '東新庄'), (9940804, '越中荏原'), (9940805, '越中三郷'), (9940806, '越中舟橋'), (9940807, '寺田'), (9940808, '越中泉'), (9940809, '相ノ木'), (9940840, '新相ノ木'), (9940810, '上市'), (9940811, '新宮川'), (9940812, '中加積'), (9940813, '西加積'), (9940814, '西滑川'), (9940815, '中滑川'), (9940816, '滑川'), (9940817, '浜加積'), (9940818, '早月加積'), (9940819, '越中中村'), (9940820, '西魚津'), (9940821, '電鉄魚津'), (9940822, '新魚津'), (9940823, '経田'), (9940824, '電鉄石田'), (9940825, '電鉄黒部'), (9940826, '東三日市'), (9940827, '荻生'), (9940828, '長屋'), (9940841, '新黒部'), (9940829, '舌山'), (9940830, '若栗'), (9940831, '栃屋'), (9940832, '浦山'), (9940833, '下立口'), (9940834, '下立'), (9940835, '愛本'), (9940836, '内山'), (9940837, '音沢'), (9940838, '宇奈月温泉')]","371.919,264.204,381.919,274.204","[{'station_cd': 9940801, 'x': 16, 'y': 91}, {'station_cd': 9940802, 'x': 20, 'y': 93}, {'station_cd': 9940839, 'x': 23, 'y': 93}, {'station_cd': 9940803, 'x': 26, 'y': 93}, {'station_cd': 9940804, 'x': 29, 'y': 93}, {'station_cd': 9940805, 'x': 36, 'y': 92}, {'station_cd': 9940806, 'x': 40, 'y': 91}, {'station_cd': 9940807, 'x': 43, 'y': 94}, {'station_cd': 9940808, 'x': 45, 'y': 93}, {'station_cd': 9940809, 'x': 47, 'y': 93}, {'station_cd': 9940840, 'x': 49, 'y': 92}, {'station_cd': 9940810, 'x': 53, 'y': 92}, {'station_cd': 9940811, 'x': 51, 'y': 88}, {'station_cd': 9940812, 'x': 51, 'y': 81}, {'station_cd': 9940813, 'x': 49, 'y': 77}, {'station_cd': 9940814, 'x': 47, 'y': 74}, {'station_cd': 9940815, 'x': 49, 'y': 71}, {'station_cd': 9940816, 'x': 51, 'y': 69}, {'station_cd': 9940817, 'x': 54, 'y': 66}, {'station_cd': 9940818, 'x': 57, 'y': 64}, {'station_cd': 9940819, 'x': 60, 'y': 62}, {'station_cd': 9940820, 'x': 63, 'y': 58}, {'station_cd': 9940821, 'x': 65, 'y': 54}, {'station_cd': 9940822, 'x': 66, 'y': 50}, {'station_cd': 9940823, 'x': 69, 'y': 42}, {'station_cd': 9940824, 'x': 71, 'y': 36}, {'station_cd': 9940825, 'x': 76, 'y': 33}, {'station_cd': 9940826, 'x': 78, 'y': 33}, {'station_cd': 9940827, 'x': 80, 'y': 33}, {'station_cd': 9940828, 'x': 83, 'y': 34}, {'station_cd': 9940841, 'x': 85, 'y': 34}, {'station_cd': 9940829, 'x': 87, 'y': 35}, {'station_cd': 9940830, 'x': 89, 'y': 35}, {'station_cd': 9940831, 'x': 92, 'y': 36}, {'station_cd': 9940832, 'x': 95, 'y': 38}, {'station_cd': 9940833, 'x': 99, 'y': 40}, {'station_cd': 9940834, 'x': 101, 'y': 41}, {'station_cd': 9940835, 'x': 104, 'y': 42}, {'station_cd': 9940836, 'x': 105, 'y': 45}, {'station_cd': 9940837, 'x': 106, 'y': 47}, {'station_cd': 9940838, 'x': 112, 'y': 57}]"
99409,富山地鉄立山線,"[(9940901, '寺田'), (9940902, '稚子塚'), (9940903, '田添'), (9940904, '五百石'), (9940905, '榎町'), (9940906, '下段'), (9940907, '釜ヶ淵'), (9940908, '沢中山'), (9940909, '岩峅寺'), (9940910, '横江'), (9940911, '千垣'), (9940912, '有峰口'), (9940913, '本宮'), (9940914, '立山')]","371.450,268.345,381.450,278.345","[{'station_cd': 9940901, 'x': 49, 'y': 41}, {'station_cd': 9940902, 'x': 48, 'y': 45}, {'station_cd': 9940903, 'x': 48, 'y': 47}, {'station_cd': 9940904, 'x': 47, 'y': 52}, {'station_cd': 9940905, 'x': 48, 'y': 55}, {'station_cd': 9940906, 'x': 48, 'y': 59}, {'station_cd': 9940907, 'x': 49, 'y': 64}, {'station_cd': 9940908, 'x': 49, 'y': 68}, {'station_cd': 9940909, 'x': 48, 'y': 73}, {'station_cd': 9940910, 'x': 52, 'y': 82}, {'station_cd': 9940911, 'x': 62, 'y': 86}, {'station_cd': 9940912, 'x': 64, 'y': 86}, {'station_cd': 9940913, 'x': 68, 'y': 86}, {'station_cd': 9940914, 'x': 80, 'y': 84}]"
99410,富山地鉄不二越・上滝線,"[(9941001, '電鉄富山'), (9941002, '稲荷町'), (9941016, '栄町'), (9941003, '不二越'), (9941004, '大泉'), (9941005, '南富山'), (9941006, '朝菜町'), (9941007, '上堀'), (9941008, '小杉'), (9941009, '布市'), (9941010, '開発'), (9941011, '月岡'), (9941012, '大庄'), (9941013, '上滝'), (9941014, '大川寺'), (9941015, '岩峅寺')]","369.205,267.681,379.205,277.681","[{'station_cd': 9941001, 'x': 51, 'y': 47}, {'station_cd': 9941002, 'x': 55, 'y': 48}, {'station_cd': 9941016, 'x': 56, 'y': 50}, {'station_cd': 9941003, 'x': 55, 'y': 52}, {'station_cd': 9941004, 'x': 54, 'y': 55}, {'station_cd': 9941005, 'x': 52, 'y': 58}, {'station_cd': 9941006, 'x': 53, 'y': 61}, {'station_cd': 9941007, 'x': 55, 'y': 64}, {'station_cd': 9941008, 'x': 55, 'y': 65}, {'station_cd': 9941009, 'x': 56, 'y': 67}, {'station_cd': 9941010, 'x': 58, 'y': 70}, {'station_cd': 9941011, 'x': 63, 'y': 74}, {'station_cd': 9941012, 'x': 66, 'y': 77}, {'station_cd': 9941013, 'x': 71, 'y': 80}, {'station_cd': 9941014, 'x': 74, 'y': 81}, {'station_cd': 9941015, 'x': 77, 'y': 81}]"
99411,神岡鉄道神岡線,"[(9941101, '猪谷'), (9941102, '飛騨中山'), (9941103, '茂住'), (9941104, '漆山'), (9941105, '神岡鉱山前'), (9941106, '飛騨神岡'), (9941107, '神岡大橋'), (9941108, '奥飛騨温泉口')]","369.167,274.888,379.167,284.888","[{'station_cd': 9941101, 'x': 56, 'y': 36}, {'station_cd': 9941102, 'x': 60, 'y': 43}, {'station_cd': 9941103, 'x': 65, 'y': 50}, {'station_cd': 9941104, 'x': 68, 'y': 63}, {'station_cd': 9941105, 'x': 69, 'y': 84}, {'station_cd': 9941106, 'x': 69, 'y': 87}, {'station_cd': 9941107, 'x': 71, 'y': 90}, {'station_cd': 9941108, 'x': 72, 'y': 92}]"
99412,黒部峡谷鉄道本線,"[(9941201, '宇奈月'), (9941202, '黒薙'), (9941203, '鐘釣'), (9941204, '欅平')]","376.371,265.332,386.371,275.332","[{'station_cd': 9941201, 'x': 55, 'y': 42}, {'station_cd': 9941202, 'x': 65, 'y': 53}, {'station_cd': 9941203, 'x': 71, 'y': 72}, {'station_cd': 9941204, 'x': 73, 'y': 86}]"
99413,富山地鉄市内線【１・２系統】,"[(9941301, '南富山駅前'), (9941302, '大町'), (9941303, '堀川小泉'), (9941304, '小泉町'), (9941305, '西中野'), (9941306, '広貫堂前'), (9941307, '上本町'), (9941308, '西町'), (9941321, '中町（西町北）'), (9941309, '荒町'), (9941310, '桜橋'), (9941311, '電気ビル前'), (9941312, '地鉄ビル前'), (9941313, '電鉄富山駅・エスタ前'), (9941322, '富山駅'), (9941314, '新富町'), (9941315, '県庁前'), (9941316, '丸の内'), (9941317, '諏訪川原'), (9941318, '安野屋'), (9941319, 'トヨタモビリティ富山 Gスクエア五福前'), (9941320, '富山大学前')]","367.997,266.722,377.997,276.722","[{'station_cd': 9941301, 'x': 68, 'y': 70}, {'station_cd': 9941302, 'x': 68, 'y': 69}, {'station_cd': 9941303, 'x': 67, 'y': 68}, {'station_cd': 9941304, 'x': 67, 'y': 67}, {'station_cd': 9941305, 'x': 67, 'y': 66}, {'station_cd': 9941306, 'x': 67, 'y': 65}, {'station_cd': 9941307, 'x': 67, 'y': 64}, {'station_cd': 9941308, 'x': 67, 'y': 63}, {'station_cd': 9941321, 'x': 67, 'y': 63}, {'station_cd': 9941309, 'x': 67, 'y': 62}, {'station_cd': 9941310, 'x': 67, 'y': 61}, {'station_cd': 9941311, 'x': 67, 'y': 60}, {'station_cd': 9941312, 'x': 67, 'y': 60}, {'station_cd': 9941313, 'x': 66, 'y': 59}, {'station_cd': 9941322, 'x': 66, 'y': 59}, {'station_cd': 9941314, 'x': 65, 'y': 60}, {'station_cd': 9941315, 'x': 65, 'y': 61}, {'station_cd': 9941316, 'x': 65, 'y': 62}, {'station_cd': 9941317, 'x': 64, 'y': 62}, {'station_cd': 9941318, 'x': 63, 'y': 62}, {'station_cd': 9941319, 'x': 61, 'y': 61}, {'station_cd': 9941320, 'x': 60, 'y': 59}]"
99414,万葉線,"[(9941401, '高岡駅'), (9941425, '末広町'), (9941402, '片原町'), (9941403, '坂下町'), (9941404, '急患医療センター前'), (9941405, '広小路'), (9941406, '志貴野中学校前'), (9941407, '市民病院前'), (9941408, '江尻'), (9941409, '旭ヶ丘'), (9941410, '荻布'), (9941411, '新能町'), (9941412, '米島口'), (9941413, '能町口'), (9941414, '新吉久'), (9941415, '吉久'), (9941416, '中伏木'), (9941417, '六渡寺'), (9941418, '庄川口'), (9941419, '第一イン新湊 クロスベイ前'), (9941420, '新町口'), (9941421, '中新湊'), (9941422, '東新湊'), (9941423, '海王丸'), (9941424, '越ノ潟')]","365.169,264.321,375.169,274.321","[{'station_cd': 9941401, 'x': 52, 'y': 72}, {'station_cd': 9941425, 'x': 51, 'y': 71}, {'station_cd': 9941402, 'x': 51, 'y': 70}, {'station_cd': 9941403, 'x': 52, 'y': 70}, {'station_cd': 9941404, 'x': 52, 'y': 69}, {'station_cd': 9941405, 'x': 53, 'y': 68}, {'station_cd': 9941406, 'x': 54, 'y': 67}, {'station_cd': 9941407, 'x': 55, 'y': 66}, {'station_cd': 9941408, 'x': 56, 'y': 65}, {'station_cd': 9941409, 'x': 56, 'y': 64}, {'station_cd': 9941410, 'x': 57, 'y': 63}, {'station_cd': 9941411, 'x': 58, 'y': 62}, {'station_cd': 9941412, 'x': 58, 'y': 61}, {'station_cd': 9941413, 'x': 61, 'y': 61}, {'station_cd': 9941414, 'x': 62, 'y': 60}, {'station_cd': 9941415, 'x': 63, 'y': 58}, {'station_cd': 9941416, 'x': 64, 'y': 56}, {'station_cd': 9941417, 'x': 65, 'y': 56}, {'station_cd': 9941418, 'x': 66, 'y': 57}, {'station_cd': 9941419, 'x': 67, 'y': 59}, {'station_cd': 9941420, 'x': 70, 'y': 60}, {'station_cd': 9941421, 'x': 71, 'y': 61}, {'station_cd': 9941422, 'x': 74, 'y': 60}, {'station_cd': 9941423, 'x': 75, 'y': 61}, {'station_cd': 9941424, 'x': 77, 'y': 62}]"
99415,富山港線,"[(9941501, '富山駅'), (9941514, 'オークスカナルパークホテル富山前'), (9941502, 'インテック本社前'), (9941515, '龍谷富山高校前（永楽町）'), (9941503, '奥田中学校前'), (9941504, '下奥井'), (9941505, '粟島（大阪屋ショップ前）'), (9941506, '越中中島'), (9941507, '城川原'), (9941508, '犬島新町'), (9941509, '蓮町（馬場記念公園前）'), (9941510, '萩浦小学校前'), (9941511, '東岩瀬'), (9941512, '競輪場前'), (9941513, '岩瀬浜')]","368.376,265.484,378.376,275.484","[{'station_cd': 9941501, 'x': 61, 'y': 74}, {'station_cd': 9941514, 'x': 62, 'y': 74}, {'station_cd': 9941502, 'x': 62, 'y': 74}, {'station_cd': 9941515, 'x': 63, 'y': 74}, {'station_cd': 9941503, 'x': 64, 'y': 74}, {'station_cd': 9941504, 'x': 64, 'y': 71}, {'station_cd': 9941505, 'x': 64, 'y': 68}, {'station_cd': 9941506, 'x': 64, 'y': 67}, {'station_cd': 9941507, 'x': 65, 'y': 64}, {'station_cd': 9941508, 'x': 65, 'y': 63}, {'station_cd': 9941509, 'x': 65, 'y': 60}, {'station_cd': 9941510, 'x': 65, 'y': 58}, {'station_cd': 9941511, 'x': 66, 'y': 57}, {'station_cd': 9941512, 'x': 67, 'y': 55}, {'station_cd': 9941513, 'x': 67, 'y': 54}]"
99416,北陸鉄道石川線,"[(9941601, '野町'), (9941602, '西泉'), (9941603, '新西金沢'), (9941604, '押野'), (9941605, '野々市'), (9941606, '野々市工大前'), (9941607, '馬替'), (9941608, '額住宅前'), (9941609, '乙丸'), (9941610, '四十万'), (9941619, '陽羽里'), (9941611, '曽谷'), (9941612, '道法寺'), (9941613, '井口'), (9941614, '小柳'), (9941615, '日御子'), (9941616, '鶴来'), (9941617, '中鶴来'), (9941618, '加賀一の宮')]","356.316,271.246,366.316,281.246","[{'station_cd': 9941601, 'x': 69, 'y': 44}, {'station_cd': 9941602, 'x': 66, 'y': 44}, {'station_cd': 9941603, 'x': 63, 'y': 44}, {'station_cd': 9941604, 'x': 63, 'y': 48}, {'station_cd': 9941605, 'x': 63, 'y': 49}, {'station_cd': 9941606, 'x': 63, 'y': 51}, {'station_cd': 9941607, 'x': 62, 'y': 54}, {'station_cd': 9941608, 'x': 62, 'y': 56}, {'station_cd': 9941609, 'x': 62, 'y': 58}, {'station_cd': 9941610, 'x': 61, 'y': 63}, {'station_cd': 9941619, 'x': 61, 'y': 65}, {'station_cd': 9941611, 'x': 61, 'y': 66}, {'station_cd': 9941612, 'x': 60, 'y': 68}, {'station_cd': 9941613, 'x': 60, 'y': 71}, {'station_cd': 9941614, 'x': 60, 'y': 73}, {'station_cd': 9941615, 'x': 61, 'y': 75}, {'station_cd': 9941616, 'x': 63, 'y': 79}, {'station_cd': 9941617, 'x': 63, 'y': 82}, {'station_cd': 9941618, 'x': 65, 'y': 85}]"
99417,北陸鉄道浅野川線,"[(9941701, '北鉄金沢'), (9941702, '七ツ屋'), (9941703, '上諸江'), (9941704, '磯部'), (9941705, '割出'), (9941706, '三口'), (9941707, '三ツ屋'), (9941708, '大河端'), (9941709, '北間'), (9941710, '蚊爪'), (9941711, '粟ヶ崎'), (9941712, '内灘')]","356.680,268.201,366.680,278.201","[{'station_cd': 9941701, 'x': 65, 'y': 74}, {'station_cd': 9941702, 'x': 66, 'y': 72}, {'station_cd': 9941703, 'x': 65, 'y': 69}, {'station_cd': 9941704, 'x': 65, 'y': 67}, {'station_cd': 9941705, 'x': 65, 'y': 65}, {'station_cd': 9941706, 'x': 65, 'y': 64}, {'station_cd': 9941707, 'x': 65, 'y': 62}, {'station_cd': 9941708, 'x': 64, 'y': 60}, {'station_cd': 9941709, 'x': 64, 'y': 58}, {'station_cd': 9941710, 'x': 64, 'y': 57}, {'station_cd': 9941711, 'x': 63, 'y': 55}, {'station_cd': 9941712, 'x': 62, 'y': 54}]"
99418,のと鉄道七尾線,"[(9941808, '七尾'), (9941801, '和倉温泉'), (9941802, '田鶴浜'), (9941803, '笠師保'), (9941804, '能登中島'), (9941805, '西岸'), (9941806, '能登鹿島'), (9941807, '穴水')]","362.305,253.852,372.305,263.852","[{'station_cd': 9941808, 'x': 78, 'y': 98}, {'station_cd': 9941801, 'x': 68, 'y': 86}, {'station_cd': 9941802, 'x': 59, 'y': 88}, {'station_cd': 9941803, 'x': 50, 'y': 83}, {'station_cd': 9941804, 'x': 50, 'y': 72}, {'station_cd': 9941805, 'x': 55, 'y': 59}, {'station_cd': 9941806, 'x': 61, 'y': 48}, {'station_cd': 9941807, 'x': 64, 'y': 31}]"
99419,えちぜん鉄道勝山永平寺線,"[(9941901, '福井'), (9941902, '新福井'), (9941903, '福井口'), (9941904, '越前開発'), (9941905, '越前新保'), (9941906, '追分口'), (9941907, '東藤島'), (9941908, '越前島橋'), (9941909, '観音町'), (9941910, '松岡'), (9941911, '志比堺'), (9941912, '永平寺口'), (9941913, '下志比'), (9941914, '光明寺'), (9941915, '轟'), (9941916, '越前野中'), (9941917, '山王'), (9941918, '越前竹原'), (9941919, '小舟渡'), (9941920, '保田'), (9941921, '発坂'), (9941922, '比島'), (9941923, '勝山')]","350.674,282.528,360.674,292.528","[{'station_cd': 9941901, 'x': 30, 'y': 67}, {'station_cd': 9941902, 'x': 30, 'y': 66}, {'station_cd': 9941903, 'x': 32, 'y': 64}, {'station_cd': 9941904, 'x': 34, 'y': 63}, {'station_cd': 9941905, 'x': 37, 'y': 61}, {'station_cd': 9941906, 'x': 39, 'y': 60}, {'station_cd': 9941907, 'x': 41, 'y': 59}, {'station_cd': 9941908, 'x': 43, 'y': 58}, {'station_cd': 9941909, 'x': 47, 'y': 58}, {'station_cd': 9941910, 'x': 50, 'y': 57}, {'station_cd': 9941911, 'x': 52, 'y': 56}, {'station_cd': 9941912, 'x': 56, 'y': 57}, {'station_cd': 9941913, 'x': 59, 'y': 59}, {'station_cd': 9941914, 'x': 61, 'y': 60}, {'station_cd': 9941915, 'x': 65, 'y': 61}, {'station_cd': 9941916, 'x': 69, 'y': 62}, {'station_cd': 9941917, 'x': 73, 'y': 64}, {'station_cd': 9941918, 'x': 78, 'y': 66}, {'station_cd': 9941919, 'x': 84, 'y': 66}, {'station_cd': 9941920, 'x': 88, 'y': 68}, {'station_cd': 9941921, 'x': 92, 'y': 67}, {'station_cd': 9941922, 'x': 96, 'y': 70}, {'station_cd': 9941923, 'x': 98, 'y': 74}]"
99420,えちぜん鉄道三国芦原線,"[(9942001, '福井'), (9942002, '新福井'), (9942003, '福井口'), (9942024, 'まつもと町屋'), (9942004, '西別院'), (9942005, '田原町'), (9942006, '福大前西福井'), (9942022, '日華化学前'), (9942023, '八ツ島'), (9942007, '新田塚'), (9942008, '中角'), (9942009, '鷲塚針原'), (9942010, '太郎丸エンゼルランド'), (9942011, '西春江ハートピア'), (9942012, '西長田ゆりの里'), (9942013, '下兵庫こうふく'), (9942014, '大関'), (9942015, '本荘'), (9942016, '番田'), (9942017, 'あわら湯のまち'), (9942018, '水居'), (9942019, '三国神社'), (9942020, '三国'), (9942021, '三国港')]","347.280,280.484,357.280,290.484","[{'station_cd': 9942001, 'x': 73, 'y': 93}, {'station_cd': 9942002, 'x': 74, 'y': 92}, {'station_cd': 9942003, 'x': 75, 'y': 90}, {'station_cd': 9942024, 'x': 74, 'y': 88}, {'station_cd': 9942004, 'x': 73, 'y': 89}, {'station_cd': 9942005, 'x': 71, 'y': 89}, {'station_cd': 9942006, 'x': 70, 'y': 89}, {'station_cd': 9942022, 'x': 69, 'y': 86}, {'station_cd': 9942023, 'x': 69, 'y': 84}, {'station_cd': 9942007, 'x': 68, 'y': 82}, {'station_cd': 9942008, 'x': 68, 'y': 79}, {'station_cd': 9942009, 'x': 69, 'y': 72}, {'station_cd': 9942010, 'x': 69, 'y': 68}, {'station_cd': 9942011, 'x': 69, 'y': 66}, {'station_cd': 9942012, 'x': 69, 'y': 60}, {'station_cd': 9942013, 'x': 68, 'y': 54}, {'station_cd': 9942014, 'x': 69, 'y': 49}, {'station_cd': 9942015, 'x': 69, 'y': 42}, {'station_cd': 9942016, 'x': 69, 'y': 39}, {'station_cd': 9942017, 'x': 66, 'y': 35}, {'station_cd': 9942018, 'x': 61, 'y': 36}, {'station_cd': 9942019, 'x': 57, 'y': 38}, {'station_cd': 9942020, 'x': 55, 'y': 37}, {'station_cd': 9942021, 'x': 53, 'y': 36}]"
99421,福井鉄道福武線,"[(9942101, 'たけふ新'), (9942102, '北府'), (9942124, 'スポーツ公園'), (9942103, '家久'), (9942104, 'サンドーム西'), (9942105, '西鯖江'), (9942106, '西山公園'), (9942107, '水落'), (9942108, '神明'), (9942109, '鳥羽中'), (9942110, '三十八社'), (9942125, '泰澄の里'), (9942111, '浅水'), (9942112, 'ハーモニーホール'), (9942126, '清明'), (9942113, '江端'), (9942114, 'ベル前'), (9942115, '花堂'), (9942116, '赤十字前'), (9942117, '商工会議所前'), (9942118, '足羽山公園口'), (9942119, '福井城址大名町'), (9942120, '福井駅'), (9942122, '仁愛女子高校'), (9942123, '田原町')]","347.334,284.713,357.334,294.713","[{'station_cd': 9942101, 'x': 57, 'y': 94}, {'station_cd': 9942102, 'x': 56, 'y': 92}, {'station_cd': 9942124, 'x': 57, 'y': 89}, {'station_cd': 9942103, 'x': 58, 'y': 87}, {'station_cd': 9942104, 'x': 60, 'y': 83}, {'station_cd': 9942105, 'x': 61, 'y': 80}, {'station_cd': 9942106, 'x': 62, 'y': 77}, {'station_cd': 9942107, 'x': 61, 'y': 74}, {'station_cd': 9942108, 'x': 61, 'y': 70}, {'station_cd': 9942109, 'x': 62, 'y': 67}, {'station_cd': 9942110, 'x': 64, 'y': 65}, {'station_cd': 9942125, 'x': 65, 'y': 61}, {'station_cd': 9942111, 'x': 66, 'y': 58}, {'station_cd': 9942112, 'x': 67, 'y': 56}, {'station_cd': 9942126, 'x': 68, 'y': 53}, {'station_cd': 9942113, 'x': 69, 'y': 51}, {'station_cd': 9942114, 'x': 70, 'y': 49}, {'station_cd': 9942115, 'x': 70, 'y': 46}, {'station_cd': 9942116, 'x': 70, 'y': 44}, {'station_cd': 9942117, 'x': 70, 'y': 42}, {'station_cd': 9942118, 'x': 70, 'y': 40}, {'station_cd': 9942119, 'x': 71, 'y': 38}, {'station_cd': 9942120, 'x': 71, 'y': 39}, {'station_cd': 9942122, 'x': 71, 'y': 36}, {'station_cd': 9942123, 'x': 71, 'y': 34}]"
99422,富山地鉄富山都心線【３系統(環状線)】,"[(9942201, '丸の内'), (9942202, '国際会議場前'), (9942203, '大手モール'), (9942204, 'グランドプラザ前'), (9942206, '中町（西町北）'), (9942207, '荒町'), (9942208, '桜橋'), (9942209, '電気ビル前'), (9942210, '地鉄ビル前'), (9942211, '電鉄富山駅・エスタ前'), (9942214, '富山駅'), (9942212, '新富町'), (9942213, '県庁前')]","368.136,266.474,378.136,276.474","[{'station_cd': 9942201, 'x': 63, 'y': 65}, {'station_cd': 9942202, 'x': 64, 'y': 65}, {'station_cd': 9942203, 'x': 64, 'y': 66}, {'station_cd': 9942204, 'x': 64, 'y': 66}, {'station_cd': 9942206, 'x': 65, 'y': 66}, {'station_cd': 9942207, 'x': 65, 'y': 65}, {'station_cd': 9942208, 'x': 65, 'y': 64}, {'station_cd': 9942209, 'x': 65, 'y': 63}, {'station_cd': 9942210, 'x': 65, 'y': 63}, {'station_cd': 9942211, 'x': 64, 'y': 62}, {'station_cd': 9942214, 'x': 64, 'y': 62}, {'station_cd': 9942212, 'x': 64, 'y': 63}, {'station_cd': 9942213, 'x': 63, 'y': 64}]"
99423,日本海ひすいライン,"[(1140524, '直江津'), (1140523, '谷浜'), (1140522, '有間川'), (1140521, '名立'), (1140520, '筒石'), (1140519, '能生'), (1140518, '浦本'), (1140517, '梶屋敷'), (9942302, 'えちご押上ひすい海岸'), (1140516, '糸魚川'), (1140515, '青海'), (1140514, '親不知'), (9942301, '市振')]","381.467,256.881,394.623,266.881","[{'station_cd': 1140524, 'x': 122, 'y': 42}, {'station_cd': 1140523, 'x': 109, 'y': 43}, {'station_cd': 1140522, 'x': 102, 'y': 43}, {'station_cd': 1140521, 'x': 93, 'y': 44}, {'station_cd': 1140520, 'x': 87, 'y': 51}, {'station_cd': 1140519, 'x': 72, 'y': 59}, {'station_cd': 1140518, 'x': 63, 'y': 64}, {'station_cd': 1140517, 'x': 56, 'y': 69}, {'station_cd': 9942302, 'x': 51, 'y': 70}, {'station_cd': 1140516, 'x': 47, 'y': 71}, {'station_cd': 1140515, 'x': 34, 'y': 76}, {'station_cd': 1140514, 'x': 23, 'y': 80}, {'station_cd': 9942301, 'x': 6, 'y': 86}]"
99424,妙高はねうまライン,"[(1140321, '直江津'), (1140320, '春日山'), (1140319, '高田'), (1140318, '南高田'), (1140317, '上越妙高'), (1140316, '北新井'), (1140315, '新井'), (1140314, '二本木'), (1140313, '関山'), (1140312, '妙高高原')]","388.792,258.768,398.792,268.768","[{'station_cd': 1140321, 'x': 67, 'y': 11}, {'station_cd': 1140320, 'x': 65, 'y': 19}, {'station_cd': 1140319, 'x': 67, 'y': 31}, {'station_cd': 1140318, 'x': 67, 'y': 37}, {'station_cd': 1140317, 'x': 68, 'y': 43}, {'station_cd': 1140316, 'x': 70, 'y': 53}, {'station_cd': 1140315, 'x': 69, 'y': 62}, {'station_cd': 1140314, 'x': 63, 'y': 75}, {'station_cd': 1140313, 'x': 61, 'y': 95}, {'station_cd': 1140312, 'x': 57, 'y': 117}]"
99425,あいの風とやま鉄道線,"[(9942501, '倶利伽羅'), (1141548, '石動'), (1141549, '福岡'), (1141550, '西高岡'), (1141556, '高岡やぶなみ'), (1141551, '高岡'), (1141552, '越中大門'), (1141553, '小杉'), (1141554, '呉羽'), (1141555, '富山'), (9942502, '新富山口'), (1140502, '東富山'), (1140503, '水橋'), (1140504, '滑川'), (1140505, '東滑川'), (1140506, '魚津'), (1140507, '黒部'), (1140508, '生地'), (1140509, '西入善'), (1140510, '入善'), (1140511, '泊'), (1140512, '越中宮崎'), (1140513, '市振')]","363.826,262.503,382.934,273.173","[{'station_cd': 9942501, 'x': 6, 'y': 89}, {'station_cd': 1141548, 'x': 16, 'y': 90}, {'station_cd': 1141549, 'x': 25, 'y': 83}, {'station_cd': 1141550, 'x': 29, 'y': 81}, {'station_cd': 1141556, 'x': 33, 'y': 79}, {'station_cd': 1141551, 'x': 36, 'y': 78}, {'station_cd': 1141552, 'x': 42, 'y': 80}, {'station_cd': 1141553, 'x': 46, 'y': 83}, {'station_cd': 1141554, 'x': 56, 'y': 84}, {'station_cd': 1141555, 'x': 62, 'y': 87}, {'station_cd': 9942502, 'x': 66, 'y': 84}, {'station_cd': 1140502, 'x': 67, 'y': 80}, {'station_cd': 1140503, 'x': 74, 'y': 80}, {'station_cd': 1140504, 'x': 81, 'y': 76}, {'station_cd': 1140505, 'x': 85, 'y': 73}, {'station_cd': 1140506, 'x': 89, 'y': 66}, {'station_cd': 1140507, 'x': 93, 'y': 58}, {'station_cd': 1140508, 'x': 92, 'y': 51}, {'station_cd': 1140509, 'x': 96, 'y': 47}, {'station_cd': 1140510, 'x': 102, 'y': 45}, {'station_cd': 1140511, 'x': 109, 'y': 44}, {'station_cd': 1140512, 'x': 115, 'y': 40}, {'station_cd': 1140513, 'x': 122, 'y': 39}]"
99426,IRいしかわ鉄道線,"[(1141530, '大聖寺'), (1141531, '加賀温泉'), (1141532, '動橋'), (1141533, '粟津'), (1141534, '小松'), (1141535, '明峰'), (1141536, '能美根上'), (1141537, '小舞子'), (1141538, '美川'), (1141539, '加賀笠間'), (9942602, '西松任'), (1141540, '松任'), (1141541, '野々市'), (1141542, '西金沢'), (9942601, '金沢'), (1141544, '東金沢'), (1141545, '森本'), (1141546, '津幡'), (1141547, '倶利伽羅')]","354.436,270.367,365.183,282.446","[{'station_cd': 1141530, 'x': 12, 'y': 115}, {'station_cd': 1141531, 'x': 20, 'y': 110}, {'station_cd': 1141532, 'x': 27, 'y': 108}, {'station_cd': 1141533, 'x': 36, 'y': 101}, {'station_cd': 1141534, 'x': 42, 'y': 87}, {'station_cd': 1141535, 'x': 45, 'y': 81}, {'station_cd': 1141536, 'x': 44, 'y': 73}, {'station_cd': 1141537, 'x': 47, 'y': 66}, {'station_cd': 1141538, 'x': 50, 'y': 63}, {'station_cd': 1141539, 'x': 59, 'y': 59}, {'station_cd': 9942602, 'x': 63, 'y': 55}, {'station_cd': 1141540, 'x': 67, 'y': 52}, {'station_cd': 1141541, 'x': 74, 'y': 48}, {'station_cd': 1141542, 'x': 79, 'y': 45}, {'station_cd': 9942601, 'x': 85, 'y': 38}, {'station_cd': 1141544, 'x': 89, 'y': 34}, {'station_cd': 1141545, 'x': 94, 'y': 29}, {'station_cd': 1141546, 'x': 103, 'y': 16}, {'station_cd': 1141547, 'x': 116, 'y': 13}]"
99427,北しなの線,"[(9942701, '長野'), (1140306, '北長野'), (1140307, '三才'), (1140308, '豊野'), (1140309, '牟礼'), (1140310, '古間'), (1140311, '黒姫'), (9942702, '妙高高原')]","388.582,266.089,398.582,276.089","[{'station_cd': 9942701, 'x': 52, 'y': 104}, {'station_cd': 1140306, 'x': 61, 'y': 97}, {'station_cd': 1140307, 'x': 67, 'y': 90}, {'station_cd': 1140308, 'x': 75, 'y': 81}, {'station_cd': 1140309, 'x': 68, 'y': 66}, {'station_cd': 1140310, 'x': 64, 'y': 52}, {'station_cd': 1140311, 'x': 55, 'y': 46}, {'station_cd': 9942702, 'x': 60, 'y': 23}]"
99428,ハピラインふくい線,"[(9942801, '敦賀'), (1141513, '南今庄'), (1141514, '今庄'), (1141515, '湯尾'), (1141516, '南条'), (1141517, '王子保'), (9942820, 'しきぶ'), (1141518, '武生'), (1141519, '鯖江'), (1141520, '北鯖江'), (1141521, '大土呂'), (1141522, '越前花堂'), (1141523, '福井'), (1141524, '森田'), (1141525, '春江'), (1141526, '丸岡'), (1141527, '芦原温泉'), (1141528, '細呂木'), (1141529, '牛ノ谷'), (9942802, '大聖寺')]","347.357,280.022,357.357,300.404","[{'station_cd': 9942801, 'x': 48, 'y': 120}, {'station_cd': 1141513, 'x': 62, 'y': 102}, {'station_cd': 1141514, 'x': 64, 'y': 99}, {'station_cd': 1141515, 'x': 63, 'y': 94}, {'station_cd': 1141516, 'x': 63, 'y': 89}, {'station_cd': 1141517, 'x': 60, 'y': 82}, {'station_cd': 9942820, 'x': 60, 'y': 79}, {'station_cd': 1141518, 'x': 61, 'y': 76}, {'station_cd': 1141519, 'x': 63, 'y': 69}, {'station_cd': 1141520, 'x': 64, 'y': 64}, {'station_cd': 1141521, 'x': 67, 'y': 58}, {'station_cd': 1141522, 'x': 67, 'y': 53}, {'station_cd': 1141523, 'x': 68, 'y': 49}, {'station_cd': 1141524, 'x': 68, 'y': 40}, {'station_cd': 1141525, 'x': 69, 'y': 37}, {'station_cd': 1141526, 'x': 69, 'y': 31}, {'station_cd': 1141527, 'x': 70, 'y': 22}, {'station_cd': 1141528, 'x': 73, 'y': 18}, {'station_cd': 1141529, 'x': 76, 'y': 15}, {'station_cd': 9942802, 'x': 80, 'y': 8}]"
99501,伊豆急行線,"[(9950101, '伊東'), (9950102, '南伊東'), (9950103, '川奈'), (9950104, '富戸'), (9950105, '城ヶ崎海岸'), (9950106, '伊豆高原'), (9950107, '伊豆大川'), (9950108, '伊豆北川'), (9950109, '伊豆熱川'), (9950110, '片瀬白田'), (9950111, '伊豆稲取'), (9950112, '今井浜海岸'), (9950113, '河津'), (9950114, '稲梓'), (9950115, '蓮台寺'), (9950116, '伊豆急下田')]","403.606,320.829,413.606,330.829","[{'station_cd': 9950101, 'x': 79, 'y': 12}, {'station_cd': 9950102, 'x': 78, 'y': 18}, {'station_cd': 9950103, 'x': 88, 'y': 21}, {'station_cd': 9950104, 'x': 89, 'y': 36}, {'station_cd': 9950105, 'x': 86, 'y': 43}, {'station_cd': 9950106, 'x': 83, 'y': 47}, {'station_cd': 9950107, 'x': 74, 'y': 59}, {'station_cd': 9950108, 'x': 74, 'y': 65}, {'station_cd': 9950109, 'x': 72, 'y': 68}, {'station_cd': 9950110, 'x': 70, 'y': 73}, {'station_cd': 9950111, 'x': 64, 'y': 83}, {'station_cd': 9950112, 'x': 55, 'y': 90}, {'station_cd': 9950113, 'x': 53, 'y': 92}, {'station_cd': 9950114, 'x': 41, 'y': 100}, {'station_cd': 9950115, 'x': 39, 'y': 108}, {'station_cd': 9950116, 'x': 39, 'y': 115}]"
99502,伊豆箱根鉄道駿豆線,"[(9950201, '三島'), (9950202, '三島広小路'), (9950203, '三島田町'), (9950204, '三島二日町'), (9950205, '大場'), (9950206, '伊豆仁田'), (9950207, '原木'), (9950208, '韮山'), (9950209, '伊豆長岡'), (9950210, '田京'), (9950211, '大仁'), (9950212, '牧之郷'), (9950213, '修善寺')]","401.656,314.427,411.656,324.427","[{'station_cd': 9950201, 'x': 59, 'y': 38}, {'station_cd': 9950202, 'x': 59, 'y': 40}, {'station_cd': 9950203, 'x': 61, 'y': 41}, {'station_cd': 9950204, 'x': 63, 'y': 43}, {'station_cd': 9950205, 'x': 66, 'y': 50}, {'station_cd': 9950206, 'x': 66, 'y': 55}, {'station_cd': 9950207, 'x': 67, 'y': 60}, {'station_cd': 9950208, 'x': 67, 'y': 64}, {'station_cd': 9950209, 'x': 68, 'y': 69}, {'station_cd': 9950210, 'x': 67, 'y': 78}, {'station_cd': 9950211, 'x': 65, 'y': 85}, {'station_cd': 9950212, 'x': 69, 'y': 87}, {'station_cd': 9950213, 'x': 68, 'y': 90}]"
99503,岳南鉄道線,"[(9950301, '吉原'), (9950302, 'ジヤトコ前（ジヤトコ１地区前）'), (9950303, '吉原本町'), (9950304, '本吉原'), (9950305, '岳南原田'), (9950306, '比奈'), (9950307, '岳南富士岡'), (9950308, '須津'), (9950309, '神谷'), (9950310, '岳南江尾')]","397.469,311.293,407.469,321.293","[{'station_cd': 9950301, 'x': 59, 'y': 68}, {'station_cd': 9950302, 'x': 56, 'y': 63}, {'station_cd': 9950303, 'x': 56, 'y': 61}, {'station_cd': 9950304, 'x': 57, 'y': 61}, {'station_cd': 9950305, 'x': 60, 'y': 60}, {'station_cd': 9950306, 'x': 62, 'y': 62}, {'station_cd': 9950307, 'x': 65, 'y': 62}, {'station_cd': 9950308, 'x': 67, 'y': 62}, {'station_cd': 9950309, 'x': 70, 'y': 62}, {'station_cd': 9950310, 'x': 72, 'y': 64}]"
99504,静岡鉄道静岡清水線,"[(9950401, '新静岡'), (9950402, '日吉町'), (9950403, '音羽町'), (9950404, '春日町'), (9950405, '柚木'), (9950406, '長沼'), (9950407, '古庄'), (9950408, '県総合運動場'), (9950409, '県立美術館前'), (9950410, '草薙'), (9950411, '御門台'), (9950412, '狐ヶ崎'), (9950413, '桜橋'), (9950414, '入江岡'), (9950415, '新清水')]","391.706,315.329,401.706,325.329","[{'station_cd': 9950401, 'x': 51, 'y': 70}, {'station_cd': 9950402, 'x': 52, 'y': 70}, {'station_cd': 9950403, 'x': 53, 'y': 70}, {'station_cd': 9950404, 'x': 54, 'y': 70}, {'station_cd': 9950405, 'x': 56, 'y': 69}, {'station_cd': 9950406, 'x': 58, 'y': 66}, {'station_cd': 9950407, 'x': 59, 'y': 65}, {'station_cd': 9950408, 'x': 62, 'y': 65}, {'station_cd': 9950409, 'x': 64, 'y': 64}, {'station_cd': 9950410, 'x': 65, 'y': 62}, {'station_cd': 9950411, 'x': 68, 'y': 60}, {'station_cd': 9950412, 'x': 70, 'y': 59}, {'station_cd': 9950413, 'x': 74, 'y': 59}, {'station_cd': 9950414, 'x': 75, 'y': 58}, {'station_cd': 9950415, 'x': 77, 'y': 58}]"
99505,天竜浜名湖線,"[(9950501, '掛川'), (9950502, '掛川市役所前'), (9950503, '西掛川'), (9950504, '桜木'), (9950505, 'いこいの広場'), (9950506, '細谷'), (9950507, '原谷'), (9950508, '原田'), (9950509, '戸綿'), (9950510, '遠州森'), (9950539, '森町病院前'), (9950511, '円田'), (9950512, '遠江一宮'), (9950513, '敷地'), (9950514, '豊岡'), (9950515, '上野部'), (9950516, '天竜二俣'), (9950517, '二俣本町'), (9950518, '西鹿島'), (9950519, '岩水寺'), (9950520, '宮口'), (9950521, 'フルーツパーク'), (9950522, '都田'), (9950523, '常葉大学前'), (9950524, '金指'), (9950525, '岡地'), (9950526, '気賀'), (9950527, '西気賀'), (9950528, '寸座'), (9950529, '浜名湖佐久米'), (9950530, '東都筑'), (9950531, '都筑'), (9950532, '三ヶ日'), (9950533, '奥浜名湖'), (9950534, '尾奈'), (9950535, '知波田'), (9950538, '大森'), (9950536, 'アスモ前'), (9950537, '新所原')]","376.945,320.117,388.688,330.117","[{'station_cd': 9950501, 'x': 122, 'y': 74}, {'station_cd': 9950502, 'x': 119, 'y': 74}, {'station_cd': 9950503, 'x': 117, 'y': 73}, {'station_cd': 9950504, 'x': 113, 'y': 71}, {'station_cd': 9950505, 'x': 111, 'y': 68}, {'station_cd': 9950506, 'x': 110, 'y': 67}, {'station_cd': 9950507, 'x': 109, 'y': 62}, {'station_cd': 9950508, 'x': 109, 'y': 58}, {'station_cd': 9950509, 'x': 104, 'y': 55}, {'station_cd': 9950510, 'x': 102, 'y': 54}, {'station_cd': 9950539, 'x': 101, 'y': 56}, {'station_cd': 9950511, 'x': 99, 'y': 57}, {'station_cd': 9950512, 'x': 95, 'y': 58}, {'station_cd': 9950513, 'x': 89, 'y': 55}, {'station_cd': 9950514, 'x': 84, 'y': 51}, {'station_cd': 9950515, 'x': 82, 'y': 48}, {'station_cd': 9950516, 'x': 80, 'y': 44}, {'station_cd': 9950517, 'x': 78, 'y': 44}, {'station_cd': 9950518, 'x': 77, 'y': 48}, {'station_cd': 9950519, 'x': 74, 'y': 51}, {'station_cd': 9950520, 'x': 69, 'y': 53}, {'station_cd': 9950521, 'x': 60, 'y': 51}, {'station_cd': 9950522, 'x': 57, 'y': 52}, {'station_cd': 9950523, 'x': 55, 'y': 55}, {'station_cd': 9950524, 'x': 49, 'y': 55}, {'station_cd': 9950525, 'x': 46, 'y': 56}, {'station_cd': 9950526, 'x': 43, 'y': 58}, {'station_cd': 9950527, 'x': 36, 'y': 59}, {'station_cd': 9950528, 'x': 34, 'y': 62}, {'station_cd': 9950529, 'x': 31, 'y': 63}, {'station_cd': 9950530, 'x': 28, 'y': 62}, {'station_cd': 9950531, 'x': 26, 'y': 60}, {'station_cd': 9950532, 'x': 21, 'y': 58}, {'station_cd': 9950533, 'x': 20, 'y': 60}, {'station_cd': 9950534, 'x': 19, 'y': 63}, {'station_cd': 9950535, 'x': 12, 'y': 72}, {'station_cd': 9950538, 'x': 11, 'y': 77}, {'station_cd': 9950536, 'x': 8, 'y': 80}, {'station_cd': 9950537, 'x': 6, 'y': 81}]"
99506,遠州鉄道鉄道線,"[(9950601, '新浜松'), (9950602, '第一通り'), (9950603, '遠州病院'), (9950604, '八幡'), (9950605, '助信'), (9950606, '曳馬'), (9950607, '上島'), (9950608, '自動車学校前'), (9950609, 'さぎの宮'), (9950610, '積志'), (9950611, '遠州西ヶ崎'), (9950612, '遠州小松'), (9950613, '浜北'), (9950614, '美薗中央公園'), (9950615, '遠州小林'), (9950616, '遠州芝本'), (9950617, '遠州岩水寺'), (9950618, '西鹿島')]","378.220,320.598,388.220,330.598","[{'station_cd': 9950601, 'x': 54, 'y': 89}, {'station_cd': 9950602, 'x': 54, 'y': 87}, {'station_cd': 9950603, 'x': 54, 'y': 86}, {'station_cd': 9950604, 'x': 55, 'y': 84}, {'station_cd': 9950605, 'x': 56, 'y': 82}, {'station_cd': 9950606, 'x': 56, 'y': 78}, {'station_cd': 9950607, 'x': 57, 'y': 76}, {'station_cd': 9950608, 'x': 59, 'y': 74}, {'station_cd': 9950609, 'x': 61, 'y': 70}, {'station_cd': 9950610, 'x': 62, 'y': 66}, {'station_cd': 9950611, 'x': 65, 'y': 63}, {'station_cd': 9950612, 'x': 66, 'y': 61}, {'station_cd': 9950613, 'x': 68, 'y': 58}, {'station_cd': 9950614, 'x': 69, 'y': 56}, {'station_cd': 9950615, 'x': 71, 'y': 53}, {'station_cd': 9950616, 'x': 72, 'y': 47}, {'station_cd': 9950617, 'x': 72, 'y': 43}, {'station_cd': 9950618, 'x': 74, 'y': 39}]"
99507,大井川鐵道大井川本線,"[(9950701, '金谷'), (9950702, '新金谷'), (9950703, '代官町'), (9950704, '日切'), (9950705, '合格'), (9950720, '門出'), (9950706, '神尾'), (9950707, '福用'), (9950708, '大和田'), (9950709, '家山'), (9950710, '抜里'), (9950711, '川根温泉笹間渡'), (9950712, '地名'), (9950713, '塩郷'), (9950714, '下泉'), (9950715, '田野口'), (9950716, '駿河徳山'), (9950717, '青部'), (9950718, '崎平'), (9950719, '千頭')]","385.084,315.803,395.084,325.803","[{'station_cd': 9950701, 'x': 68, 'y': 116}, {'station_cd': 9950702, 'x': 71, 'y': 114}, {'station_cd': 9950703, 'x': 68, 'y': 110}, {'station_cd': 9950704, 'x': 67, 'y': 109}, {'station_cd': 9950705, 'x': 66, 'y': 107}, {'station_cd': 9950720, 'x': 66, 'y': 105}, {'station_cd': 9950706, 'x': 62, 'y': 93}, {'station_cd': 9950707, 'x': 59, 'y': 86}, {'station_cd': 9950708, 'x': 57, 'y': 79}, {'station_cd': 9950709, 'x': 56, 'y': 72}, {'station_cd': 9950710, 'x': 59, 'y': 67}, {'station_cd': 9950711, 'x': 58, 'y': 64}, {'station_cd': 9950712, 'x': 59, 'y': 56}, {'station_cd': 9950713, 'x': 60, 'y': 52}, {'station_cd': 9950714, 'x': 60, 'y': 43}, {'station_cd': 9950715, 'x': 61, 'y': 33}, {'station_cd': 9950716, 'x': 66, 'y': 25}, {'station_cd': 9950717, 'x': 67, 'y': 19}, {'station_cd': 9950718, 'x': 70, 'y': 19}, {'station_cd': 9950719, 'x': 72, 'y': 13}]"
99508,南アルプスあぷとライン,"[(9950801, '千頭'), (9950802, '川根両国'), (9950803, '沢間'), (9950804, '土本'), (9950805, '川根小山'), (9950806, '奥泉'), (9950807, 'アプトいちしろ'), (9950808, '長島ダム'), (9950809, 'ひらんだ'), (9950810, '奥大井湖上'), (9950811, '接岨峡温泉'), (9950812, '尾盛'), (9950813, '閑蔵'), (9950814, '井川')]","386.597,310.437,396.597,320.437","[{'station_cd': 9950801, 'x': 53, 'y': 82}, {'station_cd': 9950802, 'x': 54, 'y': 79}, {'station_cd': 9950803, 'x': 53, 'y': 76}, {'station_cd': 9950804, 'x': 54, 'y': 72}, {'station_cd': 9950805, 'x': 54, 'y': 70}, {'station_cd': 9950806, 'x': 56, 'y': 67}, {'station_cd': 9950807, 'x': 56, 'y': 61}, {'station_cd': 9950808, 'x': 59, 'y': 61}, {'station_cd': 9950809, 'x': 61, 'y': 62}, {'station_cd': 9950810, 'x': 65, 'y': 61}, {'station_cd': 9950811, 'x': 66, 'y': 57}, {'station_cd': 9950812, 'x': 63, 'y': 53}, {'station_cd': 9950813, 'x': 68, 'y': 53}, {'station_cd': 9950814, 'x': 76, 'y': 46}]"
99509,あおなみ線,"[(9950901, '名古屋'), (9950902, 'ささしまライブ'), (9950903, '小本'), (9950904, '荒子'), (9950905, '南荒子'), (9950906, '中島'), (9950907, '港北'), (9950908, '荒子川公園'), (9950909, '稲永'), (9950910, '野跡'), (9950911, '金城ふ頭')]","360.295,310.122,370.295,320.122","[{'station_cd': 9950901, 'x': 69, 'y': 43}, {'station_cd': 9950902, 'x': 69, 'y': 45}, {'station_cd': 9950903, 'x': 63, 'y': 50}, {'station_cd': 9950904, 'x': 63, 'y': 53}, {'station_cd': 9950905, 'x': 63, 'y': 56}, {'station_cd': 9950906, 'x': 63, 'y': 58}, {'station_cd': 9950907, 'x': 63, 'y': 62}, {'station_cd': 9950908, 'x': 63, 'y': 65}, {'station_cd': 9950909, 'x': 63, 'y': 70}, {'station_cd': 9950910, 'x': 61, 'y': 76}, {'station_cd': 9950911, 'x': 59, 'y': 85}]"
99510,東海交通事業城北線,"[(9951001, '枇杷島'), (9951002, '尾張星の宮'), (9951003, '小田井'), (9951004, '比良'), (9951005, '味美'), (9951006, '勝川')]","361.119,307.244,371.119,317.244","[{'station_cd': 9951001, 'x': 53, 'y': 69}, {'station_cd': 9951002, 'x': 51, 'y': 64}, {'station_cd': 9951003, 'x': 58, 'y': 61}, {'station_cd': 9951004, 'x': 64, 'y': 59}, {'station_cd': 9951005, 'x': 71, 'y': 59}, {'station_cd': 9951006, 'x': 77, 'y': 60}]"
99511,愛知環状鉄道線,"[(9951101, '岡崎'), (9951102, '六名'), (9951103, '中岡崎'), (9951104, '北岡崎'), (9951105, '大門'), (9951106, '北野桝塚'), (9951107, '三河上郷'), (9951108, '永覚'), (9951109, '末野原'), (9951110, '三河豊田'), (9951111, '新上挙母'), (9951112, '新豊田'), (9951113, '愛環梅坪'), (9951114, '四郷'), (9951115, '貝津'), (9951116, '保見'), (9951117, '篠原'), (9951118, '八草'), (9951119, '山口'), (9951120, '瀬戸口'), (9951121, '瀬戸市'), (9951122, '中水野'), (9951123, '高蔵寺')]","365.043,310.554,375.043,321.092","[{'station_cd': 9951101, 'x': 76, 'y': 122}, {'station_cd': 9951102, 'x': 75, 'y': 117}, {'station_cd': 9951103, 'x': 75, 'y': 112}, {'station_cd': 9951104, 'x': 76, 'y': 106}, {'station_cd': 9951105, 'x': 76, 'y': 103}, {'station_cd': 9951106, 'x': 72, 'y': 98}, {'station_cd': 9951107, 'x': 71, 'y': 92}, {'station_cd': 9951108, 'x': 72, 'y': 87}, {'station_cd': 9951109, 'x': 74, 'y': 83}, {'station_cd': 9951110, 'x': 75, 'y': 78}, {'station_cd': 9951111, 'x': 76, 'y': 73}, {'station_cd': 9951112, 'x': 76, 'y': 67}, {'station_cd': 9951113, 'x': 78, 'y': 61}, {'station_cd': 9951114, 'x': 79, 'y': 56}, {'station_cd': 9951115, 'x': 75, 'y': 52}, {'station_cd': 9951116, 'x': 72, 'y': 50}, {'station_cd': 9951117, 'x': 69, 'y': 44}, {'station_cd': 9951118, 'x': 65, 'y': 37}, {'station_cd': 9951119, 'x': 64, 'y': 29}, {'station_cd': 9951120, 'x': 60, 'y': 26}, {'station_cd': 9951121, 'x': 59, 'y': 19}, {'station_cd': 9951122, 'x': 57, 'y': 11}, {'station_cd': 9951123, 'x': 51, 'y': 6}]"
99512,リニモ,"[(9951201, '藤が丘'), (9951202, 'はなみずき通'), (9951203, '杁ヶ池公園'), (9951204, '長久手古戦場'), (9951205, '芸大通'), (9951206, '公園西'), (9951207, '愛・地球博記念公園'), (9951208, '陶磁資料館南'), (9951209, '八草')]","364.305,308.492,374.305,318.492","[{'station_cd': 9951201, 'x': 53, 'y': 61}, {'station_cd': 9951202, 'x': 57, 'y': 63}, {'station_cd': 9951203, 'x': 57, 'y': 65}, {'station_cd': 9951204, 'x': 60, 'y': 66}, {'station_cd': 9951205, 'x': 63, 'y': 66}, {'station_cd': 9951206, 'x': 67, 'y': 65}, {'station_cd': 9951207, 'x': 70, 'y': 64}, {'station_cd': 9951208, 'x': 72, 'y': 64}, {'station_cd': 9951209, 'x': 75, 'y': 65}]"
99513,名古屋市営地下鉄東山線,"[(9951301, '高畑'), (9951302, '八田'), (9951303, '岩塚'), (9951304, '中村公園'), (9951305, '中村日赤'), (9951306, '本陣'), (9951307, '亀島'), (9951308, '名古屋'), (9951309, '伏見'), (9951310, '栄'), (9951311, '新栄町'), (9951312, '千種'), (9951313, '今池'), (9951314, '池下'), (9951315, '覚王山'), (9951316, '本山'), (9951317, '東山公園'), (9951318, '星ヶ丘'), (9951319, '一社'), (9951320, '上社'), (9951321, '本郷'), (9951322, '藤が丘')]","361.759,308.770,371.759,318.770","[{'station_cd': 9951301, 'x': 42, 'y': 70}, {'station_cd': 9951302, 'x': 42, 'y': 67}, {'station_cd': 9951303, 'x': 43, 'y': 63}, {'station_cd': 9951304, 'x': 43, 'y': 60}, {'station_cd': 9951305, 'x': 45, 'y': 59}, {'station_cd': 9951306, 'x': 46, 'y': 57}, {'station_cd': 9951307, 'x': 49, 'y': 57}, {'station_cd': 9951308, 'x': 50, 'y': 59}, {'station_cd': 9951309, 'x': 54, 'y': 60}, {'station_cd': 9951310, 'x': 57, 'y': 60}, {'station_cd': 9951311, 'x': 60, 'y': 60}, {'station_cd': 9951312, 'x': 62, 'y': 60}, {'station_cd': 9951313, 'x': 64, 'y': 61}, {'station_cd': 9951314, 'x': 66, 'y': 62}, {'station_cd': 9951315, 'x': 68, 'y': 62}, {'station_cd': 9951316, 'x': 71, 'y': 63}, {'station_cd': 9951317, 'x': 73, 'y': 65}, {'station_cd': 9951318, 'x': 76, 'y': 64}, {'station_cd': 9951319, 'x': 79, 'y': 62}, {'station_cd': 9951320, 'x': 82, 'y': 61}, {'station_cd': 9951321, 'x': 84, 'y': 60}, {'station_cd': 9951322, 'x': 86, 'y': 58}]"
99514,名古屋市営地下鉄名城線,"[(9951401, 'ナゴヤドーム前矢田'), (9951402, '大曽根'), (9951403, '平安通'), (9951404, '志賀本通'), (9951405, '黒川'), (9951406, '名城公園'), (9951407, '名古屋城'), (9951408, '久屋大通'), (9951409, '栄'), (9951410, '矢場町'), (9951411, '上前津'), (9951412, '東別院'), (9951413, '金山'), (9951414, '西高蔵'), (9951415, '熱田神宮西'), (9951416, '熱田神宮伝馬町'), (9951417, '堀田'), (9951418, '妙音通'), (9951419, '新瑞橋'), (9951420, '瑞穂運動場東'), (9951421, '総合リハビリセンター'), (9951422, '八事'), (9951423, '八事日赤'), (9951424, '名古屋大学'), (9951425, '本山'), (9951426, '自由ヶ丘'), (9951427, '茶屋ヶ坂'), (9951428, '砂田橋')]","361.694,308.874,371.694,318.874","[{'station_cd': 9951401, 'x': 67, 'y': 52}, {'station_cd': 9951402, 'x': 65, 'y': 51}, {'station_cd': 9951403, 'x': 63, 'y': 50}, {'station_cd': 9951404, 'x': 61, 'y': 50}, {'station_cd': 9951405, 'x': 58, 'y': 49}, {'station_cd': 9951406, 'x': 57, 'y': 52}, {'station_cd': 9951407, 'x': 57, 'y': 55}, {'station_cd': 9951408, 'x': 57, 'y': 58}, {'station_cd': 9951409, 'x': 57, 'y': 59}, {'station_cd': 9951410, 'x': 58, 'y': 61}, {'station_cd': 9951411, 'x': 57, 'y': 63}, {'station_cd': 9951412, 'x': 56, 'y': 66}, {'station_cd': 9951413, 'x': 56, 'y': 68}, {'station_cd': 9951414, 'x': 56, 'y': 71}, {'station_cd': 9951415, 'x': 57, 'y': 74}, {'station_cd': 9951416, 'x': 58, 'y': 76}, {'station_cd': 9951417, 'x': 61, 'y': 78}, {'station_cd': 9951418, 'x': 63, 'y': 78}, {'station_cd': 9951419, 'x': 64, 'y': 78}, {'station_cd': 9951420, 'x': 67, 'y': 76}, {'station_cd': 9951421, 'x': 69, 'y': 74}, {'station_cd': 9951422, 'x': 72, 'y': 72}, {'station_cd': 9951423, 'x': 72, 'y': 69}, {'station_cd': 9951424, 'x': 72, 'y': 65}, {'station_cd': 9951425, 'x': 72, 'y': 62}, {'station_cd': 9951426, 'x': 72, 'y': 58}, {'station_cd': 9951427, 'x': 71, 'y': 55}, {'station_cd': 9951428, 'x': 69, 'y': 53}]"
99515,名古屋市営地下鉄名港線,"[(9951501, '金山'), (9951502, '日比野'), (9951503, '六番町'), (9951504, '東海通'), (9951505, '港区役所'), (9951506, '築地口'), (9951507, '名古屋港')]","360.823,309.886,370.823,319.886","[{'station_cd': 9951501, 'x': 67, 'y': 55}, {'station_cd': 9951502, 'x': 64, 'y': 59}, {'station_cd': 9951503, 'x': 63, 'y': 62}, {'station_cd': 9951504, 'x': 63, 'y': 66}, {'station_cd': 9951505, 'x': 62, 'y': 68}, {'station_cd': 9951506, 'x': 62, 'y': 71}, {'station_cd': 9951507, 'x': 61, 'y': 73}]"
99516,名古屋市営地下鉄鶴舞線,"[(9951601, '上小田井'), (9951602, '庄内緑地公園'), (9951603, '庄内通'), (9951604, '浄心'), (9951605, '浅間町'), (9951606, '丸の内'), (9951607, '伏見'), (9951608, '大須観音'), (9951609, '上前津'), (9951610, '鶴舞'), (9951611, '荒畑'), (9951612, '御器所'), (9951613, '川名'), (9951614, 'いりなか'), (9951615, '八事'), (9951616, '塩釜口'), (9951617, '植田'), (9951618, '原'), (9951619, '平針'), (9951620, '赤池')]","361.968,308.464,371.968,318.464","[{'station_cd': 9951601, 'x': 46, 'y': 45}, {'station_cd': 9951602, 'x': 49, 'y': 48}, {'station_cd': 9951603, 'x': 50, 'y': 52}, {'station_cd': 9951604, 'x': 50, 'y': 56}, {'station_cd': 9951605, 'x': 49, 'y': 59}, {'station_cd': 9951606, 'x': 51, 'y': 63}, {'station_cd': 9951607, 'x': 51, 'y': 64}, {'station_cd': 9951608, 'x': 51, 'y': 67}, {'station_cd': 9951609, 'x': 53, 'y': 69}, {'station_cd': 9951610, 'x': 56, 'y': 69}, {'station_cd': 9951611, 'x': 58, 'y': 72}, {'station_cd': 9951612, 'x': 60, 'y': 72}, {'station_cd': 9951613, 'x': 64, 'y': 72}, {'station_cd': 9951614, 'x': 66, 'y': 74}, {'station_cd': 9951615, 'x': 68, 'y': 77}, {'station_cd': 9951616, 'x': 71, 'y': 79}, {'station_cd': 9951617, 'x': 74, 'y': 80}, {'station_cd': 9951618, 'x': 76, 'y': 81}, {'station_cd': 9951619, 'x': 79, 'y': 83}, {'station_cd': 9951620, 'x': 82, 'y': 83}]"
99517,名古屋市営地下鉄桜通線,"[(9951701, '太閤通'), (9951702, '名古屋'), (9951703, '国際センター'), (9951704, '丸の内'), (9951705, '久屋大通'), (9951706, '高岳'), (9951707, '車道'), (9951708, '今池'), (9951709, '吹上'), (9951710, '御器所'), (9951711, '桜山'), (9951712, '瑞穂区役所'), (9951713, '瑞穂運動場西'), (9951714, '新瑞橋'), (9951715, '桜本町'), (9951716, '鶴里'), (9951717, '野並'), (9951718, '鳴子北'), (9951719, '相生山'), (9951720, '神沢'), (9951721, '徳重')]","361.710,309.505,371.710,319.505","[{'station_cd': 9951701, 'x': 48, 'y': 51}, {'station_cd': 9951702, 'x': 51, 'y': 50}, {'station_cd': 9951703, 'x': 52, 'y': 50}, {'station_cd': 9951704, 'x': 55, 'y': 50}, {'station_cd': 9951705, 'x': 57, 'y': 49}, {'station_cd': 9951706, 'x': 59, 'y': 50}, {'station_cd': 9951707, 'x': 63, 'y': 50}, {'station_cd': 9951708, 'x': 65, 'y': 51}, {'station_cd': 9951709, 'x': 64, 'y': 55}, {'station_cd': 9951710, 'x': 64, 'y': 59}, {'station_cd': 9951711, 'x': 63, 'y': 62}, {'station_cd': 9951712, 'x': 64, 'y': 65}, {'station_cd': 9951713, 'x': 64, 'y': 67}, {'station_cd': 9951714, 'x': 64, 'y': 70}, {'station_cd': 9951715, 'x': 64, 'y': 73}, {'station_cd': 9951716, 'x': 66, 'y': 74}, {'station_cd': 9951717, 'x': 69, 'y': 76}, {'station_cd': 9951718, 'x': 72, 'y': 76}, {'station_cd': 9951719, 'x': 74, 'y': 76}, {'station_cd': 9951720, 'x': 78, 'y': 78}, {'station_cd': 9951721, 'x': 80, 'y': 79}]"
99518,名古屋市営地下鉄上飯田線,"[(9951801, '平安通'), (9951802, '上飯田')]","361.628,307.673,371.628,317.673","[{'station_cd': 9951801, 'x': 64, 'y': 65}, {'station_cd': 9951802, 'x': 64, 'y': 63}]"
99519,ピーチライナー,"[(9951901, '小牧'), (9951902, '小牧原'), (9951903, '東田中'), (9951904, '上末'), (9951905, '桃花台西'), (9951906, '桃花台センター'), (9951907, '桃花台東')]","362.273,305.034,372.273,315.034","[{'station_cd': 9951901, 'x': 56, 'y': 66}, {'station_cd': 9951902, 'x': 58, 'y': 63}, {'station_cd': 9951903, 'x': 60, 'y': 62}, {'station_cd': 9951904, 'x': 64, 'y': 63}, {'station_cd': 9951905, 'x': 68, 'y': 62}, {'station_cd': 9951906, 'x': 70, 'y': 63}, {'station_cd': 9951907, 'x': 72, 'y': 65}]"
99520,豊橋鉄道渥美線,"[(9952001, '新豊橋'), (9952002, '柳生橋'), (9952003, '小池'), (9952004, '愛知大学前'), (9952005, '南栄'), (9952006, '高師'), (9952007, '芦原'), (9952008, '植田'), (9952009, '向ヶ丘'), (9952010, '大清水'), (9952011, '老津'), (9952012, '杉山'), (9952013, 'やぐま台'), (9952014, '豊島'), (9952015, '神戸'), (9952016, '三河田原')]","369.346,321.695,379.346,331.695","[{'station_cd': 9952001, 'x': 78, 'y': 48}, {'station_cd': 9952002, 'x': 80, 'y': 51}, {'station_cd': 9952003, 'x': 79, 'y': 53}, {'station_cd': 9952004, 'x': 79, 'y': 55}, {'station_cd': 9952005, 'x': 79, 'y': 57}, {'station_cd': 9952006, 'x': 78, 'y': 60}, {'station_cd': 9952007, 'x': 77, 'y': 63}, {'station_cd': 9952008, 'x': 75, 'y': 66}, {'station_cd': 9952009, 'x': 74, 'y': 68}, {'station_cd': 9952010, 'x': 72, 'y': 71}, {'station_cd': 9952011, 'x': 66, 'y': 72}, {'station_cd': 9952012, 'x': 62, 'y': 76}, {'station_cd': 9952013, 'x': 59, 'y': 78}, {'station_cd': 9952014, 'x': 55, 'y': 80}, {'station_cd': 9952015, 'x': 51, 'y': 80}, {'station_cd': 9952016, 'x': 48, 'y': 80}]"
99521,豊橋鉄道東田本線,"[(9952101, '駅前'), (9952102, '駅前大通'), (9952103, '新川'), (9952104, '札木'), (9952105, '市役所前'), (9952106, '豊橋公園前'), (9952107, '東八町'), (9952108, '前畑'), (9952109, '東田坂上'), (9952110, '東田'), (9952111, '競輪場前'), (9952112, '井原'), (9952113, '赤岩口'), (9952114, '運動公園前')]","370.930,320.454,380.930,330.454","[{'station_cd': 9952101, 'x': 58, 'y': 63}, {'station_cd': 9952102, 'x': 59, 'y': 64}, {'station_cd': 9952103, 'x': 60, 'y': 64}, {'station_cd': 9952104, 'x': 60, 'y': 63}, {'station_cd': 9952105, 'x': 60, 'y': 62}, {'station_cd': 9952106, 'x': 61, 'y': 62}, {'station_cd': 9952107, 'x': 62, 'y': 63}, {'station_cd': 9952108, 'x': 64, 'y': 63}, {'station_cd': 9952109, 'x': 65, 'y': 63}, {'station_cd': 9952110, 'x': 66, 'y': 63}, {'station_cd': 9952111, 'x': 67, 'y': 63}, {'station_cd': 9952112, 'x': 68, 'y': 64}, {'station_cd': 9952113, 'x': 70, 'y': 64}, {'station_cd': 9952114, 'x': 68, 'y': 66}]"
99522,豊橋鉄道運動公園前線,"[(9952201, '井原'), (9952202, '運動公園前')]","371.241,320.519,381.241,330.519","[{'station_cd': 9952201, 'x': 64, 'y': 63}, {'station_cd': 9952202, 'x': 64, 'y': 65}]"
99523,ゆとりーとライン,"[(9952301, '大曽根'), (9952302, 'ナゴヤドーム前矢田'), (9952303, '砂田橋'), (9952304, '守山'), (9952305, '金屋'), (9952306, '川宮'), (9952307, '川村'), (9952308, '白沢渓谷'), (9952309, '小幡緑地')]","362.240,307.605,372.240,317.605","[{'station_cd': 9952301, 'x': 58, 'y': 68}, {'station_cd': 9952302, 'x': 61, 'y': 69}, {'station_cd': 9952303, 'x': 62, 'y': 69}, {'station_cd': 9952304, 'x': 63, 'y': 66}, {'station_cd': 9952305, 'x': 63, 'y': 64}, {'station_cd': 9952306, 'x': 65, 'y': 62}, {'station_cd': 9952307, 'x': 66, 'y': 60}, {'station_cd': 9952308, 'x': 69, 'y': 60}, {'station_cd': 9952309, 'x': 70, 'y': 59}]"
99524,明知鉄道明知線,"[(9952401, '恵那'), (9952402, '東野'), (9952403, '飯沼'), (9952404, '阿木'), (9952405, '飯羽間'), (9952411, '極楽'), (9952406, '岩村'), (9952407, '花白温泉'), (9952408, '山岡'), (9952409, '野志'), (9952410, '明智')]","371.635,303.301,381.635,313.301","[{'station_cd': 9952401, 'x': 60, 'y': 37}, {'station_cd': 9952402, 'x': 66, 'y': 41}, {'station_cd': 9952403, 'x': 74, 'y': 51}, {'station_cd': 9952404, 'x': 73, 'y': 58}, {'station_cd': 9952405, 'x': 67, 'y': 62}, {'station_cd': 9952411, 'x': 66, 'y': 64}, {'station_cd': 9952406, 'x': 66, 'y': 68}, {'station_cd': 9952407, 'x': 59, 'y': 73}, {'station_cd': 9952408, 'x': 56, 'y': 74}, {'station_cd': 9952409, 'x': 55, 'y': 84}, {'station_cd': 9952410, 'x': 54, 'y': 90}]"
99525,長良川鉄道越美南線,"[(9952501, '美濃太田'), (9952502, '前平公園'), (9952503, '加茂野'), (9952504, '富加'), (9952505, '関富岡'), (9952506, '関口'), (9952507, 'せきてらす前'), (9952508, '関'), (9952509, '関市役所前'), (9952510, '関下有知'), (9952511, '松森'), (9952512, '美濃市'), (9952513, '梅山'), (9952514, '湯の洞温泉口'), (9952515, '洲原'), (9952516, '母野'), (9952517, '木尾'), (9952518, '八坂'), (9952519, 'みなみ子宝温泉'), (9952520, '大矢'), (9952521, '福野'), (9952522, '美並苅安'), (9952523, '赤池'), (9952524, '深戸'), (9952525, '相生'), (9952526, '郡上八幡'), (9952527, '自然園前'), (9952528, '山田'), (9952529, '徳永'), (9952530, '郡上大和'), (9952531, '万場'), (9952532, '上万場'), (9952533, '大中'), (9952534, '大島'), (9952535, '美濃白鳥'), (9952536, '白鳥高原'), (9952537, '白山長滝'), (9952538, '北濃')]","361.802,291.558,371.802,306.647","[{'station_cd': 9952501, 'x': 79, 'y': 122}, {'station_cd': 9952502, 'x': 76, 'y': 121}, {'station_cd': 9952503, 'x': 73, 'y': 118}, {'station_cd': 9952504, 'x': 71, 'y': 115}, {'station_cd': 9952505, 'x': 66, 'y': 114}, {'station_cd': 9952506, 'x': 64, 'y': 113}, {'station_cd': 9952507, 'x': 61, 'y': 112}, {'station_cd': 9952508, 'x': 61, 'y': 111}, {'station_cd': 9952509, 'x': 61, 'y': 108}, {'station_cd': 9952510, 'x': 61, 'y': 105}, {'station_cd': 9952511, 'x': 62, 'y': 102}, {'station_cd': 9952512, 'x': 62, 'y': 99}, {'station_cd': 9952513, 'x': 62, 'y': 97}, {'station_cd': 9952514, 'x': 65, 'y': 92}, {'station_cd': 9952515, 'x': 67, 'y': 88}, {'station_cd': 9952516, 'x': 67, 'y': 85}, {'station_cd': 9952517, 'x': 66, 'y': 83}, {'station_cd': 9952518, 'x': 67, 'y': 80}, {'station_cd': 9952519, 'x': 68, 'y': 79}, {'station_cd': 9952520, 'x': 68, 'y': 76}, {'station_cd': 9952521, 'x': 68, 'y': 74}, {'station_cd': 9952522, 'x': 69, 'y': 71}, {'station_cd': 9952523, 'x': 70, 'y': 68}, {'station_cd': 9952524, 'x': 70, 'y': 65}, {'station_cd': 9952525, 'x': 69, 'y': 58}, {'station_cd': 9952526, 'x': 68, 'y': 51}, {'station_cd': 9952527, 'x': 66, 'y': 45}, {'station_cd': 9952528, 'x': 62, 'y': 40}, {'station_cd': 9952529, 'x': 61, 'y': 36}, {'station_cd': 9952530, 'x': 60, 'y': 34}, {'station_cd': 9952531, 'x': 58, 'y': 29}, {'station_cd': 9952532, 'x': 57, 'y': 27}, {'station_cd': 9952533, 'x': 55, 'y': 24}, {'station_cd': 9952534, 'x': 54, 'y': 21}, {'station_cd': 9952535, 'x': 54, 'y': 17}, {'station_cd': 9952536, 'x': 51, 'y': 10}, {'station_cd': 9952537, 'x': 49, 'y': 8}, {'station_cd': 9952538, 'x': 49, 'y': 6}]"
99526,樽見鉄道樽見線,"[(9952601, '大垣'), (9952602, '東大垣'), (9952603, '横屋'), (9952604, '十九条'), (9952605, '美江寺'), (9952606, '北方真桑'), (9952607, 'モレラ岐阜'), (9952608, '糸貫'), (9952609, '本巣'), (9952610, '織部'), (9952611, '木知原'), (9952612, '谷汲口'), (9952613, '神海'), (9952614, '高科'), (9952615, '鍋原'), (9952616, '日当'), (9952617, '高尾'), (9952618, '水鳥'), (9952619, '樽見')]","356.098,298.921,366.098,308.921","[{'station_cd': 9952601, 'x': 56, 'y': 111}, {'station_cd': 9952602, 'x': 64, 'y': 109}, {'station_cd': 9952603, 'x': 67, 'y': 105}, {'station_cd': 9952604, 'x': 67, 'y': 102}, {'station_cd': 9952605, 'x': 68, 'y': 95}, {'station_cd': 9952606, 'x': 71, 'y': 86}, {'station_cd': 9952607, 'x': 70, 'y': 81}, {'station_cd': 9952608, 'x': 70, 'y': 78}, {'station_cd': 9952609, 'x': 70, 'y': 69}, {'station_cd': 9952610, 'x': 70, 'y': 65}, {'station_cd': 9952611, 'x': 65, 'y': 58}, {'station_cd': 9952612, 'x': 63, 'y': 55}, {'station_cd': 9952613, 'x': 63, 'y': 49}, {'station_cd': 9952614, 'x': 63, 'y': 45}, {'station_cd': 9952615, 'x': 62, 'y': 41}, {'station_cd': 9952616, 'x': 61, 'y': 35}, {'station_cd': 9952617, 'x': 60, 'y': 28}, {'station_cd': 9952618, 'x': 59, 'y': 22}, {'station_cd': 9952619, 'x': 57, 'y': 16}]"
99528,三岐鉄道三岐線,"[(9952801, '近鉄富田'), (9952802, '大矢知'), (9952803, '平津'), (9952804, '暁学園前'), (9952805, '山城'), (9952806, '保々'), (9952807, '北勢中央公園口'), (9952808, '梅戸井'), (9952809, '大安'), (9952810, '三里'), (9952811, '丹生川'), (9952812, '伊勢治田'), (9952813, '東藤原'), (9952814, '西野尻'), (9952815, '西藤原')]","354.237,310.287,364.237,320.287","[{'station_cd': 9952801, 'x': 85, 'y': 95}, {'station_cd': 9952802, 'x': 81, 'y': 89}, {'station_cd': 9952803, 'x': 78, 'y': 86}, {'station_cd': 9952804, 'x': 74, 'y': 85}, {'station_cd': 9952805, 'x': 70, 'y': 83}, {'station_cd': 9952806, 'x': 64, 'y': 79}, {'station_cd': 9952807, 'x': 64, 'y': 74}, {'station_cd': 9952808, 'x': 62, 'y': 69}, {'station_cd': 9952809, 'x': 59, 'y': 62}, {'station_cd': 9952810, 'x': 58, 'y': 57}, {'station_cd': 9952811, 'x': 53, 'y': 51}, {'station_cd': 9952812, 'x': 52, 'y': 47}, {'station_cd': 9952813, 'x': 48, 'y': 42}, {'station_cd': 9952814, 'x': 45, 'y': 36}, {'station_cd': 9952815, 'x': 43, 'y': 33}]"
99529,三岐鉄道北勢線,"[(9952901, '西桑名'), (9952902, '馬道'), (9952903, '西別所'), (9952904, '蓮花寺'), (9952905, '在良'), (9952906, '星川'), (9952907, '七和'), (9952908, '穴太'), (9952909, '東員'), (9952910, '大泉'), (9952911, '楚原'), (9952912, '麻生田'), (9952913, '阿下喜')]","354.999,309.934,364.999,319.934","[{'station_cd': 9952901, 'x': 85, 'y': 79}, {'station_cd': 9952902, 'x': 83, 'y': 80}, {'station_cd': 9952903, 'x': 80, 'y': 80}, {'station_cd': 9952904, 'x': 77, 'y': 80}, {'station_cd': 9952905, 'x': 75, 'y': 80}, {'station_cd': 9952906, 'x': 71, 'y': 78}, {'station_cd': 9952907, 'x': 67, 'y': 76}, {'station_cd': 9952908, 'x': 65, 'y': 75}, {'station_cd': 9952909, 'x': 60, 'y': 73}, {'station_cd': 9952910, 'x': 56, 'y': 66}, {'station_cd': 9952911, 'x': 54, 'y': 60}, {'station_cd': 9952912, 'x': 47, 'y': 52}, {'station_cd': 9952913, 'x': 43, 'y': 47}]"
99530,伊勢鉄道伊勢線,"[(9953001, '河原田'), (9953002, '鈴鹿'), (9953003, '玉垣'), (9953004, '鈴鹿サーキット稲生'), (9953005, '徳田'), (9953006, '中瀬古'), (9953007, '伊勢上野'), (9953008, '河芸'), (9953009, '東一身田'), (9953010, '津')]","353.904,317.669,363.904,327.669","[{'station_cd': 9953001, 'x': 76, 'y': 33}, {'station_cd': 9953002, 'x': 73, 'y': 45}, {'station_cd': 9953003, 'x': 68, 'y': 53}, {'station_cd': 9953004, 'x': 64, 'y': 57}, {'station_cd': 9953005, 'x': 61, 'y': 62}, {'station_cd': 9953006, 'x': 61, 'y': 67}, {'station_cd': 9953007, 'x': 61, 'y': 72}, {'station_cd': 9953008, 'x': 58, 'y': 78}, {'station_cd': 9953009, 'x': 53, 'y': 86}, {'station_cd': 9953010, 'x': 52, 'y': 95}]"
99531,伊賀鉄道伊賀線,"[(9953101, '伊賀上野'), (9953102, '新居'), (9953103, '西大手'), (9953104, '上野市'), (9953105, '広小路'), (9953106, '茅町'), (9953107, '桑町'), (9953115, '四十九'), (9953108, '猪田道'), (9953109, '市部'), (9953110, '依那古'), (9953111, '丸山'), (9953112, '上林'), (9953113, '比土'), (9953114, '伊賀神戸')]","345.521,319.651,355.521,329.651","[{'station_cd': 9953101, 'x': 60, 'y': 43}, {'station_cd': 9953102, 'x': 59, 'y': 44}, {'station_cd': 9953103, 'x': 61, 'y': 51}, {'station_cd': 9953104, 'x': 62, 'y': 51}, {'station_cd': 9953105, 'x': 63, 'y': 51}, {'station_cd': 9953106, 'x': 63, 'y': 53}, {'station_cd': 9953107, 'x': 64, 'y': 56}, {'station_cd': 9953115, 'x': 64, 'y': 58}, {'station_cd': 9953108, 'x': 64, 'y': 63}, {'station_cd': 9953109, 'x': 67, 'y': 66}, {'station_cd': 9953110, 'x': 68, 'y': 70}, {'station_cd': 9953111, 'x': 69, 'y': 74}, {'station_cd': 9953112, 'x': 70, 'y': 77}, {'station_cd': 9953113, 'x': 69, 'y': 84}, {'station_cd': 9953114, 'x': 67, 'y': 85}]"
99532,養老鉄道養老線,"[(9953201, '桑名'), (9953202, '播磨'), (9953203, '下深谷'), (9953204, '下野代'), (9953205, '多度'), (9953206, '美濃松山'), (9953207, '石津'), (9953208, '美濃山崎'), (9953209, '駒野'), (9953210, '美濃津屋'), (9953211, '養老'), (9953212, '美濃高田'), (9953213, '烏江'), (9953214, '大外羽'), (9953215, '友江'), (9953216, '美濃青柳'), (9953217, '西大垣'), (9953218, '大垣'), (9953219, '室'), (9953220, '北大垣'), (9953221, '東赤坂'), (9953222, '広神戸'), (9953223, '北神戸'), (9953224, '池野'), (9953225, '北池野'), (9953226, '美濃本郷'), (9953227, '揖斐')]","355.467,304.092,365.467,316.597","[{'station_cd': 9953201, 'x': 76, 'y': 122}, {'station_cd': 9953202, 'x': 74, 'y': 119}, {'station_cd': 9953203, 'x': 72, 'y': 114}, {'station_cd': 9953204, 'x': 69, 'y': 108}, {'station_cd': 9953205, 'x': 67, 'y': 103}, {'station_cd': 9953206, 'x': 66, 'y': 95}, {'station_cd': 9953207, 'x': 65, 'y': 89}, {'station_cd': 9953208, 'x': 64, 'y': 84}, {'station_cd': 9953209, 'x': 60, 'y': 77}, {'station_cd': 9953210, 'x': 53, 'y': 68}, {'station_cd': 9953211, 'x': 51, 'y': 58}, {'station_cd': 9953212, 'x': 53, 'y': 52}, {'station_cd': 9953213, 'x': 59, 'y': 53}, {'station_cd': 9953214, 'x': 60, 'y': 51}, {'station_cd': 9953215, 'x': 60, 'y': 47}, {'station_cd': 9953216, 'x': 61, 'y': 43}, {'station_cd': 9953217, 'x': 61, 'y': 38}, {'station_cd': 9953218, 'x': 64, 'y': 36}, {'station_cd': 9953219, 'x': 62, 'y': 36}, {'station_cd': 9953220, 'x': 61, 'y': 33}, {'station_cd': 9953221, 'x': 61, 'y': 28}, {'station_cd': 9953222, 'x': 61, 'y': 21}, {'station_cd': 9953223, 'x': 60, 'y': 18}, {'station_cd': 9953224, 'x': 56, 'y': 16}, {'station_cd': 9953225, 'x': 55, 'y': 14}, {'station_cd': 9953226, 'x': 55, 'y': 12}, {'station_cd': 9953227, 'x': 55, 'y': 6}]"
99601,近江鉄道本線,"[(9960101, '米原'), (9960102, 'フジテック前'), (9960103, '鳥居本'), (9960104, '彦根'), (9960125, 'ひこね芹川'), (9960105, '彦根口'), (9960106, '高宮'), (9960107, '尼子'), (9960108, '豊郷'), (9960109, '愛知川'), (9960110, '五箇荘'), (9960111, '河辺の森'), (9960112, '八日市'), (9960113, '長谷野'), (9960114, '大学前'), (9960115, '京セラ前'), (9960116, '桜川'), (9960117, '朝日大塚'), (9960118, '朝日野'), (9960119, '日野'), (9960120, '水口松尾'), (9960121, '水口'), (9960122, '水口石橋'), (9960123, '水口城南'), (9960124, '貴生川')]","347.429,307.943,357.429,319.218","[{'station_cd': 9960101, 'x': 81, 'y': 8}, {'station_cd': 9960102, 'x': 79, 'y': 14}, {'station_cd': 9960103, 'x': 79, 'y': 17}, {'station_cd': 9960104, 'x': 74, 'y': 21}, {'station_cd': 9960125, 'x': 74, 'y': 24}, {'station_cd': 9960105, 'x': 73, 'y': 26}, {'station_cd': 9960106, 'x': 73, 'y': 32}, {'station_cd': 9960107, 'x': 70, 'y': 39}, {'station_cd': 9960108, 'x': 66, 'y': 44}, {'station_cd': 9960109, 'x': 62, 'y': 50}, {'station_cd': 9960110, 'x': 58, 'y': 57}, {'station_cd': 9960111, 'x': 58, 'y': 63}, {'station_cd': 9960112, 'x': 58, 'y': 70}, {'station_cd': 9960113, 'x': 56, 'y': 75}, {'station_cd': 9960114, 'x': 55, 'y': 78}, {'station_cd': 9960115, 'x': 54, 'y': 82}, {'station_cd': 9960116, 'x': 56, 'y': 85}, {'station_cd': 9960117, 'x': 57, 'y': 90}, {'station_cd': 9960118, 'x': 60, 'y': 96}, {'station_cd': 9960119, 'x': 63, 'y': 102}, {'station_cd': 9960120, 'x': 55, 'y': 112}, {'station_cd': 9960121, 'x': 53, 'y': 114}, {'station_cd': 9960122, 'x': 51, 'y': 115}, {'station_cd': 9960123, 'x': 50, 'y': 115}, {'station_cd': 9960124, 'x': 47, 'y': 120}]"
99602,近江鉄道多賀線,"[(9960201, '高宮'), (9960203, 'スクリーン'), (9960202, '多賀大社前')]","348.481,305.927,358.481,315.927","[{'station_cd': 9960201, 'x': 61, 'y': 62}, {'station_cd': 9960203, 'x': 63, 'y': 63}, {'station_cd': 9960202, 'x': 67, 'y': 66}]"
99603,近江鉄道八日市線,"[(9960301, '八日市'), (9960302, '新八日市'), (9960303, '太郎坊宮前'), (9960304, '市辺'), (9960305, '平田'), (9960306, '武佐'), (9960307, '近江八幡')]","345.940,309.050,355.940,319.050","[{'station_cd': 9960301, 'x': 76, 'y': 64}, {'station_cd': 9960302, 'x': 75, 'y': 66}, {'station_cd': 9960303, 'x': 73, 'y': 66}, {'station_cd': 9960304, 'x': 68, 'y': 68}, {'station_cd': 9960305, 'x': 63, 'y': 65}, {'station_cd': 9960306, 'x': 59, 'y': 63}, {'station_cd': 9960307, 'x': 52, 'y': 60}]"
99604,信楽高原鐵道信楽線,"[(9960401, '貴生川'), (9960402, '紫香楽宮跡'), (9960403, '雲井'), (9960404, '勅旨'), (9960405, '玉桂寺前'), (9960406, '信楽')]","345.006,314.515,355.006,324.515","[{'station_cd': 9960401, 'x': 76, 'y': 51}, {'station_cd': 9960402, 'x': 59, 'y': 63}, {'station_cd': 9960403, 'x': 58, 'y': 65}, {'station_cd': 9960404, 'x': 55, 'y': 71}, {'station_cd': 9960405, 'x': 54, 'y': 74}, {'station_cd': 9960406, 'x': 52, 'y': 77}]"
99605,嵯峨野観光線,"[(9960501, 'トロッコ嵯峨'), (9960502, 'トロッコ嵐山'), (9960503, 'トロッコ保津峡'), (9960504, 'トロッコ亀岡')]","335.775,310.979,345.775,320.979","[{'station_cd': 9960501, 'x': 73, 'y': 65}, {'station_cd': 9960502, 'x': 71, 'y': 65}, {'station_cd': 9960503, 'x': 65, 'y': 62}, {'station_cd': 9960504, 'x': 54, 'y': 66}]"
99606,叡山電鉄叡山本線,"[(9960601, '出町柳'), (9960602, '元田中'), (9960603, '茶山・京都芸術大学'), (9960604, '一乗寺'), (9960605, '修学院'), (9960606, '宝ヶ池'), (9960607, '三宅八幡'), (9960608, '八瀬比叡山口')]","338.738,310.390,348.738,320.390","[{'station_cd': 9960601, 'x': 59, 'y': 70}, {'station_cd': 9960602, 'x': 61, 'y': 68}, {'station_cd': 9960603, 'x': 62, 'y': 67}, {'station_cd': 9960604, 'x': 63, 'y': 65}, {'station_cd': 9960605, 'x': 64, 'y': 63}, {'station_cd': 9960606, 'x': 64, 'y': 60}, {'station_cd': 9960607, 'x': 65, 'y': 59}, {'station_cd': 9960608, 'x': 69, 'y': 58}]"
99607,叡山電鉄鞍馬線,"[(9960701, '宝ヶ池'), (9960702, '八幡前'), (9960703, '岩倉'), (9960704, '木野'), (9960705, '京都精華大前'), (9960706, '二軒茶屋'), (9960707, '市原'), (9960708, '二ノ瀬'), (9960709, '貴船口'), (9960710, '鞍馬')]","338.495,309.325,348.495,319.325","[{'station_cd': 9960701, 'x': 68, 'y': 74}, {'station_cd': 9960702, 'x': 68, 'y': 71}, {'station_cd': 9960703, 'x': 66, 'y': 69}, {'station_cd': 9960704, 'x': 64, 'y': 69}, {'station_cd': 9960705, 'x': 62, 'y': 68}, {'station_cd': 9960706, 'x': 61, 'y': 67}, {'station_cd': 9960707, 'x': 60, 'y': 63}, {'station_cd': 9960708, 'x': 60, 'y': 59}, {'station_cd': 9960709, 'x': 61, 'y': 57}, {'station_cd': 9960710, 'x': 63, 'y': 54}]"
99608,宮福線,"[(9960801, '福知山'), (9960802, '福知山市民病院口'), (9960803, '荒河かしの木台'), (9960804, '牧'), (9960805, '下天津'), (9960806, '公庄'), (9960807, '大江'), (9960808, '大江高校前'), (9960809, '二俣'), (9960810, '大江山口内宮'), (9960811, '辛皮'), (9960812, '喜多'), (9960813, '宮村'), (9960814, '宮津')]","326.128,299.315,336.128,309.315","[{'station_cd': 9960801, 'x': 55, 'y': 106}, {'station_cd': 9960802, 'x': 52, 'y': 102}, {'station_cd': 9960803, 'x': 52, 'y': 98}, {'station_cd': 9960804, 'x': 51, 'y': 91}, {'station_cd': 9960805, 'x': 54, 'y': 83}, {'station_cd': 9960806, 'x': 58, 'y': 79}, {'station_cd': 9960807, 'x': 63, 'y': 74}, {'station_cd': 9960808, 'x': 64, 'y': 71}, {'station_cd': 9960809, 'x': 65, 'y': 65}, {'station_cd': 9960810, 'x': 66, 'y': 58}, {'station_cd': 9960811, 'x': 70, 'y': 48}, {'station_cd': 9960812, 'x': 74, 'y': 31}, {'station_cd': 9960813, 'x': 75, 'y': 26}, {'station_cd': 9960814, 'x': 77, 'y': 23}]"
99609,宮豊線,"[(9960907, '宮津'), (9960908, '天橋立'), (9960909, '岩滝口'), (9960910, '与謝野'), (9960911, '京丹後大宮'), (9960912, '峰山'), (9960913, '網野'), (9960914, '夕日ヶ浦木津温泉'), (9960915, '小天橋'), (9960916, 'かぶと山'), (9960917, '久美浜'), (9960918, 'コウノトリの郷'), (9960919, '豊岡')]","323.346,293.975,333.346,303.975","[{'station_cd': 9960907, 'x': 113, 'y': 91}, {'station_cd': 9960908, 'x': 109, 'y': 82}, {'station_cd': 9960909, 'x': 101, 'y': 84}, {'station_cd': 9960910, 'x': 94, 'y': 86}, {'station_cd': 9960911, 'x': 86, 'y': 73}, {'station_cd': 9960912, 'x': 81, 'y': 56}, {'station_cd': 9960913, 'x': 69, 'y': 41}, {'station_cd': 9960914, 'x': 56, 'y': 46}, {'station_cd': 9960915, 'x': 44, 'y': 52}, {'station_cd': 9960916, 'x': 42, 'y': 60}, {'station_cd': 9960917, 'x': 35, 'y': 62}, {'station_cd': 9960918, 'x': 20, 'y': 78}, {'station_cd': 9960919, 'x': 14, 'y': 81}]"
99610,京都市営地下鉄烏丸線,"[(9961001, '国際会館'), (9961002, '松ヶ崎'), (9961003, '北山'), (9961004, '北大路'), (9961005, '鞍馬口'), (9961006, '今出川'), (9961007, '丸太町'), (9961008, '烏丸御池'), (9961009, '四条'), (9961010, '五条'), (9961011, '京都'), (9961012, '九条'), (9961013, '十条'), (9961014, 'くいな橋'), (9961015, '竹田')]","338.311,311.419,348.311,321.419","[{'station_cd': 9961001, 'x': 68, 'y': 45}, {'station_cd': 9961002, 'x': 66, 'y': 49}, {'station_cd': 9961003, 'x': 63, 'y': 49}, {'station_cd': 9961004, 'x': 61, 'y': 51}, {'station_cd': 9961005, 'x': 61, 'y': 54}, {'station_cd': 9961006, 'x': 61, 'y': 57}, {'station_cd': 9961007, 'x': 61, 'y': 61}, {'station_cd': 9961008, 'x': 61, 'y': 64}, {'station_cd': 9961009, 'x': 61, 'y': 66}, {'station_cd': 9961010, 'x': 61, 'y': 69}, {'station_cd': 9961011, 'x': 61, 'y': 72}, {'station_cd': 9961012, 'x': 61, 'y': 75}, {'station_cd': 9961013, 'x': 61, 'y': 77}, {'station_cd': 9961014, 'x': 60, 'y': 81}, {'station_cd': 9961015, 'x': 60, 'y': 83}]"
99611,京都市営地下鉄東西線,"[(9961101, '六地蔵'), (9961102, '石田'), (9961103, '醍醐'), (9961104, '小野'), (9961105, '椥辻'), (9961106, '東野'), (9961107, '山科'), (9961108, '御陵'), (9961109, '蹴上'), (9961110, '東山'), (9961111, '三条京阪'), (9961112, '京都市役所前'), (9961113, '烏丸御池'), (9961114, '二条城前'), (9961115, '二条'), (9961116, '西大路御池'), (9961117, '太秦天神川')]","338.212,312.435,348.212,322.435","[{'station_cd': 9961101, 'x': 71, 'y': 78}, {'station_cd': 9961102, 'x': 73, 'y': 76}, {'station_cd': 9961103, 'x': 75, 'y': 73}, {'station_cd': 9961104, 'x': 76, 'y': 69}, {'station_cd': 9961105, 'x': 76, 'y': 65}, {'station_cd': 9961106, 'x': 77, 'y': 62}, {'station_cd': 9961107, 'x': 77, 'y': 58}, {'station_cd': 9961108, 'x': 73, 'y': 56}, {'station_cd': 9961109, 'x': 70, 'y': 52}, {'station_cd': 9961110, 'x': 68, 'y': 51}, {'station_cd': 9961111, 'x': 66, 'y': 51}, {'station_cd': 9961112, 'x': 65, 'y': 51}, {'station_cd': 9961113, 'x': 62, 'y': 51}, {'station_cd': 9961114, 'x': 60, 'y': 50}, {'station_cd': 9961115, 'x': 58, 'y': 50}, {'station_cd': 9961116, 'x': 55, 'y': 50}, {'station_cd': 9961117, 'x': 51, 'y': 50}]"
99612,京福電鉄嵐山本線,"[(9961201, '四条大宮'), (9961202, '西院'), (9961203, '西大路三条'), (9961204, '山ノ内'), (9961213, '嵐電天神川'), (9961205, '蚕ノ社'), (9961206, '太秦広隆寺'), (9961207, '帷子ノ辻'), (9961208, '有栖川'), (9961209, '車折神社'), (9961210, '鹿王院'), (9961211, '嵐電嵯峨'), (9961212, '嵐山')]","337.157,311.336,347.157,321.336","[{'station_cd': 9961201, 'x': 73, 'y': 67}, {'station_cd': 9961202, 'x': 69, 'y': 67}, {'station_cd': 9961203, 'x': 69, 'y': 65}, {'station_cd': 9961204, 'x': 67, 'y': 65}, {'station_cd': 9961213, 'x': 65, 'y': 64}, {'station_cd': 9961205, 'x': 64, 'y': 63}, {'station_cd': 9961206, 'x': 63, 'y': 63}, {'station_cd': 9961207, 'x': 61, 'y': 62}, {'station_cd': 9961208, 'x': 59, 'y': 62}, {'station_cd': 9961209, 'x': 58, 'y': 61}, {'station_cd': 9961210, 'x': 57, 'y': 61}, {'station_cd': 9961211, 'x': 56, 'y': 61}, {'station_cd': 9961212, 'x': 55, 'y': 62}]"
99613,京福電鉄北野線,"[(9961301, '帷子ノ辻'), (9961310, '撮影所前'), (9961302, '常盤'), (9961303, '鳴滝'), (9961304, '宇多野'), (9961305, '御室仁和寺'), (9961306, '妙心寺'), (9961307, '龍安寺'), (9961308, '等持院・立命館大学衣笠キャンパス前'), (9961309, '北野白梅町')]","337.214,311.023,347.214,321.023","[{'station_cd': 9961301, 'x': 60, 'y': 66}, {'station_cd': 9961310, 'x': 61, 'y': 66}, {'station_cd': 9961302, 'x': 61, 'y': 64}, {'station_cd': 9961303, 'x': 62, 'y': 63}, {'station_cd': 9961304, 'x': 63, 'y': 62}, {'station_cd': 9961305, 'x': 64, 'y': 62}, {'station_cd': 9961306, 'x': 65, 'y': 62}, {'station_cd': 9961307, 'x': 66, 'y': 62}, {'station_cd': 9961308, 'x': 66, 'y': 62}, {'station_cd': 9961309, 'x': 68, 'y': 62}]"
99614,北大阪急行電鉄,"[(9961406, '箕面萱野'), (9961405, '箕面船場阪大前'), (9961401, '千里中央'), (9961402, '桃山台'), (9961403, '緑地公園'), (9961404, '江坂')]","332.633,317.019,342.633,327.019","[{'station_cd': 9961406, 'x': 63, 'y': 51}, {'station_cd': 9961405, 'x': 63, 'y': 55}, {'station_cd': 9961401, 'x': 65, 'y': 59}, {'station_cd': 9961402, 'x': 65, 'y': 65}, {'station_cd': 9961403, 'x': 64, 'y': 71}, {'station_cd': 9961404, 'x': 65, 'y': 77}]"
99615,能勢電鉄妙見線,"[(9961501, '川西能勢口'), (9961502, '絹延橋'), (9961503, '滝山'), (9961504, '鶯の森'), (9961505, '鼓滝'), (9961506, '多田'), (9961507, '平野'), (9961508, '一の鳥居'), (9961509, '畦野'), (9961510, '山下'), (9961511, '笹部'), (9961512, '光風台'), (9961513, 'ときわ台'), (9961514, '妙見口')]","331.378,314.865,341.378,324.865","[{'station_cd': 9961501, 'x': 60, 'y': 79}, {'station_cd': 9961502, 'x': 62, 'y': 76}, {'station_cd': 9961503, 'x': 62, 'y': 73}, {'station_cd': 9961504, 'x': 61, 'y': 72}, {'station_cd': 9961505, 'x': 61, 'y': 69}, {'station_cd': 9961506, 'x': 61, 'y': 67}, {'station_cd': 9961507, 'x': 61, 'y': 64}, {'station_cd': 9961508, 'x': 62, 'y': 60}, {'station_cd': 9961509, 'x': 61, 'y': 58}, {'station_cd': 9961510, 'x': 60, 'y': 55}, {'station_cd': 9961511, 'x': 61, 'y': 55}, {'station_cd': 9961512, 'x': 65, 'y': 53}, {'station_cd': 9961513, 'x': 67, 'y': 51}, {'station_cd': 9961514, 'x': 68, 'y': 49}]"
99616,泉北線,"[(9961601, '中百舌鳥'), (9961602, '深井'), (9961603, '泉ヶ丘'), (9961604, '栂・美木多'), (9961605, '光明池'), (9961606, '和泉中央')]","332.284,324.971,342.284,334.971","[{'station_cd': 9961601, 'x': 70, 'y': 47}, {'station_cd': 9961602, 'x': 68, 'y': 57}, {'station_cd': 9961603, 'x': 71, 'y': 69}, {'station_cd': 9961604, 'x': 65, 'y': 73}, {'station_cd': 9961605, 'x': 62, 'y': 76}, {'station_cd': 9961606, 'x': 57, 'y': 80}]"
99617,水間鉄道水間線,"[(9961701, '貝塚'), (9961702, '貝塚市役所前'), (9961703, '近義の里'), (9961704, '石才'), (9961705, '清児'), (9961706, '名越'), (9961707, '森'), (9961708, '三ツ松'), (9961709, '三ヶ山口'), (9961710, '水間観音')]","329.992,327.165,339.992,337.165","[{'station_cd': 9961701, 'x': 61, 'y': 56}, {'station_cd': 9961702, 'x': 61, 'y': 58}, {'station_cd': 9961703, 'x': 62, 'y': 59}, {'station_cd': 9961704, 'x': 63, 'y': 62}, {'station_cd': 9961705, 'x': 64, 'y': 64}, {'station_cd': 9961706, 'x': 65, 'y': 65}, {'station_cd': 9961707, 'x': 67, 'y': 68}, {'station_cd': 9961708, 'x': 67, 'y': 69}, {'station_cd': 9961709, 'x': 67, 'y': 70}, {'station_cd': 9961710, 'x': 67, 'y': 72}]"
99618,大阪メトロ御堂筋線,"[(9961801, '江坂'), (9961802, '東三国'), (9961803, '新大阪'), (9961804, '西中島南方'), (9961805, '中津'), (9961806, '梅田'), (9961807, '淀屋橋'), (9961808, '本町'), (9961809, '心斎橋'), (9961810, 'なんば'), (9961811, '大国町'), (9961812, '動物園前'), (9961813, '天王寺'), (9961814, '昭和町'), (9961815, '西田辺'), (9961816, '長居'), (9961817, 'あびこ'), (9961818, '北花田'), (9961819, '新金岡'), (9961820, 'なかもず')]","332.831,320.868,342.831,330.868","[{'station_cd': 9961801, 'x': 62, 'y': 28}, {'station_cd': 9961802, 'x': 62, 'y': 34}, {'station_cd': 9961803, 'x': 62, 'y': 37}, {'station_cd': 9961804, 'x': 62, 'y': 39}, {'station_cd': 9961805, 'x': 62, 'y': 45}, {'station_cd': 9961806, 'x': 62, 'y': 47}, {'station_cd': 9961807, 'x': 63, 'y': 51}, {'station_cd': 9961808, 'x': 62, 'y': 55}, {'station_cd': 9961809, 'x': 62, 'y': 58}, {'station_cd': 9961810, 'x': 62, 'y': 61}, {'station_cd': 9961811, 'x': 62, 'y': 64}, {'station_cd': 9961812, 'x': 63, 'y': 67}, {'station_cd': 9961813, 'x': 66, 'y': 68}, {'station_cd': 9961814, 'x': 66, 'y': 73}, {'station_cd': 9961815, 'x': 66, 'y': 77}, {'station_cd': 9961816, 'x': 65, 'y': 81}, {'station_cd': 9961817, 'x': 65, 'y': 85}, {'station_cd': 9961818, 'x': 66, 'y': 91}, {'station_cd': 9961819, 'x': 65, 'y': 96}, {'station_cd': 9961820, 'x': 63, 'y': 100}]"
99619,大阪メトロ谷町線,"[(9961901, '大日'), (9961902, '守口'), (9961903, '太子橋今市'), (9961904, '千林大宮'), (9961905, '関目高殿'), (9961906, '野江内代'), (9961907, '都島'), (9961908, '天神橋筋六丁目'), (9961909, '中崎町'), (9961910, '東梅田'), (9961911, '南森町'), (9961912, '天満橋'), (9961913, '谷町四丁目'), (9961914, '谷町六丁目'), (9961915, '谷町九丁目'), (9961916, '四天王寺前夕陽ヶ丘'), (9961917, '天王寺'), (9961918, '阿倍野'), (9961919, '文の里'), (9961920, '田辺'), (9961921, '駒川中野'), (9961922, '平野'), (9961923, '喜連瓜破'), (9961924, '出戸'), (9961925, '長原'), (9961926, '八尾南')]","333.524,320.468,343.524,330.468","[{'station_cd': 9961901, 'x': 74, 'y': 38}, {'station_cd': 9961902, 'x': 70, 'y': 41}, {'station_cd': 9961903, 'x': 68, 'y': 44}, {'station_cd': 9961904, 'x': 66, 'y': 46}, {'station_cd': 9961905, 'x': 66, 'y': 49}, {'station_cd': 9961906, 'x': 63, 'y': 51}, {'station_cd': 9961907, 'x': 60, 'y': 51}, {'station_cd': 9961908, 'x': 57, 'y': 50}, {'station_cd': 9961909, 'x': 55, 'y': 51}, {'station_cd': 9961910, 'x': 54, 'y': 53}, {'station_cd': 9961911, 'x': 56, 'y': 55}, {'station_cd': 9961912, 'x': 58, 'y': 58}, {'station_cd': 9961913, 'x': 58, 'y': 61}, {'station_cd': 9961914, 'x': 58, 'y': 63}, {'station_cd': 9961915, 'x': 57, 'y': 66}, {'station_cd': 9961916, 'x': 57, 'y': 69}, {'station_cd': 9961917, 'x': 57, 'y': 73}, {'station_cd': 9961918, 'x': 56, 'y': 75}, {'station_cd': 9961919, 'x': 58, 'y': 77}, {'station_cd': 9961920, 'x': 60, 'y': 80}, {'station_cd': 9961921, 'x': 62, 'y': 82}, {'station_cd': 9961922, 'x': 66, 'y': 83}, {'station_cd': 9961923, 'x': 66, 'y': 87}, {'station_cd': 9961924, 'x': 70, 'y': 87}, {'station_cd': 9961925, 'x': 72, 'y': 90}, {'station_cd': 9961926, 'x': 74, 'y': 92}]"
99620,大阪メトロ四つ橋線,"[(9962001, '西梅田'), (9962002, '肥後橋'), (9962003, '本町'), (9962004, '四ツ橋'), (9962005, 'なんば'), (9962006, '大国町'), (9962007, '花園町'), (9962008, '岸里'), (9962009, '玉出'), (9962010, '北加賀屋'), (9962011, '住之江公園')]","332.399,320.922,342.399,330.922","[{'station_cd': 9962001, 'x': 67, 'y': 48}, {'station_cd': 9962002, 'x': 67, 'y': 51}, {'station_cd': 9962003, 'x': 68, 'y': 54}, {'station_cd': 9962004, 'x': 67, 'y': 57}, {'station_cd': 9962005, 'x': 67, 'y': 60}, {'station_cd': 9962006, 'x': 67, 'y': 64}, {'station_cd': 9962007, 'x': 67, 'y': 68}, {'station_cd': 9962008, 'x': 66, 'y': 71}, {'station_cd': 9962009, 'x': 65, 'y': 75}, {'station_cd': 9962010, 'x': 62, 'y': 76}, {'station_cd': 9962011, 'x': 60, 'y': 80}]"
99621,大阪メトロ中央線,"[(9962115, '夢洲'), (9962101, 'コスモスクエア'), (9962102, '大阪港'), (9962103, '朝潮橋'), (9962104, '弁天町'), (9962105, '九条'), (9962106, '阿波座'), (9962107, '本町'), (9962108, '堺筋本町'), (9962109, '谷町四丁目'), (9962110, '森ノ宮'), (9962111, '緑橋'), (9962112, '深江橋'), (9962113, '高井田'), (9962114, '長田')]","332.513,320.708,342.513,330.708","[{'station_cd': 9962115, 'x': 38, 'y': 66}, {'station_cd': 9962101, 'x': 44, 'y': 70}, {'station_cd': 9962102, 'x': 49, 'y': 66}, {'station_cd': 9962103, 'x': 53, 'y': 64}, {'station_cd': 9962104, 'x': 57, 'y': 61}, {'station_cd': 9962105, 'x': 60, 'y': 59}, {'station_cd': 9962106, 'x': 63, 'y': 57}, {'station_cd': 9962107, 'x': 66, 'y': 57}, {'station_cd': 9962108, 'x': 68, 'y': 57}, {'station_cd': 9962109, 'x': 71, 'y': 58}, {'station_cd': 9962110, 'x': 75, 'y': 58}, {'station_cd': 9962111, 'x': 78, 'y': 58}, {'station_cd': 9962112, 'x': 81, 'y': 59}, {'station_cd': 9962113, 'x': 85, 'y': 60}, {'station_cd': 9962114, 'x': 90, 'y': 60}]"
99622,大阪メトロ千日前線,"[(9962201, '野田阪神'), (9962202, '玉川'), (9962203, '阿波座'), (9962204, '西長堀'), (9962205, '桜川'), (9962206, 'なんば'), (9962207, '日本橋'), (9962208, '谷町九丁目'), (9962209, '鶴橋'), (9962210, '今里'), (9962211, '新深江'), (9962212, '小路'), (9962213, '北巽'), (9962214, '南巽')]","333.022,320.563,343.022,330.563","[{'station_cd': 9962201, 'x': 54, 'y': 54}, {'station_cd': 9962202, 'x': 54, 'y': 56}, {'station_cd': 9962203, 'x': 56, 'y': 59}, {'station_cd': 9962204, 'x': 57, 'y': 61}, {'station_cd': 9962205, 'x': 57, 'y': 64}, {'station_cd': 9962206, 'x': 60, 'y': 64}, {'station_cd': 9962207, 'x': 62, 'y': 64}, {'station_cd': 9962208, 'x': 64, 'y': 65}, {'station_cd': 9962209, 'x': 67, 'y': 65}, {'station_cd': 9962210, 'x': 71, 'y': 65}, {'station_cd': 9962211, 'x': 74, 'y': 65}, {'station_cd': 9962212, 'x': 74, 'y': 67}, {'station_cd': 9962213, 'x': 74, 'y': 70}, {'station_cd': 9962214, 'x': 73, 'y': 74}]"
99623,大阪メトロ堺筋線,"[(9962301, '天神橋筋六丁目'), (9962302, '扇町'), (9962303, '南森町'), (9962304, '北浜'), (9962305, '堺筋本町'), (9962306, '長堀橋'), (9962307, '日本橋'), (9962308, '恵美須町'), (9962309, '動物園前'), (9962310, '天下茶屋')]","332.779,320.415,342.779,330.415","[{'station_cd': 9962301, 'x': 66, 'y': 51}, {'station_cd': 9962302, 'x': 66, 'y': 53}, {'station_cd': 9962303, 'x': 66, 'y': 56}, {'station_cd': 9962304, 'x': 65, 'y': 58}, {'station_cd': 9962305, 'x': 65, 'y': 61}, {'station_cd': 9962306, 'x': 65, 'y': 64}, {'station_cd': 9962307, 'x': 65, 'y': 66}, {'station_cd': 9962308, 'x': 64, 'y': 71}, {'station_cd': 9962309, 'x': 64, 'y': 73}, {'station_cd': 9962310, 'x': 62, 'y': 77}]"
99624,大阪メトロ長堀鶴見緑地線,"[(9962401, '大正'), (9962402, 'ドーム前千代崎'), (9962403, '西長堀'), (9962404, '西大橋'), (9962405, '心斎橋'), (9962406, '長堀橋'), (9962407, '松屋町'), (9962408, '谷町六丁目'), (9962409, '玉造'), (9962410, '森ノ宮'), (9962411, '大阪ビジネスパーク'), (9962412, '京橋'), (9962413, '蒲生四丁目'), (9962414, '今福鶴見'), (9962415, '横堤'), (9962416, '鶴見緑地'), (9962417, '門真南')]","333.425,319.963,343.425,329.963","[{'station_cd': 9962401, 'x': 49, 'y': 72}, {'station_cd': 9962402, 'x': 49, 'y': 70}, {'station_cd': 9962403, 'x': 51, 'y': 69}, {'station_cd': 9962404, 'x': 53, 'y': 69}, {'station_cd': 9962405, 'x': 55, 'y': 69}, {'station_cd': 9962406, 'x': 56, 'y': 69}, {'station_cd': 9962407, 'x': 58, 'y': 69}, {'station_cd': 9962408, 'x': 59, 'y': 70}, {'station_cd': 9962409, 'x': 62, 'y': 70}, {'station_cd': 9962410, 'x': 63, 'y': 67}, {'station_cd': 9962411, 'x': 62, 'y': 64}, {'station_cd': 9962412, 'x': 63, 'y': 62}, {'station_cd': 9962413, 'x': 67, 'y': 61}, {'station_cd': 9962414, 'x': 70, 'y': 61}, {'station_cd': 9962415, 'x': 74, 'y': 60}, {'station_cd': 9962416, 'x': 76, 'y': 58}, {'station_cd': 9962417, 'x': 79, 'y': 56}]"
99625,大阪メトロ南港ポートタウン線,"[(9962501, 'コスモスクエア'), (9962502, 'トレードセンター前'), (9962503, '中ふ頭'), (9962504, 'ポートタウン西'), (9962505, 'ポートタウン東'), (9962506, 'フェリーターミナル'), (9962507, '南港東'), (9962508, '南港口'), (9962509, '平林'), (9962510, '住之江公園')]","331.515,321.653,341.515,331.653","[{'station_cd': 9962501, 'x': 57, 'y': 58}, {'station_cd': 9962502, 'x': 56, 'y': 59}, {'station_cd': 9962503, 'x': 58, 'y': 61}, {'station_cd': 9962504, 'x': 59, 'y': 62}, {'station_cd': 9962505, 'x': 61, 'y': 62}, {'station_cd': 9962506, 'x': 62, 'y': 66}, {'station_cd': 9962507, 'x': 63, 'y': 68}, {'station_cd': 9962508, 'x': 65, 'y': 68}, {'station_cd': 9962509, 'x': 68, 'y': 70}, {'station_cd': 9962510, 'x': 72, 'y': 70}]"
99626,大阪モノレール線,"[(9962601, '大阪空港'), (9962602, '蛍池'), (9962603, '柴原阪大前'), (9962604, '少路'), (9962605, '千里中央'), (9962606, '山田'), (9962607, '万博記念公園'), (9962608, '宇野辺'), (9962609, '南茨木'), (9962610, '沢良宜'), (9962611, '摂津'), (9962612, '南摂津'), (9962613, '大日'), (9962614, '門真市')]","333.001,317.675,343.001,327.675","[{'station_cd': 9962601, 'x': 46, 'y': 56}, {'station_cd': 9962602, 'x': 48, 'y': 55}, {'station_cd': 9962603, 'x': 50, 'y': 53}, {'station_cd': 9962604, 'x': 55, 'y': 52}, {'station_cd': 9962605, 'x': 60, 'y': 51}, {'station_cd': 9962606, 'x': 65, 'y': 52}, {'station_cd': 9962607, 'x': 69, 'y': 52}, {'station_cd': 9962608, 'x': 75, 'y': 52}, {'station_cd': 9962609, 'x': 78, 'y': 54}, {'station_cd': 9962610, 'x': 78, 'y': 57}, {'station_cd': 9962611, 'x': 77, 'y': 62}, {'station_cd': 9962612, 'x': 78, 'y': 67}, {'station_cd': 9962613, 'x': 81, 'y': 74}, {'station_cd': 9962614, 'x': 82, 'y': 78}]"
99627,大阪モノレール彩都線,"[(9962701, '万博記念公園'), (9962702, '公園東口'), (9962703, '阪大病院前'), (9962704, '豊川'), (9962705, '彩都西')]","333.413,316.072,343.413,326.072","[{'station_cd': 9962701, 'x': 64, 'y': 73}, {'station_cd': 9962702, 'x': 66, 'y': 71}, {'station_cd': 9962703, 'x': 64, 'y': 68}, {'station_cd': 9962704, 'x': 63, 'y': 63}, {'station_cd': 9962705, 'x': 62, 'y': 55}]"
99628,阪堺電軌上町線,"[(9962801, '天王寺駅前'), (9962802, '阿倍野'), (9962803, '松虫'), (9962804, '東天下茶屋'), (9962805, '北畠'), (9962806, '姫松'), (9962807, '帝塚山三丁目'), (9962808, '帝塚山四丁目'), (9962809, '神ノ木'), (9962810, '住吉'), (9962811, '住吉公園')]","332.711,321.633,342.711,331.633","[{'station_cd': 9962801, 'x': 67, 'y': 58}, {'station_cd': 9962802, 'x': 67, 'y': 60}, {'station_cd': 9962803, 'x': 66, 'y': 62}, {'station_cd': 9962804, 'x': 66, 'y': 63}, {'station_cd': 9962805, 'x': 65, 'y': 65}, {'station_cd': 9962806, 'x': 64, 'y': 66}, {'station_cd': 9962807, 'x': 64, 'y': 67}, {'station_cd': 9962808, 'x': 63, 'y': 68}, {'station_cd': 9962809, 'x': 63, 'y': 69}, {'station_cd': 9962810, 'x': 61, 'y': 69}, {'station_cd': 9962811, 'x': 61, 'y': 70}]"
99629,阪堺電軌阪堺線,"[(9962901, '恵美須町'), (9962902, '新今宮駅前'), (9962903, '今池'), (9962904, '今船'), (9962905, '松田町'), (9962906, '北天下茶屋'), (9962907, '聖天坂'), (9962908, '天神ノ森'), (9962909, '東玉出'), (9962910, '塚西'), (9962911, '東粉浜'), (9962912, '住吉'), (9962913, '住吉鳥居前'), (9962914, '細井川'), (9962915, '安立町'), (9962916, '我孫子道'), (9962917, '大和川'), (9962918, '高須神社'), (9962919, '綾ノ町'), (9962920, '神明町'), (9962921, '妙国寺前'), (9962922, '花田口'), (9962923, '大小路'), (9962924, '宿院'), (9962925, '寺地町'), (9962926, '御陵前'), (9962927, '東湊'), (9962931, '石津北'), (9962928, '石津'), (9962929, '船尾'), (9962930, '浜寺駅前')]","332.140,322.481,342.140,332.481","[{'station_cd': 9962901, 'x': 72, 'y': 44}, {'station_cd': 9962902, 'x': 72, 'y': 46}, {'station_cd': 9962903, 'x': 72, 'y': 47}, {'station_cd': 9962904, 'x': 71, 'y': 49}, {'station_cd': 9962905, 'x': 71, 'y': 50}, {'station_cd': 9962906, 'x': 71, 'y': 51}, {'station_cd': 9962907, 'x': 71, 'y': 52}, {'station_cd': 9962908, 'x': 70, 'y': 53}, {'station_cd': 9962909, 'x': 70, 'y': 54}, {'station_cd': 9962910, 'x': 69, 'y': 55}, {'station_cd': 9962911, 'x': 69, 'y': 57}, {'station_cd': 9962912, 'x': 69, 'y': 58}, {'station_cd': 9962913, 'x': 68, 'y': 59}, {'station_cd': 9962914, 'x': 68, 'y': 60}, {'station_cd': 9962915, 'x': 68, 'y': 61}, {'station_cd': 9962916, 'x': 68, 'y': 63}, {'station_cd': 9962917, 'x': 67, 'y': 65}, {'station_cd': 9962918, 'x': 67, 'y': 67}, {'station_cd': 9962919, 'x': 66, 'y': 68}, {'station_cd': 9962920, 'x': 65, 'y': 69}, {'station_cd': 9962921, 'x': 65, 'y': 69}, {'station_cd': 9962922, 'x': 65, 'y': 70}, {'station_cd': 9962923, 'x': 64, 'y': 71}, {'station_cd': 9962924, 'x': 63, 'y': 72}, {'station_cd': 9962925, 'x': 63, 'y': 73}, {'station_cd': 9962926, 'x': 62, 'y': 74}, {'station_cd': 9962927, 'x': 61, 'y': 76}, {'station_cd': 9962931, 'x': 60, 'y': 77}, {'station_cd': 9962928, 'x': 59, 'y': 79}, {'station_cd': 9962929, 'x': 58, 'y': 81}, {'station_cd': 9962930, 'x': 56, 'y': 84}]"
99630,神戸高速東西線,"[(9963001, '三宮'), (9963002, '花隈'), (9963003, '元町'), (9963004, '西元町'), (9963005, '高速神戸'), (9963006, '新開地'), (9963007, '大開'), (9963008, '高速長田'), (9963009, '西代')]","326.065,319.853,336.065,329.853","[{'station_cd': 9963001, 'x': 70, 'y': 59}, {'station_cd': 9963002, 'x': 67, 'y': 61}, {'station_cd': 9963003, 'x': 69, 'y': 60}, {'station_cd': 9963004, 'x': 67, 'y': 62}, {'station_cd': 9963005, 'x': 66, 'y': 64}, {'station_cd': 9963006, 'x': 64, 'y': 65}, {'station_cd': 9963007, 'x': 62, 'y': 66}, {'station_cd': 9963008, 'x': 60, 'y': 67}, {'station_cd': 9963009, 'x': 58, 'y': 69}]"
99631,神戸高速南北線,"[(9963101, '新開地'), (9963102, '湊川')]","326.052,319.858,336.052,329.858","[{'station_cd': 9963101, 'x': 64, 'y': 65}, {'station_cd': 9963102, 'x': 64, 'y': 63}]"
99632,有馬線,"[(9963201, '湊川'), (9963202, '長田'), (9963203, '丸山'), (9963204, '鵯越'), (9963205, '菊水山'), (9963206, '鈴蘭台'), (9963207, '北鈴蘭台'), (9963208, '山の街'), (9963209, '箕谷'), (9963210, '谷上'), (9963211, '花山'), (9963212, '大池'), (9963213, '神鉄六甲'), (9963214, '唐櫃台'), (9963215, '有馬口'), (9963216, '新有馬'), (9963217, '有馬温泉')]","326.612,318.178,336.612,328.178","[{'station_cd': 9963201, 'x': 56, 'y': 85}, {'station_cd': 9963202, 'x': 52, 'y': 84}, {'station_cd': 9963203, 'x': 51, 'y': 82}, {'station_cd': 9963204, 'x': 50, 'y': 80}, {'station_cd': 9963205, 'x': 52, 'y': 77}, {'station_cd': 9963206, 'x': 52, 'y': 69}, {'station_cd': 9963207, 'x': 53, 'y': 63}, {'station_cd': 9963208, 'x': 54, 'y': 61}, {'station_cd': 9963209, 'x': 54, 'y': 57}, {'station_cd': 9963210, 'x': 58, 'y': 56}, {'station_cd': 9963211, 'x': 62, 'y': 53}, {'station_cd': 9963212, 'x': 65, 'y': 49}, {'station_cd': 9963213, 'x': 67, 'y': 48}, {'station_cd': 9963214, 'x': 69, 'y': 46}, {'station_cd': 9963215, 'x': 71, 'y': 44}, {'station_cd': 9963216, 'x': 74, 'y': 44}, {'station_cd': 9963217, 'x': 78, 'y': 43}]"
99633,三田線,"[(9963301, '有馬口'), (9963302, '五社'), (9963303, '岡場'), (9963304, '田尾寺'), (9963305, '二郎'), (9963306, '道場南口'), (9963307, '神鉄道場'), (9963308, '横山'), (9963309, '三田本町'), (9963310, '三田')]","327.257,315.350,337.257,325.350","[{'station_cd': 9963301, 'x': 63, 'y': 80}, {'station_cd': 9963302, 'x': 62, 'y': 77}, {'station_cd': 9963303, 'x': 64, 'y': 71}, {'station_cd': 9963304, 'x': 65, 'y': 66}, {'station_cd': 9963305, 'x': 65, 'y': 62}, {'station_cd': 9963306, 'x': 64, 'y': 59}, {'station_cd': 9963307, 'x': 65, 'y': 55}, {'station_cd': 9963308, 'x': 63, 'y': 52}, {'station_cd': 9963309, 'x': 66, 'y': 50}, {'station_cd': 9963310, 'x': 66, 'y': 48}]"
99634,公園都市線,"[(9963401, '三田'), (9963402, '三田本町'), (9963403, '横山'), (9963404, 'フラワータウン'), (9963405, '南ウッディタウン'), (9963406, 'ウッディタウン中央')]","326.960,313.915,336.960,323.915","[{'station_cd': 9963401, 'x': 70, 'y': 66}, {'station_cd': 9963402, 'x': 70, 'y': 68}, {'station_cd': 9963403, 'x': 67, 'y': 70}, {'station_cd': 9963404, 'x': 63, 'y': 67}, {'station_cd': 9963405, 'x': 60, 'y': 61}, {'station_cd': 9963406, 'x': 58, 'y': 58}]"
99635,粟生線,"[(9963501, '鈴蘭台'), (9963502, '鈴蘭台西口'), (9963503, '西鈴蘭台'), (9963504, '藍那'), (9963505, '木津'), (9963506, '木幡'), (9963507, '栄'), (9963508, '押部谷'), (9963509, '緑が丘'), (9963510, '広野ゴルフ場前'), (9963511, '志染'), (9963512, '恵比須'), (9963513, '三木上の丸'), (9963514, '三木'), (9963515, '大村'), (9963516, '樫山'), (9963517, '市場'), (9963518, '小野'), (9963519, '葉多'), (9963520, '粟生')]","323.309,316.539,333.309,326.539","[{'station_cd': 9963501, 'x': 94, 'y': 90}, {'station_cd': 9963502, 'x': 92, 'y': 89}, {'station_cd': 9963503, 'x': 91, 'y': 89}, {'station_cd': 9963504, 'x': 87, 'y': 86}, {'station_cd': 9963505, 'x': 79, 'y': 81}, {'station_cd': 9963506, 'x': 75, 'y': 80}, {'station_cd': 9963507, 'x': 71, 'y': 77}, {'station_cd': 9963508, 'x': 67, 'y': 76}, {'station_cd': 9963509, 'x': 63, 'y': 73}, {'station_cd': 9963510, 'x': 63, 'y': 71}, {'station_cd': 9963511, 'x': 59, 'y': 66}, {'station_cd': 9963512, 'x': 57, 'y': 61}, {'station_cd': 9963513, 'x': 54, 'y': 60}, {'station_cd': 9963514, 'x': 52, 'y': 60}, {'station_cd': 9963515, 'x': 50, 'y': 56}, {'station_cd': 9963516, 'x': 44, 'y': 52}, {'station_cd': 9963517, 'x': 43, 'y': 50}, {'station_cd': 9963518, 'x': 40, 'y': 44}, {'station_cd': 9963519, 'x': 37, 'y': 41}, {'station_cd': 9963520, 'x': 34, 'y': 38}]"
99636,北神線,"[(9963601, '新神戸'), (9963602, '谷上')]","326.399,318.309,336.399,328.309","[{'station_cd': 9963601, 'x': 67, 'y': 74}, {'station_cd': 9963602, 'x': 61, 'y': 54}]"
99637,山陽電鉄本線,"[(9963701, '西代'), (9963702, '板宿'), (9963703, '東須磨'), (9963704, '月見山'), (9963705, '須磨寺'), (9963706, '山陽須磨'), (9963707, '須磨浦公園'), (9963708, '山陽塩屋'), (9963709, '滝の茶屋'), (9963710, '東垂水'), (9963711, '山陽垂水'), (9963712, '霞ヶ丘'), (9963713, '舞子公園'), (9963714, '西舞子'), (9963715, '大蔵谷'), (9963716, '人丸前'), (9963717, '山陽明石'), (9963718, '西新町'), (9963719, '林崎松江海岸'), (9963720, '藤江'), (9963721, '中八木'), (9963722, '江井ヶ島'), (9963723, '西江井ヶ島'), (9963724, '山陽魚住'), (9963725, '東二見'), (9963726, '西二見'), (9963727, '播磨町'), (9963728, '別府'), (9963729, '浜の宮'), (9963730, '尾上の松'), (9963731, '高砂'), (9963732, '荒井'), (9963733, '伊保'), (9963734, '山陽曽根'), (9963735, '大塩'), (9963736, '的形'), (9963737, '八家'), (9963738, '白浜の宮'), (9963739, '妻鹿'), (9963740, '飾磨'), (9963741, '亀山'), (9963742, '手柄'), (9963743, '山陽姫路')]","320.689,318.086,331.136,328.086","[{'station_cd': 9963701, 'x': 121, 'y': 91}, {'station_cd': 9963702, 'x': 118, 'y': 91}, {'station_cd': 9963703, 'x': 117, 'y': 93}, {'station_cd': 9963704, 'x': 116, 'y': 94}, {'station_cd': 9963705, 'x': 114, 'y': 96}, {'station_cd': 9963706, 'x': 113, 'y': 96}, {'station_cd': 9963707, 'x': 110, 'y': 98}, {'station_cd': 9963708, 'x': 106, 'y': 99}, {'station_cd': 9963709, 'x': 103, 'y': 100}, {'station_cd': 9963710, 'x': 101, 'y': 100}, {'station_cd': 9963711, 'x': 99, 'y': 100}, {'station_cd': 9963712, 'x': 96, 'y': 100}, {'station_cd': 9963713, 'x': 94, 'y': 98}, {'station_cd': 9963714, 'x': 92, 'y': 97}, {'station_cd': 9963715, 'x': 88, 'y': 94}, {'station_cd': 9963716, 'x': 86, 'y': 93}, {'station_cd': 9963717, 'x': 84, 'y': 93}, {'station_cd': 9963718, 'x': 81, 'y': 92}, {'station_cd': 9963719, 'x': 77, 'y': 91}, {'station_cd': 9963720, 'x': 73, 'y': 87}, {'station_cd': 9963721, 'x': 70, 'y': 84}, {'station_cd': 9963722, 'x': 66, 'y': 81}, {'station_cd': 9963723, 'x': 63, 'y': 79}, {'station_cd': 9963724, 'x': 62, 'y': 77}, {'station_cd': 9963725, 'x': 58, 'y': 73}, {'station_cd': 9963726, 'x': 56, 'y': 71}, {'station_cd': 9963727, 'x': 54, 'y': 68}, {'station_cd': 9963728, 'x': 50, 'y': 63}, {'station_cd': 9963729, 'x': 45, 'y': 59}, {'station_cd': 9963730, 'x': 42, 'y': 56}, {'station_cd': 9963731, 'x': 38, 'y': 54}, {'station_cd': 9963732, 'x': 36, 'y': 52}, {'station_cd': 9963733, 'x': 34, 'y': 49}, {'station_cd': 9963734, 'x': 31, 'y': 46}, {'station_cd': 9963735, 'x': 27, 'y': 44}, {'station_cd': 9963736, 'x': 23, 'y': 44}, {'station_cd': 9963737, 'x': 18, 'y': 42}, {'station_cd': 9963738, 'x': 15, 'y': 41}, {'station_cd': 9963739, 'x': 11, 'y': 39}, {'station_cd': 9963740, 'x': 7, 'y': 36}, {'station_cd': 9963741, 'x': 7, 'y': 32}, {'station_cd': 9963742, 'x': 9, 'y': 29}, {'station_cd': 9963743, 'x': 11, 'y': 26}]"
99638,山陽電鉄網干線,"[(9963801, '飾磨'), (9963802, '西飾磨'), (9963803, '夢前川'), (9963804, '広畑'), (9963805, '山陽天満'), (9963806, '平松'), (9963807, '山陽網干')]","315.382,315.882,325.382,325.882","[{'station_cd': 9963801, 'x': 75, 'y': 63}, {'station_cd': 9963802, 'x': 69, 'y': 61}, {'station_cd': 9963803, 'x': 66, 'y': 63}, {'station_cd': 9963804, 'x': 63, 'y': 63}, {'station_cd': 9963805, 'x': 60, 'y': 63}, {'station_cd': 9963806, 'x': 56, 'y': 65}, {'station_cd': 9963807, 'x': 53, 'y': 66}]"
99640,能勢電鉄日生線,"[(9964001, '山下'), (9964002, '日生中央')]","330.880,313.994,340.880,323.994","[{'station_cd': 9964001, 'x': 66, 'y': 67}, {'station_cd': 9964002, 'x': 62, 'y': 61}]"
99642,三木鉄道三木線,"[(9964201, '厄神'), (9964202, '国包'), (9964203, '宗佐'), (9964204, '下石野'), (9964205, '石野'), (9964206, '西這田'), (9964207, '別所'), (9964208, '高木'), (9964209, '三木')]","321.601,316.270,331.601,326.270","[{'station_cd': 9964201, 'x': 55, 'y': 64}, {'station_cd': 9964202, 'x': 57, 'y': 63}, {'station_cd': 9964203, 'x': 59, 'y': 63}, {'station_cd': 9964204, 'x': 60, 'y': 63}, {'station_cd': 9964205, 'x': 62, 'y': 64}, {'station_cd': 9964206, 'x': 66, 'y': 64}, {'station_cd': 9964207, 'x': 69, 'y': 65}, {'station_cd': 9964208, 'x': 71, 'y': 65}, {'station_cd': 9964209, 'x': 73, 'y': 65}]"
99643,北条鉄道北条線,"[(9964301, '粟生'), (9964302, '網引'), (9964303, '田原'), (9964304, '法華口'), (9964305, '播磨下里'), (9964306, '長'), (9964307, '播磨横田'), (9964308, '北条町')]","320.156,313.453,330.156,323.453","[{'station_cd': 9964301, 'x': 75, 'y': 78}, {'station_cd': 9964302, 'x': 67, 'y': 75}, {'station_cd': 9964303, 'x': 64, 'y': 74}, {'station_cd': 9964304, 'x': 61, 'y': 70}, {'station_cd': 9964305, 'x': 57, 'y': 66}, {'station_cd': 9964306, 'x': 53, 'y': 62}, {'station_cd': 9964307, 'x': 53, 'y': 57}, {'station_cd': 9964308, 'x': 55, 'y': 51}]"
99644,智頭急行智頭線,"[(9964401, '上郡'), (9964402, '苔縄'), (9964403, '河野原円心'), (9964404, '久崎'), (9964405, '佐用'), (9964406, '平福'), (9964407, '石井'), (9964408, '宮本武蔵'), (9964409, '大原'), (9964410, '西粟倉'), (9964411, 'あわくら温泉'), (9964412, '山郷'), (9964413, '恋山形'), (9964414, '智頭')]","308.869,306.714,318.869,319.117","[{'station_cd': 9964401, 'x': 74, 'y': 122}, {'station_cd': 9964402, 'x': 74, 'y': 113}, {'station_cd': 9964403, 'x': 74, 'y': 107}, {'station_cd': 9964404, 'x': 73, 'y': 95}, {'station_cd': 9964405, 'x': 76, 'y': 83}, {'station_cd': 9964406, 'x': 79, 'y': 71}, {'station_cd': 9964407, 'x': 76, 'y': 60}, {'station_cd': 9964408, 'x': 71, 'y': 54}, {'station_cd': 9964409, 'x': 70, 'y': 48}, {'station_cd': 9964410, 'x': 72, 'y': 37}, {'station_cd': 9964411, 'x': 73, 'y': 29}, {'station_cd': 9964412, 'x': 63, 'y': 16}, {'station_cd': 9964413, 'x': 61, 'y': 9}, {'station_cd': 9964414, 'x': 50, 'y': 6}]"
99645,神戸市営地下鉄西神線,"[(9964501, '新長田'), (9964502, '板宿'), (9964503, '妙法寺'), (9964504, '名谷'), (9964505, '総合運動公園'), (9964506, '学園都市'), (9964507, '伊川谷'), (9964508, '西神南'), (9964509, '西神中央')]","324.322,319.435,334.322,329.435","[{'station_cd': 9964501, 'x': 80, 'y': 76}, {'station_cd': 9964502, 'x': 77, 'y': 75}, {'station_cd': 9964503, 'x': 71, 'y': 69}, {'station_cd': 9964504, 'x': 67, 'y': 68}, {'station_cd': 9964505, 'x': 63, 'y': 66}, {'station_cd': 9964506, 'x': 58, 'y': 66}, {'station_cd': 9964507, 'x': 54, 'y': 64}, {'station_cd': 9964508, 'x': 51, 'y': 59}, {'station_cd': 9964509, 'x': 48, 'y': 52}]"
99646,神戸市営地下鉄山手線,"[(9964601, '新神戸'), (9964602, '三宮'), (9964603, '県庁前'), (9964604, '大倉山'), (9964605, '湊川公園'), (9964606, '上沢'), (9964607, '長田'), (9964608, '新長田')]","326.105,319.750,336.105,329.750","[{'station_cd': 9964601, 'x': 71, 'y': 56}, {'station_cd': 9964602, 'x': 70, 'y': 60}, {'station_cd': 9964603, 'x': 68, 'y': 61}, {'station_cd': 9964604, 'x': 65, 'y': 63}, {'station_cd': 9964605, 'x': 63, 'y': 65}, {'station_cd': 9964606, 'x': 61, 'y': 67}, {'station_cd': 9964607, 'x': 59, 'y': 68}, {'station_cd': 9964608, 'x': 57, 'y': 72}]"
99647,夢かもめ,"[(9964701, '新長田'), (9964702, '駒ヶ林'), (9964703, '苅藻'), (9964704, '御崎公園'), (9964705, '和田岬'), (9964706, '中央市場前'), (9964707, 'ハーバーランド'), (9964708, 'みなと元町'), (9964709, '旧居留地・大丸前'), (9964710, '三宮・花時計前')]","326.097,320.020,336.097,330.020","[{'station_cd': 9964701, 'x': 57, 'y': 69}, {'station_cd': 9964702, 'x': 59, 'y': 71}, {'station_cd': 9964703, 'x': 60, 'y': 70}, {'station_cd': 9964704, 'x': 63, 'y': 70}, {'station_cd': 9964705, 'x': 65, 'y': 69}, {'station_cd': 9964706, 'x': 65, 'y': 66}, {'station_cd': 9964707, 'x': 66, 'y': 62}, {'station_cd': 9964708, 'x': 68, 'y': 59}, {'station_cd': 9964709, 'x': 69, 'y': 58}, {'station_cd': 9964710, 'x': 71, 'y': 57}]"
99648,ポートライナー,"[(9964801, '三宮'), (9964802, '貿易センター'), (9964803, 'ポートターミナル'), (9964804, '中公園'), (9964805, 'みなとじま'), (9964806, '市民広場'), (9964807, '医療センター'), (9964808, '計算科学センター（神戸どうぶつ王国・「富岳」前）'), (9964809, '神戸空港'), (9964810, '南公園'), (9964811, '中埠頭'), (9964812, '北埠頭')]","326.933,320.242,336.933,330.242","[{'station_cd': 9964801, 'x': 60, 'y': 54}, {'station_cd': 9964802, 'x': 61, 'y': 55}, {'station_cd': 9964803, 'x': 62, 'y': 58}, {'station_cd': 9964804, 'x': 63, 'y': 61}, {'station_cd': 9964805, 'x': 63, 'y': 63}, {'station_cd': 9964806, 'x': 64, 'y': 64}, {'station_cd': 9964807, 'x': 65, 'y': 67}, {'station_cd': 9964808, 'x': 66, 'y': 68}, {'station_cd': 9964809, 'x': 68, 'y': 74}, {'station_cd': 9964810, 'x': 65, 'y': 65}, {'station_cd': 9964811, 'x': 65, 'y': 63}, {'station_cd': 9964812, 'x': 65, 'y': 61}]"
99649,六甲ライナー,"[(9964901, '住吉'), (9964902, '魚崎'), (9964903, '南魚崎'), (9964904, 'アイランド北口'), (9964905, 'アイランドセンター'), (9964906, 'マリンパーク')]","328.035,319.314,338.035,329.314","[{'station_cd': 9964901, 'x': 63, 'y': 58}, {'station_cd': 9964902, 'x': 65, 'y': 60}, {'station_cd': 9964903, 'x': 64, 'y': 62}, {'station_cd': 9964904, 'x': 65, 'y': 67}, {'station_cd': 9964905, 'x': 65, 'y': 69}, {'station_cd': 9964906, 'x': 65, 'y': 70}]"
99650,紀州鉄道線,"[(9965001, '御坊'), (9965002, '学門'), (9965003, '紀伊御坊'), (9965004, '市役所前'), (9965005, '西御坊')]","325.371,341.536,335.371,351.536","[{'station_cd': 9965001, 'x': 65, 'y': 60}, {'station_cd': 9965002, 'x': 64, 'y': 64}, {'station_cd': 9965003, 'x': 64, 'y': 65}, {'station_cd': 9965004, 'x': 63, 'y': 67}, {'station_cd': 9965005, 'x': 63, 'y': 68}]"
99651,貴志川線,"[(9965101, '和歌山'), (9965102, '田中口'), (9965103, '日前宮'), (9965104, '神前'), (9965105, '竈山'), (9965106, '交通センター前'), (9965107, '岡崎前'), (9965108, '吉礼'), (9965109, '伊太祈曽'), (9965110, '山東'), (9965111, '大池遊園'), (9965112, '西山口'), (9965113, '甘露寺前'), (9965114, '貴志')]","327.475,332.755,337.475,342.755","[{'station_cd': 9965101, 'x': 49, 'y': 58}, {'station_cd': 9965102, 'x': 49, 'y': 60}, {'station_cd': 9965103, 'x': 51, 'y': 60}, {'station_cd': 9965104, 'x': 52, 'y': 65}, {'station_cd': 9965105, 'x': 52, 'y': 67}, {'station_cd': 9965106, 'x': 55, 'y': 68}, {'station_cd': 9965107, 'x': 57, 'y': 69}, {'station_cd': 9965108, 'x': 60, 'y': 69}, {'station_cd': 9965109, 'x': 64, 'y': 69}, {'station_cd': 9965110, 'x': 67, 'y': 68}, {'station_cd': 9965111, 'x': 72, 'y': 69}, {'station_cd': 9965112, 'x': 74, 'y': 68}, {'station_cd': 9965113, 'x': 77, 'y': 66}, {'station_cd': 9965114, 'x': 79, 'y': 68}]"
99652,大阪メトロ今里筋線,"[(9965201, '井高野'), (9965202, '瑞光四丁目'), (9965203, 'だいどう豊里'), (9965204, '太子橋今市'), (9965205, '清水'), (9965206, '新森古市'), (9965207, '関目成育'), (9965208, '蒲生四丁目'), (9965209, '鴫野'), (9965210, '緑橋'), (9965211, '今里')]","333.776,319.349,343.776,329.349","[{'station_cd': 9965201, 'x': 63, 'y': 48}, {'station_cd': 9965202, 'x': 62, 'y': 50}, {'station_cd': 9965203, 'x': 62, 'y': 53}, {'station_cd': 9965204, 'x': 65, 'y': 58}, {'station_cd': 9965205, 'x': 66, 'y': 61}, {'station_cd': 9965206, 'x': 65, 'y': 64}, {'station_cd': 9965207, 'x': 62, 'y': 64}, {'station_cd': 9965208, 'x': 63, 'y': 69}, {'station_cd': 9965209, 'x': 62, 'y': 72}, {'station_cd': 9965210, 'x': 62, 'y': 76}, {'station_cd': 9965211, 'x': 62, 'y': 80}]"
99653,宮舞線,"[(9965301, '宮津'), (9960906, '栗田'), (9960905, '丹後由良'), (9960904, '丹後神崎'), (9960903, '東雲'), (9960902, '四所'), (9960901, '西舞鶴')]","328.459,297.335,338.459,307.335","[{'station_cd': 9965301, 'x': 48, 'y': 48}, {'station_cd': 9960906, 'x': 57, 'y': 45}, {'station_cd': 9960905, 'x': 68, 'y': 56}, {'station_cd': 9960904, 'x': 71, 'y': 59}, {'station_cd': 9960903, 'x': 69, 'y': 71}, {'station_cd': 9960902, 'x': 70, 'y': 81}, {'station_cd': 9960901, 'x': 80, 'y': 83}]"
99701,若桜線,"[(9970101, '郡家'), (9970102, '八頭高校前'), (9970103, '因幡船岡'), (9970104, '隼'), (9970105, '安部'), (9970106, '八東'), (9970107, '徳丸'), (9970108, '丹比'), (9970109, '若桜')]","309.516,299.235,319.516,309.235","[{'station_cd': 9970101, 'x': 46, 'y': 51}, {'station_cd': 9970102, 'x': 45, 'y': 53}, {'station_cd': 9970103, 'x': 45, 'y': 57}, {'station_cd': 9970104, 'x': 51, 'y': 60}, {'station_cd': 9970105, 'x': 56, 'y': 65}, {'station_cd': 9970106, 'x': 62, 'y': 69}, {'station_cd': 9970107, 'x': 67, 'y': 69}, {'station_cd': 9970108, 'x': 73, 'y': 71}, {'station_cd': 9970109, 'x': 83, 'y': 77}]"
99702,北松江線,"[(9970201, '電鉄出雲市'), (9970202, '出雲科学館パークタウン前'), (9970203, '大津町'), (9970204, '武志'), (9970205, '川跡'), (9970206, '大寺'), (9970207, '美談'), (9970208, '旅伏'), (9970209, '雲州平田'), (9970210, '布崎'), (9970211, '湖遊館新駅'), (9970212, '園'), (9970213, '一畑口'), (9970214, '伊野灘'), (9970215, '津ノ森'), (9970216, '高ノ宮'), (9970217, '松江フォーゲルパーク'), (9970218, '秋鹿町'), (9970219, '長江'), (9970220, '朝日ヶ丘'), (9970221, '松江イングリッシュガーデン前'), (9970222, '松江しんじ湖温泉')]","281.097,296.185,291.097,306.185","[{'station_cd': 9970201, 'x': 27, 'y': 83}, {'station_cd': 9970202, 'x': 29, 'y': 82}, {'station_cd': 9970203, 'x': 31, 'y': 80}, {'station_cd': 9970204, 'x': 31, 'y': 74}, {'station_cd': 9970205, 'x': 32, 'y': 71}, {'station_cd': 9970206, 'x': 35, 'y': 68}, {'station_cd': 9970207, 'x': 37, 'y': 65}, {'station_cd': 9970208, 'x': 40, 'y': 62}, {'station_cd': 9970209, 'x': 44, 'y': 59}, {'station_cd': 9970210, 'x': 52, 'y': 53}, {'station_cd': 9970211, 'x': 54, 'y': 52}, {'station_cd': 9970212, 'x': 56, 'y': 51}, {'station_cd': 9970213, 'x': 59, 'y': 48}, {'station_cd': 9970214, 'x': 64, 'y': 50}, {'station_cd': 9970215, 'x': 69, 'y': 48}, {'station_cd': 9970216, 'x': 72, 'y': 46}, {'station_cd': 9970217, 'x': 75, 'y': 46}, {'station_cd': 9970218, 'x': 78, 'y': 45}, {'station_cd': 9970219, 'x': 83, 'y': 44}, {'station_cd': 9970220, 'x': 86, 'y': 44}, {'station_cd': 9970221, 'x': 90, 'y': 46}, {'station_cd': 9970222, 'x': 101, 'y': 50}]"
99703,大社線,"[(9970301, '川跡'), (9970302, '高浜'), (9970303, '遙堪'), (9970304, '浜山公園北口'), (9970305, '出雲大社前')]","277.677,296.760,287.677,306.760","[{'station_cd': 9970301, 'x': 75, 'y': 64}, {'station_cd': 9970302, 'x': 68, 'y': 65}, {'station_cd': 9970303, 'x': 62, 'y': 65}, {'station_cd': 9970304, 'x': 58, 'y': 65}, {'station_cd': 9970305, 'x': 53, 'y': 63}]"
99704,水島本線,"[(9970401, '倉敷市'), (9970402, '球場前'), (9970403, '西富井'), (9970404, '福井'), (9970405, '浦田'), (9970406, '弥生'), (9970407, '栄'), (9970408, '常盤'), (9970409, '水島'), (9970410, '三菱自工前')]","297.592,321.184,307.592,331.184","[{'station_cd': 9970401, 'x': 68, 'y': 50}, {'station_cd': 9970402, 'x': 64, 'y': 54}, {'station_cd': 9970403, 'x': 62, 'y': 58}, {'station_cd': 9970404, 'x': 63, 'y': 61}, {'station_cd': 9970405, 'x': 64, 'y': 64}, {'station_cd': 9970406, 'x': 63, 'y': 70}, {'station_cd': 9970407, 'x': 63, 'y': 73}, {'station_cd': 9970408, 'x': 62, 'y': 74}, {'station_cd': 9970409, 'x': 62, 'y': 76}, {'station_cd': 9970410, 'x': 60, 'y': 78}]"
99705,井原線,"[(9970501, '総社'), (9970502, '清音'), (9970503, '川辺宿'), (9970504, '吉備真備'), (9970505, '備中呉妹'), (9970506, '三谷'), (9970507, '矢掛'), (9970508, '小田'), (9970509, '早雲の里荏原'), (9970510, '井原'), (9970511, 'いずえ'), (9970512, '子守唄の里高屋'), (9970513, '御領'), (9970514, '湯野'), (9970515, '神辺')]","293.782,319.727,303.782,329.727","[{'station_cd': 9970501, 'x': 111, 'y': 43}, {'station_cd': 9970502, 'x': 109, 'y': 53}, {'station_cd': 9970503, 'x': 104, 'y': 57}, {'station_cd': 9970504, 'x': 98, 'y': 59}, {'station_cd': 9970505, 'x': 91, 'y': 60}, {'station_cd': 9970506, 'x': 80, 'y': 61}, {'station_cd': 9970507, 'x': 72, 'y': 56}, {'station_cd': 9970508, 'x': 60, 'y': 64}, {'station_cd': 9970509, 'x': 51, 'y': 66}, {'station_cd': 9970510, 'x': 41, 'y': 67}, {'station_cd': 9970511, 'x': 36, 'y': 68}, {'station_cd': 9970512, 'x': 32, 'y': 70}, {'station_cd': 9970513, 'x': 24, 'y': 76}, {'station_cd': 9970514, 'x': 20, 'y': 80}, {'station_cd': 9970515, 'x': 17, 'y': 85}]"
99706,東山線,"[(9970601, '岡山駅前'), (9970602, '西川緑道公園'), (9970603, '柳川'), (9970604, '城下'), (9970605, '県庁通り'), (9970606, '西大寺町・岡山芸術創造劇場ハレノワ前'), (9970607, '小橋'), (9970608, '中納言'), (9970609, '門田屋敷'), (9970610, '東山・おかでんミュージアム駅')]","301.283,318.681,311.283,328.681","[{'station_cd': 9970601, 'x': 61, 'y': 62}, {'station_cd': 9970602, 'x': 62, 'y': 62}, {'station_cd': 9970603, 'x': 63, 'y': 62}, {'station_cd': 9970604, 'x': 64, 'y': 62}, {'station_cd': 9970605, 'x': 64, 'y': 63}, {'station_cd': 9970606, 'x': 64, 'y': 65}, {'station_cd': 9970607, 'x': 65, 'y': 65}, {'station_cd': 9970608, 'x': 66, 'y': 65}, {'station_cd': 9970609, 'x': 66, 'y': 66}, {'station_cd': 9970610, 'x': 67, 'y': 66}]"
99707,清輝橋線,"[(9970701, '岡山駅前'), (9970702, '西川緑道公園'), (9970703, '柳川'), (9970704, '郵便局前'), (9970705, '田町'), (9970706, '新西大寺町筋'), (9970707, '大雲寺前'), (9970709, '東中央町'), (9970708, '清輝橋')]","301.118,318.733,311.118,328.733","[{'station_cd': 9970701, 'x': 63, 'y': 62}, {'station_cd': 9970702, 'x': 64, 'y': 62}, {'station_cd': 9970703, 'x': 65, 'y': 62}, {'station_cd': 9970704, 'x': 65, 'y': 63}, {'station_cd': 9970705, 'x': 65, 'y': 63}, {'station_cd': 9970706, 'x': 65, 'y': 64}, {'station_cd': 9970707, 'x': 65, 'y': 65}, {'station_cd': 9970709, 'x': 65, 'y': 66}, {'station_cd': 9970708, 'x': 65, 'y': 67}]"
99708,スカイレールみどり坂線,"[(9970801, 'みどり口'), (9970802, 'みどり中街'), (9970803, 'みどり中央')]","274.346,323.430,284.346,333.430","[{'station_cd': 9970801, 'x': 65, 'y': 65}, {'station_cd': 9970802, 'x': 65, 'y': 64}, {'station_cd': 9970803, 'x': 63, 'y': 63}]"
99709,アストラムライン,"[(9970901, '本通'), (9970902, '県庁前'), (9970903, '城北'), (9970922, '新白島'), (9970904, '白島'), (9970905, '牛田'), (9970906, '不動院前'), (9970907, '祇園新橋北'), (9970908, '西原'), (9970909, '中筋'), (9970910, '古市'), (9970911, '大町'), (9970912, '毘沙門台'), (9970913, '安東'), (9970914, '上安'), (9970915, '高取'), (9970916, '長楽寺'), (9970917, '伴'), (9970918, '大原'), (9970919, '伴中央'), (9970920, '大塚'), (9970921, '広域公園前')]","271.261,322.995,281.261,332.995","[{'station_cd': 9970901, 'x': 68, 'y': 79}, {'station_cd': 9970902, 'x': 69, 'y': 78}, {'station_cd': 9970903, 'x': 69, 'y': 75}, {'station_cd': 9970922, 'x': 69, 'y': 74}, {'station_cd': 9970904, 'x': 70, 'y': 73}, {'station_cd': 9970905, 'x': 71, 'y': 71}, {'station_cd': 9970906, 'x': 72, 'y': 67}, {'station_cd': 9970907, 'x': 72, 'y': 64}, {'station_cd': 9970908, 'x': 73, 'y': 62}, {'station_cd': 9970909, 'x': 74, 'y': 58}, {'station_cd': 9970910, 'x': 74, 'y': 56}, {'station_cd': 9970911, 'x': 72, 'y': 55}, {'station_cd': 9970912, 'x': 70, 'y': 52}, {'station_cd': 9970913, 'x': 68, 'y': 50}, {'station_cd': 9970914, 'x': 66, 'y': 49}, {'station_cd': 9970915, 'x': 64, 'y': 50}, {'station_cd': 9970916, 'x': 62, 'y': 50}, {'station_cd': 9970917, 'x': 59, 'y': 51}, {'station_cd': 9970918, 'x': 57, 'y': 53}, {'station_cd': 9970919, 'x': 56, 'y': 56}, {'station_cd': 9970920, 'x': 55, 'y': 61}, {'station_cd': 9970921, 'x': 54, 'y': 63}]"
99710,広電１号線(宇品線),"[(9971001, '広島駅'), (9971002, '猿猴橋町'), (9971003, '的場町'), (9971004, '稲荷町'), (9971005, '銀山町'), (9971006, '胡町'), (9971007, '八丁堀'), (9971008, '立町'), (9971009, '紙屋町東'), (9971010, '本通'), (9971011, '袋町'), (9971012, '中電前'), (9971013, '市役所前'), (9971014, '鷹野橋'), (9971015, '日赤病院前'), (9971016, '広電本社前'), (9971017, '御幸橋'), (9971018, '皆実町六丁目'), (9971019, '広大附属学校前'), (9971020, '県病院前'), (9971021, '宇品二丁目'), (9971022, '宇品三丁目'), (9971023, '宇品四丁目'), (9971024, '宇品五丁目'), (9971025, '海岸通'), (9971026, '元宇品口'), (9971027, '広島港（宇品）')]","271.755,324.699,281.755,334.699","[{'station_cd': 9971001, 'x': 67, 'y': 56}, {'station_cd': 9971002, 'x': 67, 'y': 57}, {'station_cd': 9971003, 'x': 67, 'y': 58}, {'station_cd': 9971004, 'x': 66, 'y': 58}, {'station_cd': 9971005, 'x': 65, 'y': 57}, {'station_cd': 9971006, 'x': 64, 'y': 57}, {'station_cd': 9971007, 'x': 64, 'y': 57}, {'station_cd': 9971008, 'x': 63, 'y': 57}, {'station_cd': 9971009, 'x': 62, 'y': 57}, {'station_cd': 9971010, 'x': 62, 'y': 57}, {'station_cd': 9971011, 'x': 62, 'y': 58}, {'station_cd': 9971012, 'x': 62, 'y': 59}, {'station_cd': 9971013, 'x': 61, 'y': 60}, {'station_cd': 9971014, 'x': 61, 'y': 61}, {'station_cd': 9971015, 'x': 62, 'y': 62}, {'station_cd': 9971016, 'x': 62, 'y': 63}, {'station_cd': 9971017, 'x': 63, 'y': 64}, {'station_cd': 9971018, 'x': 64, 'y': 64}, {'station_cd': 9971019, 'x': 64, 'y': 65}, {'station_cd': 9971020, 'x': 64, 'y': 66}, {'station_cd': 9971021, 'x': 64, 'y': 67}, {'station_cd': 9971022, 'x': 64, 'y': 68}, {'station_cd': 9971023, 'x': 64, 'y': 69}, {'station_cd': 9971024, 'x': 64, 'y': 70}, {'station_cd': 9971025, 'x': 63, 'y': 71}, {'station_cd': 9971026, 'x': 62, 'y': 71}, {'station_cd': 9971027, 'x': 61, 'y': 72}]"
99711,広電２号線(宮島線),"[(9971101, '広島駅'), (9971102, '猿猴橋町'), (9971103, '的場町'), (9971104, '稲荷町'), (9971105, '銀山町'), (9971106, '胡町'), (9971107, '八丁堀'), (9971108, '立町'), (9971109, '紙屋町東'), (9971110, '紙屋町西'), (9971111, '原爆ドーム前'), (9971112, '本川町'), (9971113, '十日市町'), (9971114, '土橋'), (9971115, '小網町'), (9971116, '天満町'), (9971117, '観音町'), (9971118, '西観音町'), (9971119, '福島町'), (9971120, '広電西広島（己斐）'), (9971121, '東高須'), (9971122, '高須'), (9971123, '古江'), (9971124, '草津'), (9971125, '草津南'), (9971126, '商工センター入口'), (9971127, '井口'), (9971128, '修大協創中高前'), (9971129, '広電五日市'), (9971130, '佐伯区役所前'), (9971131, '楽々園'), (9971132, '山陽女学園前'), (9971133, '広電廿日市'), (9971134, '廿日市市役所前（平良）'), (9971135, '宮内'), (9971136, 'ＪＡ広島病院前'), (9971137, '地御前'), (9971138, '阿品東'), (9971139, '広電阿品'), (9971140, '宮島ボートレース場'), (9971141, '広電宮島口')]","270.246,325.148,280.246,335.148","[{'station_cd': 9971101, 'x': 86, 'y': 51}, {'station_cd': 9971102, 'x': 86, 'y': 51}, {'station_cd': 9971103, 'x': 86, 'y': 52}, {'station_cd': 9971104, 'x': 85, 'y': 52}, {'station_cd': 9971105, 'x': 84, 'y': 52}, {'station_cd': 9971106, 'x': 83, 'y': 52}, {'station_cd': 9971107, 'x': 83, 'y': 51}, {'station_cd': 9971108, 'x': 82, 'y': 51}, {'station_cd': 9971109, 'x': 82, 'y': 51}, {'station_cd': 9971110, 'x': 81, 'y': 51}, {'station_cd': 9971111, 'x': 81, 'y': 50}, {'station_cd': 9971112, 'x': 80, 'y': 50}, {'station_cd': 9971113, 'x': 79, 'y': 50}, {'station_cd': 9971114, 'x': 79, 'y': 51}, {'station_cd': 9971115, 'x': 78, 'y': 51}, {'station_cd': 9971116, 'x': 77, 'y': 50}, {'station_cd': 9971117, 'x': 77, 'y': 50}, {'station_cd': 9971118, 'x': 76, 'y': 51}, {'station_cd': 9971119, 'x': 76, 'y': 50}, {'station_cd': 9971120, 'x': 74, 'y': 50}, {'station_cd': 9971121, 'x': 72, 'y': 51}, {'station_cd': 9971122, 'x': 71, 'y': 52}, {'station_cd': 9971123, 'x': 70, 'y': 53}, {'station_cd': 9971124, 'x': 68, 'y': 55}, {'station_cd': 9971125, 'x': 66, 'y': 56}, {'station_cd': 9971126, 'x': 65, 'y': 57}, {'station_cd': 9971127, 'x': 63, 'y': 58}, {'station_cd': 9971128, 'x': 60, 'y': 59}, {'station_cd': 9971129, 'x': 58, 'y': 60}, {'station_cd': 9971130, 'x': 57, 'y': 60}, {'station_cd': 9971131, 'x': 54, 'y': 60}, {'station_cd': 9971132, 'x': 52, 'y': 61}, {'station_cd': 9971133, 'x': 50, 'y': 62}, {'station_cd': 9971134, 'x': 49, 'y': 64}, {'station_cd': 9971135, 'x': 47, 'y': 66}, {'station_cd': 9971136, 'x': 47, 'y': 67}, {'station_cd': 9971137, 'x': 46, 'y': 68}, {'station_cd': 9971138, 'x': 45, 'y': 73}, {'station_cd': 9971139, 'x': 44, 'y': 74}, {'station_cd': 9971140, 'x': 42, 'y': 77}, {'station_cd': 9971141, 'x': 42, 'y': 78}]"
99712,広電３号線,"[(9971201, '広島港（宇品）'), (9971202, '元宇品口'), (9971203, '海岸通'), (9971204, '宇品五丁目'), (9971205, '宇品四丁目'), (9971206, '宇品三丁目'), (9971207, '宇品二丁目'), (9971208, '県病院前'), (9971209, '広大附属学校前'), (9971210, '皆実町六丁目'), (9971211, '御幸橋'), (9971212, '広電本社前'), (9971213, '日赤病院前'), (9971214, '鷹野橋'), (9971215, '市役所前'), (9971216, '中電前'), (9971217, '袋町'), (9971218, '本通'), (9971219, '紙屋町西'), (9971220, '原爆ドーム前'), (9971221, '本川町'), (9971222, '十日市町'), (9971223, '土橋'), (9971224, '小網町'), (9971225, '天満町'), (9971226, '観音町'), (9971227, '西観音町'), (9971228, '福島町'), (9971229, '広電西広島（己斐）')]","271.387,324.659,281.387,334.659","[{'station_cd': 9971201, 'x': 66, 'y': 72}, {'station_cd': 9971202, 'x': 67, 'y': 72}, {'station_cd': 9971203, 'x': 68, 'y': 71}, {'station_cd': 9971204, 'x': 68, 'y': 71}, {'station_cd': 9971205, 'x': 68, 'y': 70}, {'station_cd': 9971206, 'x': 69, 'y': 68}, {'station_cd': 9971207, 'x': 69, 'y': 67}, {'station_cd': 9971208, 'x': 69, 'y': 67}, {'station_cd': 9971209, 'x': 69, 'y': 66}, {'station_cd': 9971210, 'x': 69, 'y': 65}, {'station_cd': 9971211, 'x': 67, 'y': 64}, {'station_cd': 9971212, 'x': 67, 'y': 63}, {'station_cd': 9971213, 'x': 66, 'y': 62}, {'station_cd': 9971214, 'x': 66, 'y': 61}, {'station_cd': 9971215, 'x': 66, 'y': 60}, {'station_cd': 9971216, 'x': 66, 'y': 59}, {'station_cd': 9971217, 'x': 67, 'y': 58}, {'station_cd': 9971218, 'x': 67, 'y': 58}, {'station_cd': 9971219, 'x': 67, 'y': 57}, {'station_cd': 9971220, 'x': 66, 'y': 57}, {'station_cd': 9971221, 'x': 65, 'y': 56}, {'station_cd': 9971222, 'x': 64, 'y': 56}, {'station_cd': 9971223, 'x': 64, 'y': 57}, {'station_cd': 9971224, 'x': 64, 'y': 57}, {'station_cd': 9971225, 'x': 63, 'y': 57}, {'station_cd': 9971226, 'x': 62, 'y': 57}, {'station_cd': 9971227, 'x': 62, 'y': 57}, {'station_cd': 9971228, 'x': 61, 'y': 57}, {'station_cd': 9971229, 'x': 59, 'y': 56}]"
99713,広電５号線(皆実線),"[(9971301, '広島駅'), (9971302, '猿猴橋町'), (9971303, '的場町'), (9971319, '稲荷町'), (9971304, '段原一丁目'), (9971320, '松川町'), (9971305, '比治山下'), (9971306, '比治山橋'), (9971307, '南区役所前'), (9971308, '皆実町二丁目'), (9971309, '皆実町六丁目'), (9971310, '広大附属学校前'), (9971311, '県病院前'), (9971312, '宇品二丁目'), (9971313, '宇品三丁目'), (9971314, '宇品四丁目'), (9971315, '宇品五丁目'), (9971316, '海岸通'), (9971317, '元宇品口'), (9971318, '広島港（宇品）')]","271.768,324.700,281.768,334.700","[{'station_cd': 9971301, 'x': 67, 'y': 56}, {'station_cd': 9971302, 'x': 67, 'y': 57}, {'station_cd': 9971303, 'x': 67, 'y': 57}, {'station_cd': 9971319, 'x': 66, 'y': 58}, {'station_cd': 9971304, 'x': 67, 'y': 58}, {'station_cd': 9971320, 'x': 66, 'y': 58}, {'station_cd': 9971305, 'x': 66, 'y': 59}, {'station_cd': 9971306, 'x': 65, 'y': 61}, {'station_cd': 9971307, 'x': 64, 'y': 62}, {'station_cd': 9971308, 'x': 64, 'y': 63}, {'station_cd': 9971309, 'x': 64, 'y': 64}, {'station_cd': 9971310, 'x': 64, 'y': 65}, {'station_cd': 9971311, 'x': 64, 'y': 66}, {'station_cd': 9971312, 'x': 64, 'y': 67}, {'station_cd': 9971313, 'x': 64, 'y': 68}, {'station_cd': 9971314, 'x': 63, 'y': 69}, {'station_cd': 9971315, 'x': 63, 'y': 70}, {'station_cd': 9971316, 'x': 63, 'y': 71}, {'station_cd': 9971317, 'x': 62, 'y': 71}, {'station_cd': 9971318, 'x': 61, 'y': 72}]"
99714,広電６号線(江波線),"[(9971401, '広島駅'), (9971402, '猿猴橋町'), (9971403, '的場町'), (9971404, '稲荷町'), (9971405, '銀山町'), (9971406, '胡町'), (9971407, '八丁堀'), (9971408, '立町'), (9971409, '紙屋町東'), (9971410, '紙屋町西'), (9971411, '原爆ドーム前'), (9971412, '本川町'), (9971413, '十日市町'), (9971414, '土橋'), (9971415, '舟入町'), (9971416, '舟入本町'), (9971417, '舟入幸町'), (9971418, '舟入川口町'), (9971419, '舟入南'), (9971420, '江波')]","271.582,324.397,281.582,334.397","[{'station_cd': 9971401, 'x': 69, 'y': 60}, {'station_cd': 9971402, 'x': 69, 'y': 61}, {'station_cd': 9971403, 'x': 69, 'y': 61}, {'station_cd': 9971404, 'x': 68, 'y': 62}, {'station_cd': 9971405, 'x': 67, 'y': 61}, {'station_cd': 9971406, 'x': 66, 'y': 61}, {'station_cd': 9971407, 'x': 66, 'y': 61}, {'station_cd': 9971408, 'x': 65, 'y': 61}, {'station_cd': 9971409, 'x': 65, 'y': 60}, {'station_cd': 9971410, 'x': 64, 'y': 60}, {'station_cd': 9971411, 'x': 64, 'y': 60}, {'station_cd': 9971412, 'x': 63, 'y': 60}, {'station_cd': 9971413, 'x': 62, 'y': 59}, {'station_cd': 9971414, 'x': 62, 'y': 60}, {'station_cd': 9971415, 'x': 61, 'y': 62}, {'station_cd': 9971416, 'x': 61, 'y': 64}, {'station_cd': 9971417, 'x': 60, 'y': 64}, {'station_cd': 9971418, 'x': 60, 'y': 65}, {'station_cd': 9971419, 'x': 59, 'y': 67}, {'station_cd': 9971420, 'x': 59, 'y': 68}]"
99715,広電７号線,"[(9971501, '横川駅'), (9971502, '横川一丁目'), (9971503, '別院前'), (9971504, '寺町'), (9971505, '十日市町'), (9971506, '本川町'), (9971507, '原爆ドーム前'), (9971508, '紙屋町西'), (9971509, '本通'), (9971510, '袋町'), (9971511, '中電前'), (9971512, '市役所前'), (9971513, '鷹野橋'), (9971514, '日赤病院前'), (9971515, '広電本社前'), (9971516, '御幸橋'), (9971517, '皆実町六丁目'), (9971518, '広大附属学校前'), (9971519, '県病院前'), (9971520, '宇品二丁目'), (9971521, '宇品三丁目'), (9971522, '宇品四丁目'), (9971523, '宇品五丁目'), (9971524, '海岸通'), (9971525, '元宇品口'), (9971526, '広島港（宇品）')]","271.579,324.504,281.579,334.504","[{'station_cd': 9971501, 'x': 63, 'y': 54}, {'station_cd': 9971502, 'x': 63, 'y': 55}, {'station_cd': 9971503, 'x': 62, 'y': 56}, {'station_cd': 9971504, 'x': 62, 'y': 57}, {'station_cd': 9971505, 'x': 62, 'y': 58}, {'station_cd': 9971506, 'x': 63, 'y': 58}, {'station_cd': 9971507, 'x': 64, 'y': 59}, {'station_cd': 9971508, 'x': 64, 'y': 59}, {'station_cd': 9971509, 'x': 64, 'y': 60}, {'station_cd': 9971510, 'x': 64, 'y': 60}, {'station_cd': 9971511, 'x': 64, 'y': 61}, {'station_cd': 9971512, 'x': 64, 'y': 62}, {'station_cd': 9971513, 'x': 63, 'y': 63}, {'station_cd': 9971514, 'x': 64, 'y': 64}, {'station_cd': 9971515, 'x': 65, 'y': 65}, {'station_cd': 9971516, 'x': 65, 'y': 66}, {'station_cd': 9971517, 'x': 66, 'y': 67}, {'station_cd': 9971518, 'x': 66, 'y': 68}, {'station_cd': 9971519, 'x': 66, 'y': 69}, {'station_cd': 9971520, 'x': 66, 'y': 69}, {'station_cd': 9971521, 'x': 66, 'y': 70}, {'station_cd': 9971522, 'x': 66, 'y': 72}, {'station_cd': 9971523, 'x': 66, 'y': 73}, {'station_cd': 9971524, 'x': 66, 'y': 73}, {'station_cd': 9971525, 'x': 65, 'y': 74}, {'station_cd': 9971526, 'x': 64, 'y': 74}]"
99716,広電８号線(横川線),"[(9971601, '横川駅'), (9971602, '横川一丁目'), (9971603, '別院前'), (9971604, '寺町'), (9971605, '十日市町'), (9971606, '土橋'), (9971607, '舟入町'), (9971608, '舟入本町'), (9971609, '舟入幸町'), (9971610, '舟入川口町'), (9971611, '舟入南'), (9971612, '江波')]","271.331,324.212,281.331,334.212","[{'station_cd': 9971601, 'x': 66, 'y': 58}, {'station_cd': 9971602, 'x': 66, 'y': 58}, {'station_cd': 9971603, 'x': 66, 'y': 59}, {'station_cd': 9971604, 'x': 65, 'y': 60}, {'station_cd': 9971605, 'x': 65, 'y': 62}, {'station_cd': 9971606, 'x': 65, 'y': 63}, {'station_cd': 9971607, 'x': 64, 'y': 65}, {'station_cd': 9971608, 'x': 64, 'y': 66}, {'station_cd': 9971609, 'x': 63, 'y': 67}, {'station_cd': 9971610, 'x': 63, 'y': 68}, {'station_cd': 9971611, 'x': 62, 'y': 70}, {'station_cd': 9971612, 'x': 62, 'y': 70}]"
99717,広電９号線(白島線),"[(9971701, '八丁堀'), (9971702, '女学院前'), (9971703, '縮景園前'), (9971704, '家庭裁判所前'), (9971705, '白島')]","271.765,324.013,281.765,334.013","[{'station_cd': 9971701, 'x': 64, 'y': 66}, {'station_cd': 9971702, 'x': 64, 'y': 64}, {'station_cd': 9971703, 'x': 64, 'y': 64}, {'station_cd': 9971704, 'x': 64, 'y': 63}, {'station_cd': 9971705, 'x': 64, 'y': 62}]"
99718,錦川清流線,"[(9971801, '川西'), (9971802, '清流新岩国'), (9971803, '守内かさ神'), (9971804, '南河内'), (9971805, '行波'), (9971806, '北河内'), (9971807, '椋野'), (9971808, '南桑'), (9971813, '清流みはらし'), (9971809, '根笠'), (9971810, '河山'), (9971811, '柳瀬'), (9971812, '錦町')]","263.757,328.731,273.757,338.731","[{'station_cd': 9971801, 'x': 91, 'y': 85}, {'station_cd': 9971802, 'x': 84, 'y': 82}, {'station_cd': 9971803, 'x': 81, 'y': 80}, {'station_cd': 9971804, 'x': 72, 'y': 80}, {'station_cd': 9971805, 'x': 68, 'y': 81}, {'station_cd': 9971806, 'x': 62, 'y': 76}, {'station_cd': 9971807, 'x': 54, 'y': 69}, {'station_cd': 9971808, 'x': 51, 'y': 64}, {'station_cd': 9971813, 'x': 47, 'y': 62}, {'station_cd': 9971809, 'x': 46, 'y': 63}, {'station_cd': 9971810, 'x': 42, 'y': 53}, {'station_cd': 9971811, 'x': 40, 'y': 46}, {'station_cd': 9971812, 'x': 37, 'y': 43}]"
99719,循環線,"[(9971901, '広電本社前'), (9971902, '日赤病院前'), (9971903, '鷹野橋'), (9971904, '市役所前'), (9971905, '中電前'), (9971906, '袋町'), (9971907, '本通'), (9971908, '紙屋町東'), (9971909, '立町'), (9971910, '八丁堀'), (9971911, '胡町'), (9971912, '銀山町'), (9971913, '稲荷町'), (9971914, '的場町'), (9971915, '段原一丁目'), (9971916, '比治山下'), (9971917, '比治山橋'), (9971918, '南区役所前'), (9971919, '皆実町二丁目'), (9971920, '皆実町六丁目'), (9971921, '御幸橋')]","271.752,324.417,281.752,334.417","[{'station_cd': 9971901, 'x': 62, 'y': 66}, {'station_cd': 9971902, 'x': 62, 'y': 65}, {'station_cd': 9971903, 'x': 61, 'y': 64}, {'station_cd': 9971904, 'x': 61, 'y': 63}, {'station_cd': 9971905, 'x': 62, 'y': 62}, {'station_cd': 9971906, 'x': 62, 'y': 62}, {'station_cd': 9971907, 'x': 62, 'y': 61}, {'station_cd': 9971908, 'x': 62, 'y': 60}, {'station_cd': 9971909, 'x': 63, 'y': 60}, {'station_cd': 9971910, 'x': 64, 'y': 61}, {'station_cd': 9971911, 'x': 64, 'y': 61}, {'station_cd': 9971912, 'x': 65, 'y': 61}, {'station_cd': 9971913, 'x': 66, 'y': 61}, {'station_cd': 9971914, 'x': 67, 'y': 61}, {'station_cd': 9971915, 'x': 67, 'y': 62}, {'station_cd': 9971916, 'x': 66, 'y': 63}, {'station_cd': 9971917, 'x': 65, 'y': 65}, {'station_cd': 9971918, 'x': 65, 'y': 66}, {'station_cd': 9971919, 'x': 64, 'y': 67}, {'station_cd': 9971920, 'x': 64, 'y': 68}, {'station_cd': 9971921, 'x': 63, 'y': 67}]"
99801,阿波室戸シーサイドライン,"[(9980104, '阿波海南'), (9980101, '海部'), (9980102, '宍喰'), (9980103, '甲浦')]","308.454,349.337,318.454,359.337","[{'station_cd': 9980104, 'x': 72, 'y': 54}, {'station_cd': 9980101, 'x': 72, 'y': 59}, {'station_cd': 9980102, 'x': 59, 'y': 67}, {'station_cd': 9980103, 'x': 56, 'y': 74}]"
99802,琴電琴平線,"[(9980201, '高松築港'), (9980202, '片原町'), (9980203, '瓦町'), (9980204, '栗林公園'), (9980205, '三条'), (9980223, '伏石'), (9980206, '太田'), (9980207, '仏生山'), (9980208, '空港通り'), (9980209, '一宮'), (9980210, '円座'), (9980211, '岡本'), (9980212, '挿頭丘'), (9980213, '畑田'), (9980214, '陶'), (9980222, '綾川（イオンモール綾川）'), (9980215, '滝宮'), (9980216, '羽床'), (9980217, '栗熊'), (9980218, '岡田'), (9980219, '羽間'), (9980220, '榎井'), (9980221, '琴電琴平')]","301.171,329.533,311.171,339.533","[{'station_cd': 9980201, 'x': 93, 'y': 37}, {'station_cd': 9980202, 'x': 95, 'y': 39}, {'station_cd': 9980203, 'x': 94, 'y': 42}, {'station_cd': 9980204, 'x': 94, 'y': 45}, {'station_cd': 9980205, 'x': 93, 'y': 49}, {'station_cd': 9980223, 'x': 93, 'y': 52}, {'station_cd': 9980206, 'x': 92, 'y': 56}, {'station_cd': 9980207, 'x': 91, 'y': 61}, {'station_cd': 9980208, 'x': 89, 'y': 62}, {'station_cd': 9980209, 'x': 86, 'y': 61}, {'station_cd': 9980210, 'x': 83, 'y': 60}, {'station_cd': 9980211, 'x': 77, 'y': 65}, {'station_cd': 9980212, 'x': 75, 'y': 68}, {'station_cd': 9980213, 'x': 73, 'y': 69}, {'station_cd': 9980214, 'x': 67, 'y': 71}, {'station_cd': 9980222, 'x': 63, 'y': 72}, {'station_cd': 9980215, 'x': 60, 'y': 72}, {'station_cd': 9980216, 'x': 55, 'y': 74}, {'station_cd': 9980217, 'x': 50, 'y': 76}, {'station_cd': 9980218, 'x': 44, 'y': 81}, {'station_cd': 9980219, 'x': 41, 'y': 84}, {'station_cd': 9980220, 'x': 36, 'y': 89}, {'station_cd': 9980221, 'x': 33, 'y': 90}]"
99803,琴電長尾線,"[(9980301, '高松築港'), (9980302, '片原町'), (9980303, '瓦町'), (9980304, '花園'), (9980305, '林道'), (9980306, '木太東口'), (9980307, '元山'), (9980308, '水田'), (9980309, '西前田'), (9980310, '高田'), (9980311, '池戸'), (9980312, '農学部前'), (9980313, '平木'), (9980314, '学園通り'), (9980315, '白山'), (9980316, '井戸'), (9980317, '公文明'), (9980318, '長尾')]","304.647,328.709,314.647,338.709","[{'station_cd': 9980301, 'x': 49, 'y': 48}, {'station_cd': 9980302, 'x': 50, 'y': 50}, {'station_cd': 9980303, 'x': 50, 'y': 52}, {'station_cd': 9980304, 'x': 51, 'y': 54}, {'station_cd': 9980305, 'x': 55, 'y': 58}, {'station_cd': 9980306, 'x': 56, 'y': 60}, {'station_cd': 9980307, 'x': 57, 'y': 63}, {'station_cd': 9980308, 'x': 60, 'y': 66}, {'station_cd': 9980309, 'x': 63, 'y': 68}, {'station_cd': 9980310, 'x': 65, 'y': 71}, {'station_cd': 9980311, 'x': 66, 'y': 75}, {'station_cd': 9980312, 'x': 68, 'y': 77}, {'station_cd': 9980313, 'x': 69, 'y': 77}, {'station_cd': 9980314, 'x': 71, 'y': 78}, {'station_cd': 9980315, 'x': 74, 'y': 80}, {'station_cd': 9980316, 'x': 76, 'y': 80}, {'station_cd': 9980317, 'x': 77, 'y': 80}, {'station_cd': 9980318, 'x': 79, 'y': 80}]"
99804,琴電志度線,"[(9980401, '瓦町'), (9980402, '今橋'), (9980403, '松島二丁目'), (9980404, '沖松島'), (9980405, '春日川'), (9980406, '潟元'), (9980407, '琴電屋島'), (9980408, '古高松'), (9980409, '八栗'), (9980410, '六万寺'), (9980411, '大町'), (9980412, '八栗新道'), (9980413, '塩屋'), (9980414, '房前'), (9980415, '原'), (9980416, '琴電志度')]","304.725,328.024,314.725,338.024","[{'station_cd': 9980401, 'x': 49, 'y': 61}, {'station_cd': 9980402, 'x': 50, 'y': 60}, {'station_cd': 9980403, 'x': 52, 'y': 61}, {'station_cd': 9980404, 'x': 54, 'y': 61}, {'station_cd': 9980405, 'x': 57, 'y': 61}, {'station_cd': 9980406, 'x': 60, 'y': 61}, {'station_cd': 9980407, 'x': 62, 'y': 61}, {'station_cd': 9980408, 'x': 64, 'y': 61}, {'station_cd': 9980409, 'x': 67, 'y': 60}, {'station_cd': 9980410, 'x': 70, 'y': 61}, {'station_cd': 9980411, 'x': 71, 'y': 63}, {'station_cd': 9980412, 'x': 73, 'y': 63}, {'station_cd': 9980413, 'x': 75, 'y': 64}, {'station_cd': 9980414, 'x': 76, 'y': 65}, {'station_cd': 9980415, 'x': 77, 'y': 67}, {'station_cd': 9980416, 'x': 79, 'y': 69}]"
99805,伊予鉄道郡中線,"[(9980501, '松山市'), (9980502, '土橋'), (9980503, '土居田'), (9980504, '余戸'), (9980505, '鎌田'), (9980506, '岡田'), (9980507, '古泉'), (9980508, '松前'), (9980509, '地蔵町'), (9980510, '新川'), (9980511, '郡中'), (9980512, '郡中港')]","276.782,341.138,286.782,351.138","[{'station_cd': 9980501, 'x': 72, 'y': 50}, {'station_cd': 9980502, 'x': 70, 'y': 51}, {'station_cd': 9980503, 'x': 67, 'y': 54}, {'station_cd': 9980504, 'x': 65, 'y': 57}, {'station_cd': 9980505, 'x': 63, 'y': 59}, {'station_cd': 9980506, 'x': 62, 'y': 63}, {'station_cd': 9980507, 'x': 60, 'y': 65}, {'station_cd': 9980508, 'x': 57, 'y': 67}, {'station_cd': 9980509, 'x': 57, 'y': 69}, {'station_cd': 9980510, 'x': 57, 'y': 72}, {'station_cd': 9980511, 'x': 57, 'y': 76}, {'station_cd': 9980512, 'x': 56, 'y': 78}]"
99806,伊予鉄道高浜線,"[(9980601, '高浜'), (9980602, '梅津寺'), (9980603, '港山'), (9980604, '三津'), (9980605, '山西'), (9980606, '西衣山'), (9980607, '衣山'), (9980608, '古町'), (9980609, '大手町'), (9980610, '松山市')]","276.817,339.371,286.817,349.371","[{'station_cd': 9980601, 'x': 56, 'y': 55}, {'station_cd': 9980602, 'x': 58, 'y': 58}, {'station_cd': 9980603, 'x': 59, 'y': 60}, {'station_cd': 9980604, 'x': 61, 'y': 62}, {'station_cd': 9980605, 'x': 62, 'y': 65}, {'station_cd': 9980606, 'x': 64, 'y': 67}, {'station_cd': 9980607, 'x': 67, 'y': 67}, {'station_cd': 9980608, 'x': 70, 'y': 69}, {'station_cd': 9980609, 'x': 70, 'y': 71}, {'station_cd': 9980610, 'x': 72, 'y': 73}]"
99807,伊予鉄道横河原線,"[(9980701, '松山市'), (9980702, '石手川公園'), (9980703, 'いよ立花'), (9980704, '福音寺'), (9980705, '北久米'), (9980706, '久米'), (9980707, '鷹ノ子'), (9980708, '平井'), (9980709, '梅本'), (9980710, '牛渕団地前'), (9980711, '牛渕'), (9980712, '田窪'), (9980713, '見奈良'), (9980714, '愛大医学部南口'), (9980715, '横河原')]","278.615,340.753,288.615,350.753","[{'station_cd': 9980701, 'x': 49, 'y': 55}, {'station_cd': 9980702, 'x': 50, 'y': 57}, {'station_cd': 9980703, 'x': 51, 'y': 58}, {'station_cd': 9980704, 'x': 55, 'y': 60}, {'station_cd': 9980705, 'x': 58, 'y': 62}, {'station_cd': 9980706, 'x': 59, 'y': 63}, {'station_cd': 9980707, 'x': 62, 'y': 64}, {'station_cd': 9980708, 'x': 65, 'y': 66}, {'station_cd': 9980709, 'x': 68, 'y': 69}, {'station_cd': 9980710, 'x': 70, 'y': 70}, {'station_cd': 9980711, 'x': 72, 'y': 71}, {'station_cd': 9980712, 'x': 75, 'y': 72}, {'station_cd': 9980713, 'x': 77, 'y': 72}, {'station_cd': 9980714, 'x': 78, 'y': 71}, {'station_cd': 9980715, 'x': 80, 'y': 69}]"
99808,伊予鉄道環状線（１系統）,"[(9980801, '松山市駅前'), (9980802, '南堀端'), (9980803, '西堀端'), (9980804, '大手町'), (9980805, '松山駅前'), (9980806, '宮田町'), (9980807, '古町'), (9980808, '萱町六丁目'), (9980809, '本町六丁目'), (9980810, '木屋町'), (9980811, '高砂町'), (9980812, '清水町'), (9980813, '鉄砲町'), (9980814, '赤十字病院前'), (9980815, '平和通一丁目'), (9980816, '上一万'), (9980817, '警察署前'), (9980818, '勝山町'), (9980819, '大街道'), (9980820, '県庁前'), (9980821, '市役所前')]","277.443,339.822,287.443,349.822","[{'station_cd': 9980801, 'x': 64, 'y': 67}, {'station_cd': 9980802, 'x': 63, 'y': 66}, {'station_cd': 9980803, 'x': 63, 'y': 66}, {'station_cd': 9980804, 'x': 62, 'y': 66}, {'station_cd': 9980805, 'x': 61, 'y': 65}, {'station_cd': 9980806, 'x': 61, 'y': 64}, {'station_cd': 9980807, 'x': 62, 'y': 63}, {'station_cd': 9980808, 'x': 62, 'y': 61}, {'station_cd': 9980809, 'x': 63, 'y': 61}, {'station_cd': 9980810, 'x': 63, 'y': 61}, {'station_cd': 9980811, 'x': 64, 'y': 62}, {'station_cd': 9980812, 'x': 64, 'y': 62}, {'station_cd': 9980813, 'x': 65, 'y': 63}, {'station_cd': 9980814, 'x': 66, 'y': 63}, {'station_cd': 9980815, 'x': 67, 'y': 63}, {'station_cd': 9980816, 'x': 67, 'y': 64}, {'station_cd': 9980817, 'x': 67, 'y': 64}, {'station_cd': 9980818, 'x': 67, 'y': 65}, {'station_cd': 9980819, 'x': 65, 'y': 65}, {'station_cd': 9980820, 'x': 65, 'y': 65}, {'station_cd': 9980821, 'x': 64, 'y': 66}]"
99809,伊予鉄道環状線（２系統）,"[(9980901, '松山市駅前'), (9980902, '南堀端'), (9980903, '市役所前'), (9980904, '県庁前'), (9980905, '大街道'), (9980906, '勝山町'), (9980907, '警察署前'), (9980908, '上一万'), (9980909, '平和通一丁目'), (9980910, '赤十字病院前'), (9980911, '鉄砲町'), (9980912, '清水町'), (9980913, '高砂町'), (9980914, '木屋町'), (9980915, '本町六丁目'), (9980916, '萱町六丁目'), (9980917, '古町'), (9980918, '宮田町'), (9980919, '松山駅前'), (9980920, '大手町'), (9980921, '西堀端')]","277.443,339.822,287.443,349.822","[{'station_cd': 9980901, 'x': 64, 'y': 67}, {'station_cd': 9980902, 'x': 63, 'y': 66}, {'station_cd': 9980903, 'x': 64, 'y': 66}, {'station_cd': 9980904, 'x': 65, 'y': 65}, {'station_cd': 9980905, 'x': 65, 'y': 65}, {'station_cd': 9980906, 'x': 67, 'y': 65}, {'station_cd': 9980907, 'x': 67, 'y': 64}, {'station_cd': 9980908, 'x': 67, 'y': 64}, {'station_cd': 9980909, 'x': 67, 'y': 63}, {'station_cd': 9980910, 'x': 66, 'y': 63}, {'station_cd': 9980911, 'x': 65, 'y': 63}, {'station_cd': 9980912, 'x': 64, 'y': 62}, {'station_cd': 9980913, 'x': 64, 'y': 62}, {'station_cd': 9980914, 'x': 63, 'y': 61}, {'station_cd': 9980915, 'x': 63, 'y': 61}, {'station_cd': 9980916, 'x': 62, 'y': 61}, {'station_cd': 9980917, 'x': 62, 'y': 63}, {'station_cd': 9980918, 'x': 61, 'y': 64}, {'station_cd': 9980919, 'x': 61, 'y': 65}, {'station_cd': 9980920, 'x': 62, 'y': 66}, {'station_cd': 9980921, 'x': 63, 'y': 66}]"
99810,伊予鉄道市駅線（３系統）,"[(9981001, '松山市駅前'), (9981002, '南堀端'), (9981003, '市役所前'), (9981004, '県庁前'), (9981005, '大街道'), (9981006, '勝山町'), (9981007, '警察署前'), (9981008, '上一万'), (9981009, '南町'), (9981010, '道後公園'), (9981011, '道後温泉')]","277.631,339.877,287.631,349.877","[{'station_cd': 9981001, 'x': 61, 'y': 66}, {'station_cd': 9981002, 'x': 61, 'y': 65}, {'station_cd': 9981003, 'x': 62, 'y': 65}, {'station_cd': 9981004, 'x': 62, 'y': 65}, {'station_cd': 9981005, 'x': 63, 'y': 65}, {'station_cd': 9981006, 'x': 64, 'y': 65}, {'station_cd': 9981007, 'x': 65, 'y': 64}, {'station_cd': 9981008, 'x': 65, 'y': 63}, {'station_cd': 9981009, 'x': 66, 'y': 63}, {'station_cd': 9981010, 'x': 67, 'y': 62}, {'station_cd': 9981011, 'x': 67, 'y': 62}]"
99811,伊予鉄道松山駅前線（５系統）,"[(9981101, '松山駅前'), (9981102, '大手町'), (9981103, '西堀端'), (9981104, '南堀端'), (9981105, '市役所前'), (9981106, '県庁前'), (9981107, '大街道'), (9981108, '勝山町'), (9981109, '警察署前'), (9981110, '上一万'), (9981111, '南町'), (9981112, '道後公園'), (9981113, '道後温泉')]","277.538,339.828,287.538,349.828","[{'station_cd': 9981101, 'x': 60, 'y': 65}, {'station_cd': 9981102, 'x': 61, 'y': 66}, {'station_cd': 9981103, 'x': 61, 'y': 66}, {'station_cd': 9981104, 'x': 62, 'y': 66}, {'station_cd': 9981105, 'x': 63, 'y': 66}, {'station_cd': 9981106, 'x': 63, 'y': 65}, {'station_cd': 9981107, 'x': 64, 'y': 65}, {'station_cd': 9981108, 'x': 66, 'y': 65}, {'station_cd': 9981109, 'x': 66, 'y': 64}, {'station_cd': 9981110, 'x': 66, 'y': 63}, {'station_cd': 9981111, 'x': 67, 'y': 63}, {'station_cd': 9981112, 'x': 68, 'y': 63}, {'station_cd': 9981113, 'x': 68, 'y': 62}]"
99812,伊予鉄道本町線（６系統）,"[(9981201, '本町六丁目'), (9981202, '本町五丁目'), (9981203, '本町四丁目'), (9981204, '本町三丁目'), (9981205, '本町一丁目'), (9981206, '南堀端'), (9981216, '松山市駅前')]","277.375,339.818,287.375,349.818","[{'station_cd': 9981201, 'x': 64, 'y': 61}, {'station_cd': 9981202, 'x': 64, 'y': 62}, {'station_cd': 9981203, 'x': 64, 'y': 63}, {'station_cd': 9981204, 'x': 64, 'y': 64}, {'station_cd': 9981205, 'x': 64, 'y': 66}, {'station_cd': 9981206, 'x': 64, 'y': 66}, {'station_cd': 9981216, 'x': 64, 'y': 67}]"
99814,中村線,"[(9981401, '窪川'), (9981402, '若井'), (9981403, '荷稲'), (9981404, '伊与喜'), (9981405, '土佐佐賀'), (9981406, '佐賀公園'), (9981407, '土佐白浜'), (9981408, '有井川'), (9981409, '土佐上川口'), (9981410, '海の王迎'), (9981411, '浮鞭'), (9981412, '土佐入野'), (9981413, '西大方'), (9981414, '古津賀'), (9981415, '中村')]","282.562,360.934,292.562,370.934","[{'station_cd': 9981401, 'x': 90, 'y': 25}, {'station_cd': 9981402, 'x': 81, 'y': 33}, {'station_cd': 9981403, 'x': 84, 'y': 53}, {'station_cd': 9981404, 'x': 79, 'y': 63}, {'station_cd': 9981405, 'x': 79, 'y': 71}, {'station_cd': 9981406, 'x': 81, 'y': 77}, {'station_cd': 9981407, 'x': 78, 'y': 80}, {'station_cd': 9981408, 'x': 71, 'y': 86}, {'station_cd': 9981409, 'x': 68, 'y': 84}, {'station_cd': 9981410, 'x': 65, 'y': 85}, {'station_cd': 9981411, 'x': 61, 'y': 85}, {'station_cd': 9981412, 'x': 56, 'y': 90}, {'station_cd': 9981413, 'x': 50, 'y': 95}, {'station_cd': 9981414, 'x': 43, 'y': 103}, {'station_cd': 9981415, 'x': 38, 'y': 103}]"
99815,宿毛線,"[(9981501, '中村'), (9981502, '具同'), (9981503, '国見'), (9981504, '有岡'), (9981505, '工業団地'), (9981506, '平田'), (9981507, '東宿毛'), (9981508, '宿毛')]","278.241,364.547,288.241,374.547","[{'station_cd': 9981501, 'x': 94, 'y': 57}, {'station_cd': 9981502, 'x': 86, 'y': 58}, {'station_cd': 9981503, 'x': 78, 'y': 58}, {'station_cd': 9981504, 'x': 65, 'y': 63}, {'station_cd': 9981505, 'x': 57, 'y': 64}, {'station_cd': 9981506, 'x': 55, 'y': 64}, {'station_cd': 9981507, 'x': 38, 'y': 71}, {'station_cd': 9981508, 'x': 34, 'y': 71}]"
99816,ごめん・なはり線,"[(9981601, '後免'), (9981602, '後免町'), (9981603, '立田'), (9981604, 'のいち'), (9981605, 'よしかわ'), (9981606, 'あかおか'), (9981607, '香我美'), (9981608, '夜須'), (9981609, '西分'), (9981610, '和食'), (9981611, '赤野'), (9981612, '穴内'), (9981613, '球場前'), (9981621, 'あき総合病院前'), (9981614, '安芸'), (9981615, '伊尾木'), (9981616, '下山'), (9981617, '唐浜'), (9981618, '安田'), (9981619, '田野'), (9981620, '奈半利')]","298.635,350.763,308.635,360.763","[{'station_cd': 9981601, 'x': 17, 'y': 33}, {'station_cd': 9981602, 'x': 18, 'y': 35}, {'station_cd': 9981603, 'x': 23, 'y': 37}, {'station_cd': 9981604, 'x': 30, 'y': 41}, {'station_cd': 9981605, 'x': 33, 'y': 46}, {'station_cd': 9981606, 'x': 36, 'y': 49}, {'station_cd': 9981607, 'x': 40, 'y': 49}, {'station_cd': 9981608, 'x': 44, 'y': 51}, {'station_cd': 9981609, 'x': 54, 'y': 58}, {'station_cd': 9981610, 'x': 58, 'y': 58}, {'station_cd': 9981611, 'x': 62, 'y': 59}, {'station_cd': 9981612, 'x': 72, 'y': 63}, {'station_cd': 9981613, 'x': 79, 'y': 65}, {'station_cd': 9981621, 'x': 81, 'y': 64}, {'station_cd': 9981614, 'x': 83, 'y': 64}, {'station_cd': 9981615, 'x': 89, 'y': 70}, {'station_cd': 9981616, 'x': 94, 'y': 82}, {'station_cd': 9981617, 'x': 98, 'y': 86}, {'station_cd': 9981618, 'x': 103, 'y': 88}, {'station_cd': 9981619, 'x': 109, 'y': 93}, {'station_cd': 9981620, 'x': 111, 'y': 95}]"
99817,ごめん線,"[(9981701, '後免町'), (9981702, '後免東町'), (9981703, '後免中町'), (9981704, '後免西町'), (9981705, '東工業前'), (9981706, '住吉通'), (9981707, '篠原'), (9981708, '小篭通'), (9981709, '長崎'), (9981710, '明見橋'), (9981711, '一条橋'), (9981712, '清和学園前'), (9981713, '領石通'), (9981714, '北浦'), (9981715, '舟戸'), (9981716, '鹿児'), (9981717, '田辺島通'), (9981718, '東新木'), (9981719, '新木'), (9981720, '介良通'), (9981721, '文珠通'), (9981722, '高須'), (9981723, '県立美術館通'), (9981724, '西高須'), (9981725, '葛島橋東詰'), (9981726, '知寄町三丁目'), (9981727, '知寄町'), (9981728, '知寄町二丁目'), (9981729, '知寄町一丁目'), (9981730, '宝永町'), (9981731, '菜園場町'), (9981732, 'デンテツターミナルビル前'), (9981733, 'はりまや橋')]","293.959,348.647,303.959,358.647","[{'station_cd': 9981701, 'x': 78, 'y': 62}, {'station_cd': 9981702, 'x': 77, 'y': 62}, {'station_cd': 9981703, 'x': 77, 'y': 62}, {'station_cd': 9981704, 'x': 76, 'y': 62}, {'station_cd': 9981705, 'x': 75, 'y': 61}, {'station_cd': 9981706, 'x': 74, 'y': 61}, {'station_cd': 9981707, 'x': 73, 'y': 61}, {'station_cd': 9981708, 'x': 72, 'y': 61}, {'station_cd': 9981709, 'x': 70, 'y': 62}, {'station_cd': 9981710, 'x': 69, 'y': 62}, {'station_cd': 9981711, 'x': 68, 'y': 62}, {'station_cd': 9981712, 'x': 68, 'y': 61}, {'station_cd': 9981713, 'x': 67, 'y': 62}, {'station_cd': 9981714, 'x': 66, 'y': 62}, {'station_cd': 9981715, 'x': 65, 'y': 63}, {'station_cd': 9981716, 'x': 64, 'y': 64}, {'station_cd': 9981717, 'x': 63, 'y': 64}, {'station_cd': 9981718, 'x': 62, 'y': 65}, {'station_cd': 9981719, 'x': 62, 'y': 65}, {'station_cd': 9981720, 'x': 61, 'y': 66}, {'station_cd': 9981721, 'x': 60, 'y': 66}, {'station_cd': 9981722, 'x': 59, 'y': 66}, {'station_cd': 9981723, 'x': 59, 'y': 66}, {'station_cd': 9981724, 'x': 58, 'y': 67}, {'station_cd': 9981725, 'x': 57, 'y': 67}, {'station_cd': 9981726, 'x': 56, 'y': 67}, {'station_cd': 9981727, 'x': 55, 'y': 67}, {'station_cd': 9981728, 'x': 55, 'y': 67}, {'station_cd': 9981729, 'x': 54, 'y': 66}, {'station_cd': 9981730, 'x': 53, 'y': 66}, {'station_cd': 9981731, 'x': 52, 'y': 66}, {'station_cd': 9981732, 'x': 51, 'y': 66}, {'station_cd': 9981733, 'x': 50, 'y': 66}]"
99818,伊野線,"[(9981801, 'はりまや橋'), (9981802, '堀詰'), (9981803, '大橋通'), (9981804, '高知城前'), (9981805, '県庁前'), (9981806, 'グランド通'), (9981807, '枡形'), (9981808, '上町一丁目'), (9981809, '上町二丁目'), (9981810, '上町四丁目'), (9981811, '上町五丁目'), (9981812, '旭町一丁目'), (9981813, '旭駅前通'), (9981814, '旭町三丁目'), (9981815, '蛍橋'), (9981816, '鏡川橋'), (9981817, '鴨部'), (9981818, '曙町東町'), (9981819, '曙町'), (9981820, '朝倉'), (9981821, '朝倉駅前'), (9981822, '朝倉神社前'), (9981823, '宮の奥'), (9981824, '咥内'), (9981825, '宇治団地前'), (9981826, '八代通'), (9981827, '中山'), (9981828, '枝川'), (9981829, '伊野商業前'), (9981834, '北内'), (9981830, '北山'), (9981831, '鳴谷'), (9981832, '伊野駅前'), (9981833, '伊野')]","291.731,348.861,301.731,358.861","[{'station_cd': 9981801, 'x': 79, 'y': 63}, {'station_cd': 9981802, 'x': 78, 'y': 63}, {'station_cd': 9981803, 'x': 77, 'y': 63}, {'station_cd': 9981804, 'x': 76, 'y': 63}, {'station_cd': 9981805, 'x': 76, 'y': 63}, {'station_cd': 9981806, 'x': 75, 'y': 63}, {'station_cd': 9981807, 'x': 75, 'y': 64}, {'station_cd': 9981808, 'x': 74, 'y': 63}, {'station_cd': 9981809, 'x': 74, 'y': 63}, {'station_cd': 9981810, 'x': 73, 'y': 63}, {'station_cd': 9981811, 'x': 72, 'y': 63}, {'station_cd': 9981812, 'x': 71, 'y': 64}, {'station_cd': 9981813, 'x': 70, 'y': 64}, {'station_cd': 9981814, 'x': 69, 'y': 64}, {'station_cd': 9981815, 'x': 68, 'y': 64}, {'station_cd': 9981816, 'x': 67, 'y': 64}, {'station_cd': 9981817, 'x': 67, 'y': 65}, {'station_cd': 9981818, 'x': 66, 'y': 65}, {'station_cd': 9981819, 'x': 65, 'y': 65}, {'station_cd': 9981820, 'x': 65, 'y': 65}, {'station_cd': 9981821, 'x': 64, 'y': 65}, {'station_cd': 9981822, 'x': 63, 'y': 65}, {'station_cd': 9981823, 'x': 61, 'y': 64}, {'station_cd': 9981824, 'x': 60, 'y': 64}, {'station_cd': 9981825, 'x': 58, 'y': 64}, {'station_cd': 9981826, 'x': 56, 'y': 64}, {'station_cd': 9981827, 'x': 56, 'y': 64}, {'station_cd': 9981828, 'x': 55, 'y': 64}, {'station_cd': 9981829, 'x': 53, 'y': 65}, {'station_cd': 9981834, 'x': 53, 'y': 65}, {'station_cd': 9981830, 'x': 52, 'y': 65}, {'station_cd': 9981831, 'x': 50, 'y': 65}, {'station_cd': 9981832, 'x': 50, 'y': 65}, {'station_cd': 9981833, 'x': 49, 'y': 65}]"
99819,桟橋線,"[(9981901, '高知駅前'), (9981902, '高知橋'), (9981903, '蓮池町通'), (9981904, 'はりまや橋'), (9981905, '梅の辻'), (9981906, '桟橋通一丁目'), (9981907, '桟橋通二丁目'), (9981908, '桟橋通三丁目'), (9981909, '桟橋通四丁目'), (9981910, '桟橋車庫前'), (9981911, '桟橋通五丁目')]","292.977,348.964,302.977,358.964","[{'station_cd': 9981901, 'x': 63, 'y': 59}, {'station_cd': 9981902, 'x': 63, 'y': 60}, {'station_cd': 9981903, 'x': 63, 'y': 61}, {'station_cd': 9981904, 'x': 63, 'y': 62}, {'station_cd': 9981905, 'x': 63, 'y': 64}, {'station_cd': 9981906, 'x': 63, 'y': 65}, {'station_cd': 9981907, 'x': 64, 'y': 65}, {'station_cd': 9981908, 'x': 64, 'y': 66}, {'station_cd': 9981909, 'x': 64, 'y': 67}, {'station_cd': 9981910, 'x': 65, 'y': 68}, {'station_cd': 9981911, 'x': 65, 'y': 69}]"
99901,甘木鉄道甘木線,"[(9990101, '基山'), (9990102, '立野'), (9990103, '小郡'), (9990104, '大板井'), (9990105, '松崎'), (9990106, '今隈'), (9990107, '西太刀洗'), (9990108, '山隈'), (9990109, '太刀洗'), (9990110, '高田'), (9990111, '甘木')]","233.723,349.055,243.723,359.055","[{'station_cd': 9990101, 'x': 49, 'y': 59}, {'station_cd': 9990102, 'x': 50, 'y': 62}, {'station_cd': 9990103, 'x': 54, 'y': 67}, {'station_cd': 9990104, 'x': 56, 'y': 67}, {'station_cd': 9990105, 'x': 61, 'y': 67}, {'station_cd': 9990106, 'x': 64, 'y': 66}, {'station_cd': 9990107, 'x': 66, 'y': 65}, {'station_cd': 9990108, 'x': 68, 'y': 63}, {'station_cd': 9990109, 'x': 71, 'y': 63}, {'station_cd': 9990110, 'x': 75, 'y': 63}, {'station_cd': 9990111, 'x': 80, 'y': 61}]"
99902,伊田線,"[(9990201, '直方'), (9990202, '南直方御殿口'), (9990203, 'あかぢ'), (9990204, '藤棚'), (9990205, '中泉'), (9990206, '市場'), (9990207, 'ふれあい生力'), (9990208, '赤池'), (9990209, '人見'), (9990210, '金田'), (9990211, '上金田'), (9990212, '糒'), (9990213, '田川市立病院'), (9990214, '下伊田'), (9990215, '田川伊田')]","237.452,341.352,247.452,351.352","[{'station_cd': 9990201, 'x': 53, 'y': 44}, {'station_cd': 9990202, 'x': 52, 'y': 48}, {'station_cd': 9990203, 'x': 52, 'y': 52}, {'station_cd': 9990204, 'x': 55, 'y': 54}, {'station_cd': 9990205, 'x': 57, 'y': 54}, {'station_cd': 9990206, 'x': 61, 'y': 59}, {'station_cd': 9990207, 'x': 63, 'y': 62}, {'station_cd': 9990208, 'x': 63, 'y': 65}, {'station_cd': 9990209, 'x': 64, 'y': 67}, {'station_cd': 9990210, 'x': 65, 'y': 68}, {'station_cd': 9990211, 'x': 68, 'y': 72}, {'station_cd': 9990212, 'x': 71, 'y': 75}, {'station_cd': 9990213, 'x': 72, 'y': 77}, {'station_cd': 9990214, 'x': 73, 'y': 80}, {'station_cd': 9990215, 'x': 76, 'y': 84}]"
99903,糸田線,"[(9990301, '金田'), (9990302, '豊前大熊'), (9990303, '松山'), (9990304, '糸田'), (9990305, '大藪'), (9990306, '田川後藤寺')]","237.776,342.437,247.776,352.437","[{'station_cd': 9990301, 'x': 61, 'y': 54}, {'station_cd': 9990302, 'x': 62, 'y': 58}, {'station_cd': 9990303, 'x': 62, 'y': 60}, {'station_cd': 9990304, 'x': 63, 'y': 64}, {'station_cd': 9990305, 'x': 66, 'y': 68}, {'station_cd': 9990306, 'x': 67, 'y': 74}]"
99904,田川線,"[(9990401, '田川伊田'), (9990402, '上伊田'), (9990403, '勾金'), (9990404, '柿下温泉口'), (9990405, '内田'), (9990406, '赤'), (9990407, '油須原'), (9990408, '源じいの森'), (9990409, '崎山'), (9990410, '犀川'), (9990411, '東犀川三四郎'), (9990412, '新豊津'), (9990413, '豊津'), (9990414, '今川河童'), (9990415, '美夜古泉'), (9990417, '令和コスタ行橋'), (9990416, '行橋')]","239.929,342.189,249.929,352.189","[{'station_cd': 9990401, 'x': 44, 'y': 73}, {'station_cd': 9990402, 'x': 47, 'y': 71}, {'station_cd': 9990403, 'x': 50, 'y': 70}, {'station_cd': 9990404, 'x': 53, 'y': 70}, {'station_cd': 9990405, 'x': 56, 'y': 75}, {'station_cd': 9990406, 'x': 58, 'y': 82}, {'station_cd': 9990407, 'x': 61, 'y': 84}, {'station_cd': 9990408, 'x': 64, 'y': 83}, {'station_cd': 9990409, 'x': 70, 'y': 77}, {'station_cd': 9990410, 'x': 75, 'y': 72}, {'station_cd': 9990411, 'x': 78, 'y': 68}, {'station_cd': 9990412, 'x': 82, 'y': 62}, {'station_cd': 9990413, 'x': 81, 'y': 59}, {'station_cd': 9990414, 'x': 82, 'y': 54}, {'station_cd': 9990415, 'x': 83, 'y': 52}, {'station_cd': 9990417, 'x': 84, 'y': 49}, {'station_cd': 9990416, 'x': 84, 'y': 45}]"
99905,福岡市営地下鉄空港線,"[(9990501, '福岡空港'), (9990502, '東比恵'), (9990503, '博多'), (9990504, '祇園'), (9990505, '中洲川端'), (9990506, '天神'), (9990507, '赤坂'), (9990508, '大濠公園'), (9990509, '唐人町'), (9990510, '西新'), (9990511, '藤崎'), (9990512, '室見'), (9990513, '姪浜')]","229.698,343.779,239.698,353.779","[{'station_cd': 9990501, 'x': 80, 'y': 62}, {'station_cd': 9990502, 'x': 75, 'y': 64}, {'station_cd': 9990503, 'x': 73, 'y': 64}, {'station_cd': 9990504, 'x': 71, 'y': 63}, {'station_cd': 9990505, 'x': 69, 'y': 62}, {'station_cd': 9990506, 'x': 67, 'y': 63}, {'station_cd': 9990507, 'x': 65, 'y': 64}, {'station_cd': 9990508, 'x': 62, 'y': 64}, {'station_cd': 9990509, 'x': 60, 'y': 63}, {'station_cd': 9990510, 'x': 57, 'y': 65}, {'station_cd': 9990511, 'x': 54, 'y': 66}, {'station_cd': 9990512, 'x': 52, 'y': 66}, {'station_cd': 9990513, 'x': 48, 'y': 65}]"
99906,福岡市営地下鉄箱崎線,"[(9990601, '中洲川端'), (9990602, '呉服町'), (9990603, '千代県庁口'), (9990604, '馬出九大病院前'), (9990605, '箱崎宮前'), (9990606, '箱崎九大前'), (9990607, '貝塚')]","230.296,343.131,240.296,353.131","[{'station_cd': 9990601, 'x': 61, 'y': 71}, {'station_cd': 9990602, 'x': 62, 'y': 69}, {'station_cd': 9990603, 'x': 63, 'y': 68}, {'station_cd': 9990604, 'x': 65, 'y': 66}, {'station_cd': 9990605, 'x': 65, 'y': 63}, {'station_cd': 9990606, 'x': 65, 'y': 61}, {'station_cd': 9990607, 'x': 67, 'y': 57}]"
99907,福岡市営地下鉄七隈線,"[(9990701, '橋本'), (9990702, '次郎丸'), (9990703, '賀茂'), (9990704, '野芥'), (9990705, '梅林'), (9990706, '福大前'), (9990707, '七隈'), (9990708, '金山'), (9990709, '茶山'), (9990710, '別府'), (9990711, '六本松'), (9990712, '桜坂'), (9990713, '薬院大通'), (9990714, '薬院'), (9990715, '渡辺通'), (9990716, '天神南'), (9990717, '櫛田神社前'), (9990718, '博多')]","229.368,344.324,239.368,354.324","[{'station_cd': 9990701, 'x': 51, 'y': 68}, {'station_cd': 9990702, 'x': 53, 'y': 69}, {'station_cd': 9990703, 'x': 55, 'y': 70}, {'station_cd': 9990704, 'x': 58, 'y': 71}, {'station_cd': 9990705, 'x': 60, 'y': 72}, {'station_cd': 9990706, 'x': 62, 'y': 71}, {'station_cd': 9990707, 'x': 61, 'y': 70}, {'station_cd': 9990708, 'x': 62, 'y': 67}, {'station_cd': 9990709, 'x': 63, 'y': 65}, {'station_cd': 9990710, 'x': 64, 'y': 62}, {'station_cd': 9990711, 'x': 66, 'y': 61}, {'station_cd': 9990712, 'x': 68, 'y': 61}, {'station_cd': 9990713, 'x': 71, 'y': 60}, {'station_cd': 9990714, 'x': 72, 'y': 60}, {'station_cd': 9990715, 'x': 73, 'y': 59}, {'station_cd': 9990716, 'x': 72, 'y': 58}, {'station_cd': 9990717, 'x': 74, 'y': 57}, {'station_cd': 9990718, 'x': 77, 'y': 57}]"
99908,北九州モノレール,"[(9990801, '小倉'), (9990802, '平和通'), (9990803, '旦過'), (9990804, '香春口三萩野'), (9990805, '片野'), (9990806, '城野'), (9990807, '北方'), (9990808, '競馬場前'), (9990809, '守恒'), (9990810, '徳力公団前'), (9990811, '徳力嵐山口'), (9990812, '志井'), (9990813, '企救丘')]","239.580,337.081,249.580,347.081","[{'station_cd': 9990801, 'x': 67, 'y': 52}, {'station_cd': 9990802, 'x': 66, 'y': 53}, {'station_cd': 9990803, 'x': 66, 'y': 54}, {'station_cd': 9990804, 'x': 66, 'y': 57}, {'station_cd': 9990805, 'x': 66, 'y': 60}, {'station_cd': 9990806, 'x': 66, 'y': 62}, {'station_cd': 9990807, 'x': 65, 'y': 66}, {'station_cd': 9990808, 'x': 65, 'y': 68}, {'station_cd': 9990809, 'x': 64, 'y': 70}, {'station_cd': 9990810, 'x': 62, 'y': 72}, {'station_cd': 9990811, 'x': 61, 'y': 74}, {'station_cd': 9990812, 'x': 63, 'y': 75}, {'station_cd': 9990813, 'x': 65, 'y': 76}]"
99909,筑豊電気鉄道線,"[(9990901, '黒崎駅前'), (9990902, '西黒崎'), (9990903, '熊西'), (9990904, '萩原'), (9990905, '穴生'), (9990906, '森下'), (9990907, '今池'), (9990908, '永犬丸'), (9990909, '三ヶ森'), (9990910, '西山'), (9990911, '通谷'), (9990912, '東中間'), (9990913, '筑豊中間'), (9990914, '希望が丘高校前'), (9990915, '筑豊香月'), (9990916, '楠橋'), (9990917, '新木屋瀬'), (9990918, '木屋瀬'), (9990919, '遠賀野'), (9990920, '感田'), (9990921, '筑豊直方')]","236.864,338.105,246.864,348.105","[{'station_cd': 9990901, 'x': 71, 'y': 44}, {'station_cd': 9990902, 'x': 70, 'y': 44}, {'station_cd': 9990903, 'x': 69, 'y': 44}, {'station_cd': 9990904, 'x': 67, 'y': 46}, {'station_cd': 9990905, 'x': 66, 'y': 47}, {'station_cd': 9990906, 'x': 65, 'y': 48}, {'station_cd': 9990907, 'x': 65, 'y': 51}, {'station_cd': 9990908, 'x': 64, 'y': 54}, {'station_cd': 9990909, 'x': 64, 'y': 55}, {'station_cd': 9990910, 'x': 63, 'y': 57}, {'station_cd': 9990911, 'x': 61, 'y': 59}, {'station_cd': 9990912, 'x': 60, 'y': 60}, {'station_cd': 9990913, 'x': 58, 'y': 61}, {'station_cd': 9990914, 'x': 57, 'y': 64}, {'station_cd': 9990915, 'x': 59, 'y': 67}, {'station_cd': 9990916, 'x': 60, 'y': 71}, {'station_cd': 9990917, 'x': 60, 'y': 73}, {'station_cd': 9990918, 'x': 60, 'y': 75}, {'station_cd': 9990919, 'x': 62, 'y': 79}, {'station_cd': 9990920, 'x': 62, 'y': 82}, {'station_cd': 9990921, 'x': 60, 'y': 84}]"
99910,西九州線(有田～伊万里),"[(9991001, '有田'), (9991002, '三代橋'), (9991003, '黒川'), (9991004, '蔵宿'), (9991005, '西有田'), (9991006, '大木'), (9991007, '山谷'), (9991008, '夫婦石'), (9991009, '金武'), (9991010, '川東'), (9991011, '伊万里')]","219.055,353.132,229.055,363.132","[{'station_cd': 9991001, 'x': 68, 'y': 80}, {'station_cd': 9991002, 'x': 64, 'y': 78}, {'station_cd': 9991003, 'x': 61, 'y': 75}, {'station_cd': 9991004, 'x': 60, 'y': 73}, {'station_cd': 9991005, 'x': 60, 'y': 70}, {'station_cd': 9991006, 'x': 60, 'y': 66}, {'station_cd': 9991007, 'x': 60, 'y': 63}, {'station_cd': 9991008, 'x': 60, 'y': 61}, {'station_cd': 9991009, 'x': 61, 'y': 55}, {'station_cd': 9991010, 'x': 64, 'y': 50}, {'station_cd': 9991011, 'x': 67, 'y': 49}]"
99911,西九州線(伊万里～佐世保),"[(9991101, '伊万里'), (9991102, '東山代'), (9991103, '里'), (9991104, '楠久'), (9991105, '鳴石'), (9991106, '久原'), (9991107, '波瀬'), (9991108, '浦ノ崎'), (9991109, '福島口'), (9991110, '今福'), (9991111, '鷹島口'), (9991112, '前浜'), (9991113, '調川'), (9991114, '松浦'), (9991115, '松浦発電所前'), (9991116, '御厨'), (9991117, '西木場'), (9991118, '東田平'), (9991119, '中田平'), (9991120, 'たびら平戸口'), (9991121, '西田平'), (9991122, 'すえたちばな'), (9991123, '江迎鹿町'), (9991124, '高岩'), (9991125, 'いのつき'), (9991126, '潜竜ヶ滝'), (9991127, '吉井'), (9991128, '神田'), (9991129, '清峰高校前'), (9991130, '佐々'), (9991131, '小浦'), (9991132, '真申'), (9991133, '棚方'), (9991134, '相浦'), (9991135, '大学'), (9991136, '上相浦'), (9991137, '本山'), (9991138, '中里'), (9991139, '皆瀬'), (9991140, '野中'), (9991141, '左石'), (9991142, '泉福寺'), (9991143, '山の田'), (9991144, '北佐世保'), (9991145, '中佐世保'), (9991146, '佐世保中央'), (9991147, '佐世保')]","216.351,351.921,226.351,361.921","[{'station_cd': 9991101, 'x': 102, 'y': 64}, {'station_cd': 9991102, 'x': 94, 'y': 61}, {'station_cd': 9991103, 'x': 91, 'y': 59}, {'station_cd': 9991104, 'x': 89, 'y': 56}, {'station_cd': 9991105, 'x': 87, 'y': 53}, {'station_cd': 9991106, 'x': 85, 'y': 48}, {'station_cd': 9991107, 'x': 84, 'y': 45}, {'station_cd': 9991108, 'x': 81, 'y': 40}, {'station_cd': 9991109, 'x': 80, 'y': 39}, {'station_cd': 9991110, 'x': 75, 'y': 35}, {'station_cd': 9991111, 'x': 73, 'y': 33}, {'station_cd': 9991112, 'x': 66, 'y': 31}, {'station_cd': 9991113, 'x': 64, 'y': 33}, {'station_cd': 9991114, 'x': 59, 'y': 35}, {'station_cd': 9991115, 'x': 53, 'y': 34}, {'station_cd': 9991116, 'x': 48, 'y': 27}, {'station_cd': 9991117, 'x': 41, 'y': 30}, {'station_cd': 9991118, 'x': 37, 'y': 29}, {'station_cd': 9991119, 'x': 34, 'y': 30}, {'station_cd': 9991120, 'x': 27, 'y': 27}, {'station_cd': 9991121, 'x': 29, 'y': 33}, {'station_cd': 9991122, 'x': 35, 'y': 44}, {'station_cd': 9991123, 'x': 38, 'y': 47}, {'station_cd': 9991124, 'x': 41, 'y': 51}, {'station_cd': 9991125, 'x': 48, 'y': 57}, {'station_cd': 9991126, 'x': 52, 'y': 58}, {'station_cd': 9991127, 'x': 53, 'y': 63}, {'station_cd': 9991128, 'x': 49, 'y': 64}, {'station_cd': 9991129, 'x': 45, 'y': 69}, {'station_cd': 9991130, 'x': 43, 'y': 73}, {'station_cd': 9991131, 'x': 41, 'y': 78}, {'station_cd': 9991132, 'x': 44, 'y': 83}, {'station_cd': 9991133, 'x': 44, 'y': 85}, {'station_cd': 9991134, 'x': 45, 'y': 89}, {'station_cd': 9991135, 'x': 47, 'y': 90}, {'station_cd': 9991136, 'x': 48, 'y': 88}, {'station_cd': 9991137, 'x': 51, 'y': 84}, {'station_cd': 9991138, 'x': 53, 'y': 83}, {'station_cd': 9991139, 'x': 57, 'y': 82}, {'station_cd': 9991140, 'x': 58, 'y': 83}, {'station_cd': 9991141, 'x': 62, 'y': 84}, {'station_cd': 9991142, 'x': 63, 'y': 85}, {'station_cd': 9991143, 'x': 62, 'y': 88}, {'station_cd': 9991144, 'x': 61, 'y': 92}, {'station_cd': 9991145, 'x': 62, 'y': 97}, {'station_cd': 9991146, 'x': 61, 'y': 97}, {'station_cd': 9991147, 'x': 62, 'y': 100}]"
99912,島原鉄道線,"[(9991201, '諫早'), (9991202, '本諫早'), (9991203, '幸'), (9991204, '小野'), (9991205, '干拓の里'), (9991206, '森山'), (9991207, '釜ノ鼻'), (9991208, '諫早東高校'), (9991209, '愛野'), (9991210, '阿母崎'), (9991211, '吾妻'), (9991212, '古部'), (9991213, '大正'), (9991214, '西郷'), (9991215, '神代'), (9991216, '多比良'), (9991217, '有明湯江'), (9991218, '大三東'), (9991219, '松尾'), (9991220, '三会'), (9991221, '島原'), (9991222, '霊丘公園体育館'), (9991223, '島原船津'), (9991224, '島原港'), (9991225, '秩父が浦'), (9991226, '安徳'), (9991227, '瀬野深江'), (9991228, '深江'), (9991229, '布津新田'), (9991230, '布津'), (9991231, '堂崎'), (9991232, '蒲河'), (9991233, '有家'), (9991234, '西有家'), (9991235, '龍石'), (9991236, '北有馬'), (9991237, '常光寺前'), (9991238, '浦田観音'), (9991239, '原城'), (9991240, '有馬吉川'), (9991241, '東大屋'), (9991242, '口之津'), (9991243, '白浜海水浴場前'), (9991244, '加津佐')]","225.649,367.094,235.649,377.094","[{'station_cd': 9991201, 'x': 22, 'y': 22}, {'station_cd': 9991202, 'x': 25, 'y': 26}, {'station_cd': 9991203, 'x': 28, 'y': 28}, {'station_cd': 9991204, 'x': 33, 'y': 29}, {'station_cd': 9991205, 'x': 35, 'y': 29}, {'station_cd': 9991206, 'x': 40, 'y': 29}, {'station_cd': 9991207, 'x': 46, 'y': 30}, {'station_cd': 9991208, 'x': 49, 'y': 34}, {'station_cd': 9991209, 'x': 51, 'y': 36}, {'station_cd': 9991210, 'x': 55, 'y': 32}, {'station_cd': 9991211, 'x': 60, 'y': 29}, {'station_cd': 9991212, 'x': 66, 'y': 23}, {'station_cd': 9991213, 'x': 69, 'y': 22}, {'station_cd': 9991214, 'x': 74, 'y': 18}, {'station_cd': 9991215, 'x': 81, 'y': 19}, {'station_cd': 9991216, 'x': 91, 'y': 19}, {'station_cd': 9991217, 'x': 96, 'y': 25}, {'station_cd': 9991218, 'x': 100, 'y': 30}, {'station_cd': 9991219, 'x': 100, 'y': 34}, {'station_cd': 9991220, 'x': 103, 'y': 41}, {'station_cd': 9991221, 'x': 106, 'y': 49}, {'station_cd': 9991222, 'x': 107, 'y': 53}, {'station_cd': 9991223, 'x': 107, 'y': 55}, {'station_cd': 9991224, 'x': 106, 'y': 57}, {'station_cd': 9991225, 'x': 105, 'y': 60}, {'station_cd': 9991226, 'x': 105, 'y': 64}, {'station_cd': 9991227, 'x': 103, 'y': 70}, {'station_cd': 9991228, 'x': 100, 'y': 75}, {'station_cd': 9991229, 'x': 100, 'y': 81}, {'station_cd': 9991230, 'x': 101, 'y': 86}, {'station_cd': 9991231, 'x': 95, 'y': 91}, {'station_cd': 9991232, 'x': 92, 'y': 93}, {'station_cd': 9991233, 'x': 88, 'y': 93}, {'station_cd': 9991234, 'x': 85, 'y': 96}, {'station_cd': 9991235, 'x': 80, 'y': 96}, {'station_cd': 9991236, 'x': 75, 'y': 96}, {'station_cd': 9991237, 'x': 74, 'y': 98}, {'station_cd': 9991238, 'x': 74, 'y': 101}, {'station_cd': 9991239, 'x': 74, 'y': 104}, {'station_cd': 9991240, 'x': 69, 'y': 108}, {'station_cd': 9991241, 'x': 61, 'y': 110}, {'station_cd': 9991242, 'x': 57, 'y': 110}, {'station_cd': 9991243, 'x': 55, 'y': 110}, {'station_cd': 9991244, 'x': 52, 'y': 106}]"
99913,長崎電軌１系統,"[(9991301, '赤迫'), (9991302, '住吉'), (9991303, '昭和町通'), (9991304, '千歳町'), (9991305, '若葉町'), (9991306, '長崎大学'), (9991307, '岩屋橋'), (9991308, '浦上車庫'), (9991309, '大橋'), (9991310, '平和公園'), (9991311, '原爆資料館'), (9991312, '大学病院'), (9991313, '浦上駅前'), (9991314, '茂里町'), (9991315, 'スタジアムシティノース（銭座町）'), (9991316, 'スタジアムシティサウス（宝町）'), (9991317, '八千代町'), (9991318, '長崎駅前'), (9991319, '五島町'), (9991320, '大波止'), (9991321, '出島'), (9991322, '新地中華街'), (9991323, '西浜町'), (9991324, '観光通'), (9991325, '思案橋'), (9991326, '崇福寺')]","218.884,365.934,228.884,375.934","[{'station_cd': 9991301, 'x': 61, 'y': 54}, {'station_cd': 9991302, 'x': 62, 'y': 55}, {'station_cd': 9991303, 'x': 62, 'y': 56}, {'station_cd': 9991304, 'x': 62, 'y': 56}, {'station_cd': 9991305, 'x': 62, 'y': 57}, {'station_cd': 9991306, 'x': 62, 'y': 57}, {'station_cd': 9991307, 'x': 62, 'y': 59}, {'station_cd': 9991308, 'x': 62, 'y': 60}, {'station_cd': 9991309, 'x': 62, 'y': 60}, {'station_cd': 9991310, 'x': 62, 'y': 62}, {'station_cd': 9991311, 'x': 62, 'y': 63}, {'station_cd': 9991312, 'x': 63, 'y': 63}, {'station_cd': 9991313, 'x': 62, 'y': 65}, {'station_cd': 9991314, 'x': 63, 'y': 65}, {'station_cd': 9991315, 'x': 63, 'y': 66}, {'station_cd': 9991316, 'x': 64, 'y': 67}, {'station_cd': 9991317, 'x': 64, 'y': 68}, {'station_cd': 9991318, 'x': 64, 'y': 69}, {'station_cd': 9991319, 'x': 64, 'y': 70}, {'station_cd': 9991320, 'x': 64, 'y': 72}, {'station_cd': 9991321, 'x': 64, 'y': 72}, {'station_cd': 9991322, 'x': 65, 'y': 73}, {'station_cd': 9991323, 'x': 65, 'y': 73}, {'station_cd': 9991324, 'x': 66, 'y': 73}, {'station_cd': 9991325, 'x': 66, 'y': 73}, {'station_cd': 9991326, 'x': 67, 'y': 74}]"
99914,長崎電軌３系統,"[(9991401, '蛍茶屋'), (9991402, '新中川町'), (9991403, '新大工町'), (9991404, '諏訪神社'), (9991405, '市役所'), (9991406, '桜町'), (9991407, '長崎駅前'), (9991408, '八千代町'), (9991409, 'スタジアムシティサウス（宝町）'), (9991410, 'スタジアムシティノース（銭座町）'), (9991411, '茂里町'), (9991412, '浦上駅前'), (9991413, '大学病院'), (9991414, '原爆資料館'), (9991415, '平和公園'), (9991416, '大橋'), (9991417, '浦上車庫'), (9991418, '岩屋橋'), (9991419, '長崎大学'), (9991420, '若葉町'), (9991421, '千歳町'), (9991422, '昭和町通'), (9991423, '住吉'), (9991424, '赤迫')]","219.008,365.831,229.008,375.831","[{'station_cd': 9991401, 'x': 69, 'y': 72}, {'station_cd': 9991402, 'x': 68, 'y': 71}, {'station_cd': 9991403, 'x': 67, 'y': 71}, {'station_cd': 9991404, 'x': 66, 'y': 71}, {'station_cd': 9991405, 'x': 65, 'y': 72}, {'station_cd': 9991406, 'x': 64, 'y': 71}, {'station_cd': 9991407, 'x': 63, 'y': 71}, {'station_cd': 9991408, 'x': 62, 'y': 70}, {'station_cd': 9991409, 'x': 62, 'y': 69}, {'station_cd': 9991410, 'x': 61, 'y': 67}, {'station_cd': 9991411, 'x': 61, 'y': 67}, {'station_cd': 9991412, 'x': 61, 'y': 66}, {'station_cd': 9991413, 'x': 61, 'y': 65}, {'station_cd': 9991414, 'x': 61, 'y': 64}, {'station_cd': 9991415, 'x': 60, 'y': 63}, {'station_cd': 9991416, 'x': 60, 'y': 62}, {'station_cd': 9991417, 'x': 60, 'y': 61}, {'station_cd': 9991418, 'x': 61, 'y': 60}, {'station_cd': 9991419, 'x': 61, 'y': 59}, {'station_cd': 9991420, 'x': 60, 'y': 58}, {'station_cd': 9991421, 'x': 60, 'y': 57}, {'station_cd': 9991422, 'x': 60, 'y': 57}, {'station_cd': 9991423, 'x': 60, 'y': 56}, {'station_cd': 9991424, 'x': 60, 'y': 56}]"
99915,長崎電軌４系統,"[(9991501, '蛍茶屋'), (9991502, '新中川町'), (9991503, '新大工町'), (9991504, '諏訪神社'), (9991505, '市役所'), (9991506, 'めがね橋'), (9991511, '浜町アーケード'), (9991508, '観光通'), (9991509, '思案橋'), (9991510, '崇福寺')]","219.183,366.526,229.183,376.526","[{'station_cd': 9991501, 'x': 66, 'y': 63}, {'station_cd': 9991502, 'x': 65, 'y': 62}, {'station_cd': 9991503, 'x': 64, 'y': 62}, {'station_cd': 9991504, 'x': 64, 'y': 62}, {'station_cd': 9991505, 'x': 63, 'y': 63}, {'station_cd': 9991506, 'x': 62, 'y': 64}, {'station_cd': 9991511, 'x': 62, 'y': 65}, {'station_cd': 9991508, 'x': 62, 'y': 65}, {'station_cd': 9991509, 'x': 63, 'y': 65}, {'station_cd': 9991510, 'x': 63, 'y': 66}]"
99916,長崎電軌５系統,"[(9991601, '蛍茶屋'), (9991602, '新中川町'), (9991603, '新大工町'), (9991604, '諏訪神社'), (9991605, '市役所'), (9991606, 'めがね橋'), (9991613, '浜町アーケード'), (9991607, '西浜町'), (9991608, '新地中華街'), (9991609, 'メディカルセンター'), (9991610, '大浦海岸通'), (9991611, '大浦天主堂'), (9991612, '石橋')]","219.119,366.622,229.119,376.622","[{'station_cd': 9991601, 'x': 67, 'y': 61}, {'station_cd': 9991602, 'x': 66, 'y': 61}, {'station_cd': 9991603, 'x': 65, 'y': 61}, {'station_cd': 9991604, 'x': 64, 'y': 61}, {'station_cd': 9991605, 'x': 64, 'y': 62}, {'station_cd': 9991606, 'x': 63, 'y': 63}, {'station_cd': 9991613, 'x': 63, 'y': 63}, {'station_cd': 9991607, 'x': 62, 'y': 64}, {'station_cd': 9991608, 'x': 62, 'y': 64}, {'station_cd': 9991609, 'x': 61, 'y': 65}, {'station_cd': 9991610, 'x': 61, 'y': 66}, {'station_cd': 9991611, 'x': 61, 'y': 66}, {'station_cd': 9991612, 'x': 61, 'y': 67}]"
99917,熊本電鉄本線,"[(9991701, '藤崎宮前'), (9991702, '黒髪町'), (9991703, '北熊本'), (9991704, '亀井'), (9991705, '八景水谷'), (9991706, '堀川'), (9991707, '新須屋'), (9991708, '須屋'), (9991709, '三ツ石'), (9991710, '黒石'), (9991711, '熊本高専前'), (9991712, '再春医療センター前'), (9991713, '御代志')]","236.184,364.870,246.184,374.870","[{'station_cd': 9991701, 'x': 59, 'y': 77}, {'station_cd': 9991702, 'x': 60, 'y': 74}, {'station_cd': 9991703, 'x': 61, 'y': 71}, {'station_cd': 9991704, 'x': 62, 'y': 67}, {'station_cd': 9991705, 'x': 62, 'y': 66}, {'station_cd': 9991706, 'x': 62, 'y': 63}, {'station_cd': 9991707, 'x': 64, 'y': 62}, {'station_cd': 9991708, 'x': 65, 'y': 60}, {'station_cd': 9991709, 'x': 66, 'y': 58}, {'station_cd': 9991710, 'x': 67, 'y': 56}, {'station_cd': 9991711, 'x': 68, 'y': 53}, {'station_cd': 9991712, 'x': 68, 'y': 52}, {'station_cd': 9991713, 'x': 69, 'y': 51}]"
99918,熊本電鉄上熊本線,"[(9991801, '上熊本'), (9991802, '韓々坂'), (9991803, '池田'), (9991804, '打越'), (9991805, '坪井川公園'), (9991806, '北熊本')]","235.754,365.511,245.754,375.511","[{'station_cd': 9991801, 'x': 61, 'y': 65}, {'station_cd': 9991802, 'x': 62, 'y': 63}, {'station_cd': 9991803, 'x': 63, 'y': 62}, {'station_cd': 9991804, 'x': 65, 'y': 64}, {'station_cd': 9991805, 'x': 66, 'y': 65}, {'station_cd': 9991806, 'x': 67, 'y': 63}]"
99919,高森線,"[(9991901, '立野'), (9991902, '長陽'), (9991903, '加勢'), (9991904, '阿蘇下田城'), (9991905, '南阿蘇水の生まれる里白水高原'), (9991906, '中松'), (9991907, '阿蘇白川'), (9991910, '南阿蘇白川水源'), (9991908, '見晴台'), (9991909, '高森')]","242.438,365.266,252.438,375.266","[{'station_cd': 9991901, 'x': 44, 'y': 52}, {'station_cd': 9991902, 'x': 54, 'y': 61}, {'station_cd': 9991903, 'x': 55, 'y': 63}, {'station_cd': 9991904, 'x': 59, 'y': 65}, {'station_cd': 9991905, 'x': 63, 'y': 69}, {'station_cd': 9991906, 'x': 66, 'y': 71}, {'station_cd': 9991907, 'x': 74, 'y': 74}, {'station_cd': 9991910, 'x': 76, 'y': 74}, {'station_cd': 9991908, 'x': 81, 'y': 76}, {'station_cd': 9991909, 'x': 84, 'y': 75}]"
99920,湯前線,"[(9992001, '人吉温泉'), (9992002, '相良藩願成寺'), (9992003, '川村'), (9992004, '肥後西村'), (9992005, '一武'), (9992006, '木上'), (9992007, 'おかどめ幸福'), (9992008, 'あさぎり'), (9992009, '東免田'), (9992010, '公立病院前'), (9992011, '多良木'), (9992012, '東多良木'), (9992013, '新鶴羽'), (9992014, '湯前')]","238.551,381.872,248.551,391.872","[{'station_cd': 9992001, 'x': 35, 'y': 71}, {'station_cd': 9992002, 'x': 39, 'y': 71}, {'station_cd': 9992003, 'x': 45, 'y': 75}, {'station_cd': 9992004, 'x': 49, 'y': 77}, {'station_cd': 9992005, 'x': 57, 'y': 73}, {'station_cd': 9992006, 'x': 62, 'y': 70}, {'station_cd': 9992007, 'x': 66, 'y': 68}, {'station_cd': 9992008, 'x': 71, 'y': 66}, {'station_cd': 9992009, 'x': 76, 'y': 62}, {'station_cd': 9992010, 'x': 78, 'y': 60}, {'station_cd': 9992011, 'x': 81, 'y': 58}, {'station_cd': 9992012, 'x': 86, 'y': 55}, {'station_cd': 9992013, 'x': 90, 'y': 54}, {'station_cd': 9992014, 'x': 93, 'y': 52}]"
99921,肥薩おれんじ鉄道線,"[(9992101, '八代'), (9992102, '肥後高田'), (9992103, '日奈久温泉'), (9992104, '肥後二見'), (9992105, '上田浦'), (9992106, 'たのうら御立岬公園'), (9992107, '肥後田浦'), (9992108, '海浦'), (9992109, '佐敷'), (9992110, '湯浦'), (9992111, '津奈木'), (9992112, '新水俣'), (9992113, '水俣'), (9992114, '袋'), (9992115, '米ノ津'), (9992116, '出水'), (9992117, '西出水'), (9992118, '高尾野'), (9992119, '野田郷'), (9992120, '折口'), (9992121, '阿久根'), (9992122, '牛ノ浜'), (9992123, '薩摩大川'), (9992124, '西方'), (9992125, '薩摩高城'), (9992126, '草道'), (9992127, '上川内'), (9992128, '川内')]","229.332,377.712,239.332,399.436","[{'station_cd': 9992101, 'x': 90, 'y': 9}, {'station_cd': 9992102, 'x': 89, 'y': 14}, {'station_cd': 9992103, 'x': 85, 'y': 20}, {'station_cd': 9992104, 'x': 82, 'y': 22}, {'station_cd': 9992105, 'x': 78, 'y': 26}, {'station_cd': 9992106, 'x': 76, 'y': 31}, {'station_cd': 9992107, 'x': 76, 'y': 33}, {'station_cd': 9992108, 'x': 74, 'y': 37}, {'station_cd': 9992109, 'x': 75, 'y': 41}, {'station_cd': 9992110, 'x': 76, 'y': 46}, {'station_cd': 9992111, 'x': 69, 'y': 52}, {'station_cd': 9992112, 'x': 67, 'y': 56}, {'station_cd': 9992113, 'x': 63, 'y': 56}, {'station_cd': 9992114, 'x': 60, 'y': 63}, {'station_cd': 9992115, 'x': 56, 'y': 69}, {'station_cd': 9992116, 'x': 58, 'y': 75}, {'station_cd': 9992117, 'x': 56, 'y': 77}, {'station_cd': 9992118, 'x': 51, 'y': 79}, {'station_cd': 9992119, 'x': 47, 'y': 79}, {'station_cd': 9992120, 'x': 41, 'y': 79}, {'station_cd': 9992121, 'x': 38, 'y': 85}, {'station_cd': 9992122, 'x': 40, 'y': 93}, {'station_cd': 9992123, 'x': 41, 'y': 97}, {'station_cd': 9992124, 'x': 41, 'y': 102}, {'station_cd': 9992125, 'x': 41, 'y': 106}, {'station_cd': 9992126, 'x': 42, 'y': 112}, {'station_cd': 9992127, 'x': 49, 'y': 116}, {'station_cd': 9992128, 'x': 51, 'y': 120}]"
99922,熊本市電Ａ系統,"[(9992201, '田崎橋'), (9992202, '二本木口'), (9992203, '熊本駅前'), (9992204, '祇園橋'), (9992205, '呉服町'), (9992206, '河原町'), (9992207, '慶徳校前'), (9992208, '辛島町'), (9992209, '花畑町'), (9992210, '熊本城・市役所前'), (9992211, '通町筋'), (9992212, '水道町'), (9992213, '九品寺交差点'), (9992214, '交通局前'), (9992215, '味噌天神前'), (9992216, '新水前寺駅前'), (9992217, '国府'), (9992218, '水前寺公園'), (9992219, '市立体育館前'), (9992220, '商業高校前'), (9992221, '八丁馬場'), (9992222, '神水交差点'), (9992223, '健軍校前'), (9992224, '動植物園入口'), (9992225, '健軍交番前'), (9992226, '健軍町')]","236.017,366.420,246.017,376.420","[{'station_cd': 9992201, 'x': 55, 'y': 65}, {'station_cd': 9992202, 'x': 55, 'y': 65}, {'station_cd': 9992203, 'x': 55, 'y': 64}, {'station_cd': 9992204, 'x': 56, 'y': 63}, {'station_cd': 9992205, 'x': 57, 'y': 62}, {'station_cd': 9992206, 'x': 58, 'y': 62}, {'station_cd': 9992207, 'x': 58, 'y': 61}, {'station_cd': 9992208, 'x': 59, 'y': 61}, {'station_cd': 9992209, 'x': 59, 'y': 60}, {'station_cd': 9992210, 'x': 59, 'y': 59}, {'station_cd': 9992211, 'x': 60, 'y': 59}, {'station_cd': 9992212, 'x': 61, 'y': 60}, {'station_cd': 9992213, 'x': 62, 'y': 61}, {'station_cd': 9992214, 'x': 63, 'y': 61}, {'station_cd': 9992215, 'x': 64, 'y': 62}, {'station_cd': 9992216, 'x': 65, 'y': 63}, {'station_cd': 9992217, 'x': 65, 'y': 64}, {'station_cd': 9992218, 'x': 66, 'y': 64}, {'station_cd': 9992219, 'x': 66, 'y': 65}, {'station_cd': 9992220, 'x': 68, 'y': 66}, {'station_cd': 9992221, 'x': 68, 'y': 67}, {'station_cd': 9992222, 'x': 69, 'y': 67}, {'station_cd': 9992223, 'x': 71, 'y': 68}, {'station_cd': 9992224, 'x': 72, 'y': 68}, {'station_cd': 9992225, 'x': 72, 'y': 69}, {'station_cd': 9992226, 'x': 73, 'y': 69}]"
99923,熊本市電Ｂ系統,"[(9992301, '上熊本'), (9992302, '県立体育館前'), (9992303, '本妙寺入口'), (9992304, '杉塘'), (9992305, '段山町'), (9992306, '蔚山町'), (9992307, '新町'), (9992308, '洗馬橋'), (9992309, '西辛島町'), (9992310, '辛島町'), (9992311, '花畑町'), (9992312, '熊本城・市役所前'), (9992313, '通町筋'), (9992314, '水道町'), (9992315, '九品寺交差点'), (9992316, '交通局前'), (9992317, '味噌天神前'), (9992318, '新水前寺駅前'), (9992319, '国府'), (9992320, '水前寺公園'), (9992321, '市立体育館前'), (9992322, '商業高校前'), (9992323, '八丁馬場'), (9992324, '神水交差点'), (9992325, '健軍校前'), (9992326, '動植物園入口'), (9992327, '健軍交番前'), (9992328, '健軍町')]","236.089,366.229,246.089,376.229","[{'station_cd': 9992301, 'x': 57, 'y': 57}, {'station_cd': 9992302, 'x': 57, 'y': 57}, {'station_cd': 9992303, 'x': 56, 'y': 58}, {'station_cd': 9992304, 'x': 56, 'y': 59}, {'station_cd': 9992305, 'x': 56, 'y': 60}, {'station_cd': 9992306, 'x': 56, 'y': 61}, {'station_cd': 9992307, 'x': 56, 'y': 63}, {'station_cd': 9992308, 'x': 56, 'y': 63}, {'station_cd': 9992309, 'x': 57, 'y': 63}, {'station_cd': 9992310, 'x': 58, 'y': 63}, {'station_cd': 9992311, 'x': 58, 'y': 62}, {'station_cd': 9992312, 'x': 59, 'y': 62}, {'station_cd': 9992313, 'x': 59, 'y': 62}, {'station_cd': 9992314, 'x': 60, 'y': 62}, {'station_cd': 9992315, 'x': 61, 'y': 63}, {'station_cd': 9992316, 'x': 62, 'y': 64}, {'station_cd': 9992317, 'x': 63, 'y': 65}, {'station_cd': 9992318, 'x': 64, 'y': 66}, {'station_cd': 9992319, 'x': 64, 'y': 66}, {'station_cd': 9992320, 'x': 65, 'y': 67}, {'station_cd': 9992321, 'x': 66, 'y': 67}, {'station_cd': 9992322, 'x': 67, 'y': 69}, {'station_cd': 9992323, 'x': 67, 'y': 69}, {'station_cd': 9992324, 'x': 68, 'y': 69}, {'station_cd': 9992325, 'x': 70, 'y': 70}, {'station_cd': 9992326, 'x': 71, 'y': 71}, {'station_cd': 9992327, 'x': 71, 'y': 71}, {'station_cd': 9992328, 'x': 72, 'y': 72}]"
99925,鹿児島市電１系統,"[(9992501, '鹿児島駅前'), (9992502, '桜島桟橋通'), (9992503, '水族館口'), (9992504, '市役所前'), (9992505, '朝日通'), (9992506, 'いづろ通'), (9992507, '天文館通'), (9992508, '高見馬場'), (9992509, '甲東中学校前'), (9992510, '新屋敷'), (9992511, '武之橋'), (9992512, '二中通'), (9992513, '荒田八幡'), (9992514, '騎射場'), (9992515, '鴨池'), (9992516, '郡元'), (9992525, '郡元南'), (9992517, '涙橋'), (9992518, '南鹿児島駅前'), (9992519, '二軒茶屋'), (9992520, '宇宿一丁目'), (9992521, '脇田'), (9992522, '笹貫'), (9992523, '上塩屋'), (9992524, '谷山')]","231.680,400.241,241.680,410.241","[{'station_cd': 9992501, 'x': 69, 'y': 52}, {'station_cd': 9992502, 'x': 69, 'y': 52}, {'station_cd': 9992503, 'x': 69, 'y': 52}, {'station_cd': 9992504, 'x': 68, 'y': 53}, {'station_cd': 9992505, 'x': 68, 'y': 54}, {'station_cd': 9992506, 'x': 68, 'y': 55}, {'station_cd': 9992507, 'x': 67, 'y': 55}, {'station_cd': 9992508, 'x': 66, 'y': 56}, {'station_cd': 9992509, 'x': 67, 'y': 57}, {'station_cd': 9992510, 'x': 67, 'y': 58}, {'station_cd': 9992511, 'x': 67, 'y': 59}, {'station_cd': 9992512, 'x': 67, 'y': 60}, {'station_cd': 9992513, 'x': 67, 'y': 61}, {'station_cd': 9992514, 'x': 66, 'y': 63}, {'station_cd': 9992515, 'x': 66, 'y': 65}, {'station_cd': 9992516, 'x': 66, 'y': 65}, {'station_cd': 9992525, 'x': 65, 'y': 65}, {'station_cd': 9992517, 'x': 65, 'y': 66}, {'station_cd': 9992518, 'x': 64, 'y': 68}, {'station_cd': 9992519, 'x': 63, 'y': 70}, {'station_cd': 9992520, 'x': 63, 'y': 71}, {'station_cd': 9992521, 'x': 62, 'y': 72}, {'station_cd': 9992522, 'x': 62, 'y': 73}, {'station_cd': 9992523, 'x': 60, 'y': 75}, {'station_cd': 9992524, 'x': 59, 'y': 76}]"
99926,鹿児島市電２系統,"[(9992601, '鹿児島駅前'), (9992602, '桜島桟橋通'), (9992603, '水族館口'), (9992604, '市役所前'), (9992605, '朝日通'), (9992606, 'いづろ通'), (9992607, '天文館通'), (9992608, '高見馬場'), (9992609, '加治屋町'), (9992610, '高見橋'), (9992611, '鹿児島中央駅前'), (9992612, '都通'), (9992613, '中洲通'), (9992614, '市立病院前'), (9992615, '神田（交通局前）'), (9992616, '唐湊'), (9992617, '工学部前'), (9992618, '純心学園前'), (9992619, '中郡'), (9992620, '郡元')]","231.861,399.802,241.861,409.802","[{'station_cd': 9992601, 'x': 67, 'y': 57}, {'station_cd': 9992602, 'x': 67, 'y': 58}, {'station_cd': 9992603, 'x': 66, 'y': 58}, {'station_cd': 9992604, 'x': 66, 'y': 59}, {'station_cd': 9992605, 'x': 66, 'y': 60}, {'station_cd': 9992606, 'x': 66, 'y': 61}, {'station_cd': 9992607, 'x': 65, 'y': 61}, {'station_cd': 9992608, 'x': 64, 'y': 62}, {'station_cd': 9992609, 'x': 63, 'y': 62}, {'station_cd': 9992610, 'x': 62, 'y': 62}, {'station_cd': 9992611, 'x': 62, 'y': 63}, {'station_cd': 9992612, 'x': 62, 'y': 64}, {'station_cd': 9992613, 'x': 62, 'y': 65}, {'station_cd': 9992614, 'x': 61, 'y': 66}, {'station_cd': 9992615, 'x': 61, 'y': 67}, {'station_cd': 9992616, 'x': 61, 'y': 68}, {'station_cd': 9992617, 'x': 61, 'y': 69}, {'station_cd': 9992618, 'x': 62, 'y': 69}, {'station_cd': 9992619, 'x': 62, 'y': 70}, {'station_cd': 9992620, 'x': 63, 'y': 71}]"
99927,ゆいレール,"[(9992701, '那覇空港'), (9992702, '赤嶺'), (9992703, '小禄'), (9992704, '奥武山公園'), (9992705, '壺川'), (9992706, '旭橋'), (9992707, '県庁前'), (9992708, '美栄橋'), (9992709, '牧志'), (9992710, '安里'), (9992711, 'おもろまち'), (9992712, '古島'), (9992713, '市立病院前'), (9992714, '儀保'), (9992715, '首里'), (9992716, '石嶺'), (9992717, '経塚'), (9992718, '浦添前田'), (9992719, 'てだこ浦西')]","171.671,545.124,181.671,555.124","[{'station_cd': 9992701, 'x': 52, 'y': 68}, {'station_cd': 9992702, 'x': 54, 'y': 72}, {'station_cd': 9992703, 'x': 56, 'y': 71}, {'station_cd': 9992704, 'x': 58, 'y': 70}, {'station_cd': 9992705, 'x': 59, 'y': 68}, {'station_cd': 9992706, 'x': 58, 'y': 66}, {'station_cd': 9992707, 'x': 59, 'y': 65}, {'station_cd': 9992708, 'x': 61, 'y': 64}, {'station_cd': 9992709, 'x': 63, 'y': 64}, {'station_cd': 9992710, 'x': 64, 'y': 65}, {'station_cd': 9992711, 'x': 64, 'y': 63}, {'station_cd': 9992712, 'x': 66, 'y': 60}, {'station_cd': 9992713, 'x': 67, 'y': 61}, {'station_cd': 9992714, 'x': 70, 'y': 62}, {'station_cd': 9992715, 'x': 71, 'y': 64}, {'station_cd': 9992716, 'x': 72, 'y': 61}, {'station_cd': 9992717, 'x': 72, 'y': 58}, {'station_cd': 9992718, 'x': 73, 'y': 56}, {'station_cd': 9992719, 'x': 76, 'y': 57}]"
99928,門司港レトロ観光線,"[(9992801, '九州鉄道記念館'), (9992802, '出光美術館'), (9992803, 'ノーフォーク広場'), (9992804, '関門海峡めかり')]","241.478,334.443,251.478,344.443","[{'station_cd': 9992801, 'x': 63, 'y': 67}, {'station_cd': 9992802, 'x': 64, 'y': 66}, {'station_cd': 9992803, 'x': 64, 'y': 63}, {'station_cd': 9992804, 'x': 65, 'y': 61}]"
